method,window,fold_id,origins,positives,positive_rate,roc_auc,pr_auc,brier,cutoff,alarm_rate,sensitivity,false_alarms_per_district_year,events,events_detected,median_lead_weeks
chronos2_joint,4,1,52,31,0.5961538461538461,0.5637480798771122,0.7169852991870757,0.3697401928531863,0.242340135417757,0.36538461538461536,0.41935483870967744,0.24,11,5,4.0
chronos2_joint,4,2,772,146,0.18911917098445596,0.7877751761565057,0.5418228449844619,0.129518329733719,0.40987755274691134,0.03238341968911917,0.1506849315068493,0.12,43,13,2.0
chronos2_joint,4,3,698,135,0.19340974212034384,0.7860930201960398,0.5173506398286595,0.14445691326190246,0.2748254021789512,0.03724928366762178,0.14074074074074075,0.28,39,11,2.0
chronos2_joint,4,4,993,12,0.012084592145015106,0.9960924226979273,0.6313516082823862,0.008201821054803776,0.20177206004238518,0.015105740181268883,0.75,0.24,3,3,3.0
chronos2_joint,4,5,1200,22,0.018333333333333333,0.7670551010958482,0.1636272316510205,0.017072591678289985,0.062109805883521364,0.055,0.5909090909090909,2.12,6,5,3.0
chronos2_joint,4,6,1028,93,0.09046692607003891,0.8290265079638893,0.37807058487633727,0.06909045825096943,0.04803653804070035,0.5729571984435797,0.946236559139785,20.04,29,28,4.0
chronos2_joint,4,7,738,168,0.22764227642276422,0.7787646198830409,0.5382928251982525,0.1568679403271581,0.2217273227357623,0.15176151761517614,0.4107142857142857,1.72,51,32,2.0
chronos2_joint,4,8,937,55,0.05869797225186766,0.7412698412698413,0.20694304300489316,0.053210425417838075,0.2901430962308165,0.02774813233724653,0.12727272727272726,0.76,16,3,2.0
chronos2_joint,4,9,1040,92,0.08846153846153847,0.7763598422307834,0.2648571967485599,0.07312676567421145,0.19210071749525126,0.10865384615384616,0.34782608695652173,3.24,26,12,4.0
chronos2_joint,4,10,200,50,0.25,0.6352666666666666,0.34023838389421723,0.21457914809413836,0.19959296057602394,0.06,0.06,0.36,21,3,1.0
chronos2_joint,8,1,46,39,0.8478260869565217,0.5970695970695971,0.9228974352239265,0.44001429653201585,0.2927531444847554,0.4782608695652174,0.5128205128205128,0.08,11,5,6.0
chronos2_joint,8,2,699,234,0.33476394849785407,0.6969350243543792,0.5909266650710325,0.22238679798264324,0.5405942158540324,0.01859799713876967,0.04700854700854701,0.08,42,5,4.0
chronos2_joint,8,3,694,244,0.3515850144092219,0.7326821493624772,0.6360266980023956,0.24705543981876682,0.33927945455912856,0.06628242074927954,0.1557377049180328,0.32,39,13,5.0
chronos2_joint,8,4,895,22,0.024581005586592177,0.9623555139019057,0.6682608701252217,0.016989614981195,0.2795664487628778,0.0111731843575419,0.4090909090909091,0.04,3,3,2.0
chronos2_joint,8,5,1108,30,0.02707581227436823,0.6778602350030921,0.05899780971397202,0.026518446697821583,0.08946551159081073,0.04783393501805054,0.2,1.88,6,2,5.5
chronos2_joint,8,6,947,148,0.1562829989440338,0.8154196123532794,0.5068698455595662,0.10635265774034526,0.06655931596233734,0.6071805702217529,0.8918918918918919,17.72,31,30,8.0
chronos2_joint,8,7,691,262,0.3791606367583213,0.8132084200786491,0.6890939473274492,0.23593087845451138,0.30869489709294556,0.14037626628075253,0.2824427480916031,0.92,49,29,5.0
chronos2_joint,8,8,847,93,0.10979929161747344,0.6433216394284248,0.20353770252033992,0.10246337460844669,0.36320580628368937,0.07674144037780402,0.17204301075268819,1.96,17,3,8.0
chronos2_joint,8,9,948,146,0.1540084388185654,0.747057869026065,0.38284944140199373,0.11594469496628543,0.32497548512714897,0.0770042194092827,0.2534246575342466,1.44,26,7,6.0
chronos2_joint,8,10,146,57,0.3904109589041096,0.5614035087719298,0.4555846762199286,0.33122454374451615,0.2834077475764419,0.0136986301369863,0.03508771929824561,0.0,20,2,4.5
chronos2_joint_ft,4,1,52,31,0.5961538461538461,0.6098310291858678,0.7545238669535386,0.356224791907037,0.24556709452761605,0.4230769230769231,0.4838709677419355,0.28,11,5,4.0
chronos2_joint_ft,4,2,772,146,0.18911917098445596,0.8141822399229726,0.5845292134374745,0.12418656543781938,0.43457088988113635,0.02849740932642487,0.1232876712328767,0.16,43,12,2.0
chronos2_joint_ft,4,3,698,135,0.19340974212034384,0.7990921649891455,0.533079543821814,0.13812095902920407,0.2973615416659837,0.06303724928366762,0.2,0.68,39,15,2.0
chronos2_joint_ft,4,4,993,12,0.012084592145015106,0.9962623173632348,0.6765820984570984,0.00811972112211381,0.2249385236770154,0.01812688821752266,0.9166666666666666,0.28,3,3,4.0
chronos2_joint_ft,4,5,1200,22,0.018333333333333333,0.849687451767248,0.1930146841619834,0.016935888486453915,0.07590143672344085,0.0875,0.5454545454545454,3.72,6,5,2.0
chronos2_joint_ft,4,6,1028,93,0.09046692607003891,0.8268989707319878,0.3820489333699082,0.06899487803303234,0.07136478578812992,0.5029182879377432,0.9247311827956989,17.24,29,28,4.0
chronos2_joint_ft,4,7,738,168,0.22764227642276422,0.7747859231411863,0.5388644512456171,0.1542728832337107,0.2524383310831579,0.13685636856368563,0.39285714285714285,1.4,51,32,2.0
chronos2_joint_ft,4,8,937,55,0.05869797225186766,0.7605236033807462,0.23413116370523182,0.05190554919196215,0.3057288706534829,0.0192102454642476,0.10909090909090909,0.48,16,3,4.0
chronos2_joint_ft,4,9,1040,92,0.08846153846153847,0.7845808108603926,0.28577610661605046,0.07217335550003792,0.1866884617613342,0.12692307692307692,0.3695652173913043,3.92,26,14,4.0
chronos2_joint_ft,4,10,200,50,0.25,0.6433333333333333,0.35934507000199384,0.21012202574729535,0.21595262099852738,0.065,0.08,0.36,21,4,1.0
chronos2_joint_ft,8,1,46,39,0.8478260869565217,0.6043956043956044,0.9208133725735999,0.4313409249874464,0.3092908989211728,0.4782608695652174,0.5128205128205128,0.08,11,4,6.5
chronos2_joint_ft,8,2,699,234,0.33476394849785407,0.7333195478356769,0.6352291794245288,0.20684909723688608,0.5399498359001567,0.02145922746781116,0.0641025641025641,0.0,42,8,5.0
chronos2_joint_ft,8,3,694,244,0.3515850144092219,0.757568306010929,0.676649145076386,0.22341828439620814,0.3883138630557159,0.07780979827089338,0.19262295081967212,0.28,39,17,4.0
chronos2_joint_ft,8,4,895,22,0.024581005586592177,0.9581380818494221,0.6796147330658897,0.01823600246519891,0.3676095037608702,0.01005586592178771,0.36363636363636365,0.04,3,3,4.0
chronos2_joint_ft,8,5,1108,30,0.02707581227436823,0.765074211502783,0.08852932853045553,0.026844811988573854,0.13375542868285617,0.06678700361010831,0.3,2.6,6,4,4.5
chronos2_joint_ft,8,6,947,148,0.1562829989440338,0.815081351689612,0.519670536668559,0.10406946956050261,0.10046143194146362,0.4635691657866948,0.8445945945945946,12.56,31,29,8.0
chronos2_joint_ft,8,7,691,262,0.3791606367583213,0.8137956191391306,0.6877686193161574,0.2234136357593525,0.3690164043710659,0.1287988422575977,0.2633587786259542,0.8,49,29,5.0
chronos2_joint_ft,8,8,847,93,0.10979929161747344,0.6633866689484043,0.23998809589528583,0.09536697501758797,0.4031521548268324,0.03423848878394333,0.10752688172043011,0.76,17,3,6.0
chronos2_joint_ft,8,9,948,146,0.1540084388185654,0.7618283059474601,0.3788516853900964,0.11430526788226991,0.26910867150144135,0.11392405063291139,0.3219178082191781,2.44,26,10,6.0
chronos2_joint_ft,8,10,146,57,0.3904109589041096,0.566528681253696,0.4590368860766204,0.32381626206350517,0.2929721543121309,0.02054794520547945,0.017543859649122806,0.08,20,1,8.0
climatology_rate,4,1,52,31,0.5961538461538461,0.5913978494623656,0.7927383360479077,0.44407197773501894,0.2198513963540383,0.19230769230769232,0.3225806451612903,0.0,11,5,2.0
climatology_rate,4,2,772,146,0.18911917098445596,0.6444921003107357,0.3403998669684414,0.16302949403062122,0.2698499650670126,0.01683937823834197,0.06164383561643835,0.16,43,4,2.5
climatology_rate,4,3,698,135,0.19340974212034384,0.6827840273666206,0.3333791488507448,0.16535826179881402,0.12799627953921708,0.1303724928366762,0.24444444444444444,2.32,39,15,3.0
climatology_rate,4,4,993,12,0.012084592145015106,0.914797825348284,0.11959355092586209,0.014689164948817798,0.13784902942649888,0.07049345417925479,0.5,2.56,3,2,3.0
climatology_rate,4,5,1200,22,0.018333333333333333,0.7421477079796265,0.03624900709384061,0.02197371586222308,0.12252827308679665,0.11916666666666667,0.13636363636363635,5.6,6,1,3.0
climatology_rate,4,6,1028,93,0.09046692607003891,0.6952044160772813,0.2020026633369352,0.07908592454772545,0.12748359052379923,0.10214007782101167,0.26881720430107525,3.2,29,10,3.5
climatology_rate,4,7,738,168,0.22764227642276422,0.695906432748538,0.3782147019628615,0.19752672526193407,0.12928308940735356,0.07588075880758807,0.14285714285714285,1.28,51,11,3.0
climatology_rate,4,8,937,55,0.05869797225186766,0.7146980004122861,0.21293313957313653,0.05232092092177756,0.11919388468531915,0.14941302027748132,0.43636363636363634,4.64,16,8,3.5
climatology_rate,4,9,1040,92,0.08846153846153847,0.6190779214822968,0.1341588787235818,0.08060668852868975,0.1353189425305024,0.06442307692307692,0.14130434782608695,2.16,26,5,4.0
climatology_rate,4,10,200,50,0.25,0.5586666666666666,0.2911751739550084,0.2272727602126756,0.12194213381581083,0.06,0.02,0.44,21,1,1.0
climatology_rate,8,1,46,39,0.8478260869565217,0.5677655677655677,0.9179624571919156,0.50365320742033,0.37366310160427807,0.1956521739130435,0.23076923076923078,0.0,11,3,5.0
climatology_rate,8,2,699,234,0.33476394849785407,0.6297261281132249,0.49175939391644186,0.25971925403046686,0.4489109967825855,0.015736766809728183,0.042735042735042736,0.04,42,3,6.0
climatology_rate,8,3,694,244,0.3515850144092219,0.6983333333333334,0.5461408234082121,0.26447725067537586,0.21839838662431896,0.11671469740634005,0.19262295081967212,1.36,39,15,5.0
climatology_rate,8,4,895,22,0.024581005586592177,0.9162761636988441,0.1754942536797358,0.031550395025030216,0.2272989199070055,0.07262569832402235,0.5454545454545454,2.12,3,2,6.5
climatology_rate,8,5,1108,30,0.02707581227436823,0.680534941249227,0.04111373837981762,0.038605661369746094,0.2070911302781146,0.10288808664259928,0.1,4.44,6,1,6.0
climatology_rate,8,6,947,148,0.1562829989440338,0.7330489124919664,0.32821272577352345,0.12236108124350643,0.20793048489033666,0.10876451953537487,0.22972972972972974,2.76,31,10,5.0
climatology_rate,8,7,691,262,0.3791606367583213,0.7122680118863325,0.5793411442884577,0.2941185208668179,0.2121675308536174,0.08393632416787265,0.14885496183206107,0.76,49,11,5.0
climatology_rate,8,8,847,93,0.10979929161747344,0.6560779783805368,0.2384756916544376,0.09374992473358235,0.19874365143009892,0.1487603305785124,0.26881720430107525,4.04,17,7,7.0
climatology_rate,8,9,948,146,0.1540084388185654,0.6574531137908654,0.32053960460313236,0.1254985020405953,0.2172945205479452,0.08438818565400844,0.1780821917808219,2.16,26,7,6.0
climatology_rate,8,10,146,57,0.3904109589041096,0.4499310072935147,0.36924980471874436,0.3399699635726714,0.207507341973378,0.0684931506849315,0.07017543859649122,0.24,20,3,3.0
gru_v2,4,1,52,31,0.5961538461538461,0.65284178187404,0.7315584359153986,,0.6532830791072444,0.25,0.2903225806451613,0.16,11,3,4.0
gru_v2,4,2,772,146,0.18911917098445596,0.769705457569259,0.4932465538011602,,0.9016765181205885,0.042746113989637305,0.14383561643835616,0.48,43,17,2.0
gru_v2,4,3,698,135,0.19340974212034384,0.7389776988356029,0.5020806791457643,,0.7671233056605548,0.050143266475644696,0.21481481481481482,0.24,39,14,2.5
gru_v2,4,4,993,12,0.012084592145015106,0.9856439007815154,0.6259754572557971,,0.6699116976401321,0.019133937562940583,0.75,0.4,3,3,3.0
gru_v2,4,5,1200,22,0.018333333333333333,0.8063358542985029,0.20498809837508858,,0.3368037706358821,0.051666666666666666,0.36363636363636365,2.16,6,5,2.0
gru_v2,4,6,1028,93,0.09046692607003891,0.8314300500258754,0.35798116276815983,,0.2584453783662919,0.585603112840467,0.9247311827956989,20.64,29,26,4.0
gru_v2,4,7,738,168,0.22764227642276422,0.7178989139515455,0.5040291197471046,,0.6301287116790687,0.2032520325203252,0.49404761904761907,2.68,51,40,3.0
gru_v2,4,8,937,55,0.05869797225186766,0.7584415584415585,0.18825363051865035,,0.7595143304273979,0.07790821771611527,0.2909090909090909,2.28,16,8,3.0
gru_v2,4,9,1040,92,0.08846153846153847,0.778412217941662,0.28740438660931666,,0.6979843315520844,0.10576923076923077,0.30434782608695654,3.28,26,12,4.0
gru_v2,4,10,200,50,0.25,0.6162666666666666,0.44491253567932376,,0.7059270075389317,0.095,0.24,0.28,21,7,1.0
gru_v2,8,1,46,39,0.8478260869565217,0.6373626373626373,0.9109374438842159,,0.7023039287990993,0.32608695652173914,0.3333333333333333,0.08,11,3,7.0
gru_v2,8,2,699,234,0.33476394849785407,0.7080231596360629,0.5762363694934659,,0.9123828525687023,0.09871244635193133,0.2222222222222222,0.68,42,25,5.0
gru_v2,8,3,694,244,0.3515850144092219,0.7224408014571949,0.6412712999659812,,0.9102394873635811,0.0446685878962536,0.11885245901639344,0.08,39,12,4.0
gru_v2,8,4,895,22,0.024581005586592177,0.8555139019056545,0.40194767340895465,,0.7586502806275189,0.013407821229050279,0.2727272727272727,0.24,3,3,3.0
gru_v2,8,5,1108,30,0.02707581227436823,0.7272418058132344,0.12028967296719517,,0.41036522413449716,0.032490974729241874,0.2,1.2,6,3,5.0
gru_v2,8,6,947,148,0.1562829989440338,0.8169502418563745,0.4686437940526417,,0.27291251912612724,0.6050686378035903,0.9256756756756757,17.44,31,29,8.0
gru_v2,8,7,691,262,0.3791606367583213,0.7279222050214417,0.6572301737488923,,0.7164889952890058,0.19971056439942114,0.38549618320610685,1.48,49,36,4.5
gru_v2,8,8,847,93,0.10979929161747344,0.7008499472348193,0.2900214789314325,,0.8973069068713065,0.06493506493506493,0.22580645161290322,1.36,17,10,6.5
gru_v2,8,9,948,146,0.1540084388185654,0.7430311208280668,0.3054882842996093,,0.8015413046927375,0.08860759493670886,0.17123287671232876,2.36,26,9,5.0
gru_v2,8,10,146,57,0.3904109589041096,0.5371575004928051,0.5454288995175677,,0.7752892373263727,0.06164383561643835,0.14035087719298245,0.04,20,6,3.0
gru_v2_quantile_lw,4,1,52,31,0.5961538461538461,0.6075268817204301,0.7131447290501489,0.35934532892072557,0.2762523279209482,0.38461538461538464,0.41935483870967744,0.28,11,6,4.0
gru_v2_quantile_lw,4,2,772,146,0.18911917098445596,0.8060746640990853,0.5204899661090256,0.12099231202549254,0.4841789337347552,0.07383419689119171,0.2465753424657534,0.84,43,21,2.0
gru_v2_quantile_lw,4,3,698,135,0.19340974212034384,0.7896980461811723,0.5328376382440785,0.1329837309258755,0.43197804408224,0.04011461318051576,0.16296296296296298,0.24,39,12,2.0
gru_v2_quantile_lw,4,4,993,12,0.012084592145015106,0.9897213727488957,0.6311129434291199,0.00865861968584887,0.25981019903327457,0.016112789526686808,0.6666666666666666,0.32,3,3,3.0
gru_v2_quantile_lw,4,5,1200,22,0.018333333333333333,0.7747723414107115,0.23778039402421103,0.016508002056375363,0.07753256883278146,0.08833333333333333,0.45454545454545453,3.84,6,5,3.0
gru_v2_quantile_lw,4,6,1028,93,0.09046692607003891,0.839330688287045,0.33356327661440055,0.0706734415948367,0.06991438896908415,0.4669260700389105,0.9139784946236559,15.8,29,27,4.0
gru_v2_quantile_lw,4,7,738,168,0.22764227642276422,0.7173924394319131,0.5240970780786068,0.15575471647242065,0.2843771207828174,0.13008130081300814,0.38095238095238093,1.28,51,33,2.0
gru_v2_quantile_lw,4,8,937,55,0.05869797225186766,0.7792207792207793,0.21086868930765654,0.054117101854448936,0.332607801546929,0.05656350053361793,0.2909090909090909,1.48,16,9,3.0
gru_v2_quantile_lw,4,9,1040,92,0.08846153846153847,0.7809576224545954,0.27325952253562286,0.07437691040841168,0.24364198714354587,0.14038461538461539,0.40217391304347827,4.36,26,16,4.0
gru_v2_quantile_lw,4,10,200,50,0.25,0.6779333333333334,0.505079699142835,0.1878127736799226,0.298688327997478,0.06,0.18,0.12,21,6,3.5
gru_v2_quantile_lw,8,1,46,39,0.8478260869565217,0.5238095238095238,0.8913313595845169,0.45881870389375307,0.37401207603889,0.34782608695652173,0.3333333333333333,0.12,11,4,6.5
gru_v2_quantile_lw,8,2,699,234,0.33476394849785407,0.7567870600128664,0.6507973701058081,0.19274839174957656,0.5612631426893977,0.0357653791130186,0.08974358974358974,0.16,42,12,3.5
gru_v2_quantile_lw,8,3,694,244,0.3515850144092219,0.7350591985428051,0.6570549317029359,0.20938676976245618,0.47318800912137726,0.08213256484149856,0.19672131147540983,0.36,39,16,6.0
gru_v2_quantile_lw,8,4,895,22,0.024581005586592177,0.8601478704571488,0.479477434349243,0.020850575526986905,0.43107479887767486,0.01899441340782123,0.36363636363636365,0.36,3,3,4.0
gru_v2_quantile_lw,8,5,1108,30,0.02707581227436823,0.7341682127396413,0.14755267257447363,0.02559466848914441,0.15997566640170235,0.0351985559566787,0.16666666666666666,1.36,6,3,5.0
gru_v2_quantile_lw,8,6,947,148,0.1562829989440338,0.8257703886615025,0.46235115464235765,0.10521169457330252,0.08802728577529532,0.46884899683210135,0.8783783783783784,12.56,31,30,7.5
gru_v2_quantile_lw,8,7,691,262,0.3791606367583213,0.6779257638036263,0.6214323500895239,0.23199508078695183,0.35259426841003416,0.2098408104196816,0.366412213740458,1.96,49,36,4.5
gru_v2_quantile_lw,8,8,847,93,0.10979929161747344,0.7105473317931605,0.28199154019323197,0.09629149683442303,0.4735330385396616,0.04132231404958678,0.17204301075268819,0.76,17,9,6.0
gru_v2_quantile_lw,8,9,948,146,0.1540084388185654,0.7341748368804017,0.3176921163609428,0.12132501592515242,0.35678427327454226,0.1308016877637131,0.3082191780821918,3.16,26,14,7.5
gru_v2_quantile_lw,8,10,146,57,0.3904109589041096,0.6215257244234181,0.6086341504697628,0.28988639147514417,0.40238338401301943,0.0410958904109589,0.10526315789473684,0.0,20,5,3.0
lgbm_v2,4,1,52,31,0.5961538461538461,0.7204301075268817,0.7488066435465667,,0.6229844203701727,0.17307692307692307,0.22580645161290322,0.08,11,5,2.0
lgbm_v2,4,2,772,146,0.18911917098445596,0.7268808262943673,0.4181337028458499,,0.6461105094828421,0.1411917098445596,0.3972602739726027,2.04,43,30,2.5
lgbm_v2,4,3,698,135,0.19340974212034384,0.7663574764818104,0.5193418950209799,,0.7087327691822629,0.07736389684813753,0.25925925925925924,0.76,39,16,2.5
lgbm_v2,4,4,993,12,0.012084592145015106,0.994138634046891,0.7196379940865235,,0.6746485413807338,0.014098690835850957,0.5833333333333334,0.28,3,3,2.0
lgbm_v2,4,5,1200,22,0.018333333333333333,0.7553634820188301,0.10668792843524892,,0.31888783271335086,0.0775,0.45454545454545453,3.32,6,6,2.0
lgbm_v2,4,6,1028,93,0.09046692607003891,0.8178023115404519,0.34325926151993164,,0.28813694044639254,0.5758754863813229,0.9032258064516129,20.32,29,26,4.0
lgbm_v2,4,7,738,168,0.22764227642276422,0.6669277360066834,0.4429466050501608,,0.6613668186789412,0.17615176151761516,0.39285714285714285,2.56,51,35,2.0
lgbm_v2,4,8,937,55,0.05869797225186766,0.7371675943104514,0.15559488942412789,,0.7625764167638652,0.032017075773746,0.10909090909090909,0.96,16,5,3.0
lgbm_v2,4,9,1040,92,0.08846153846153847,0.7655017427994864,0.2245124313774098,,0.6428762200632296,0.1326923076923077,0.3695652173913043,4.16,26,15,4.0
lgbm_v2,4,10,200,50,0.25,0.5905333333333334,0.4303912088860844,,0.6791694545097091,0.125,0.28,0.44,21,9,2.0
lgbm_v2,8,1,46,39,0.8478260869565217,0.9304029304029304,0.988160229473499,,0.7332101477517021,0.0,0.0,0.0,11,0,
lgbm_v2,8,2,699,234,0.33476394849785407,0.6448212480470545,0.49654651840764974,,0.6421112144831718,0.1430615164520744,0.2606837606837607,1.56,42,27,4.0
lgbm_v2,8,3,694,244,0.3515850144092219,0.7192805100182149,0.6526733948162713,,0.7121934842966281,0.12247838616714697,0.2827868852459016,0.64,39,21,4.0
lgbm_v2,8,4,895,22,0.024581005586592177,0.9099239820889305,0.5161687292401013,,0.734904913299183,0.0111731843575419,0.36363636363636365,0.08,3,3,4.0
lgbm_v2,8,5,1108,30,0.02707581227436823,0.6826530612244898,0.0760835380462588,,0.3554062382965301,0.06859205776173286,0.26666666666666666,2.72,6,3,5.0
lgbm_v2,8,6,947,148,0.1562829989440338,0.8065318134154179,0.5099559717929453,,0.29944131622294884,0.5934530095036958,0.8986486486486487,17.16,31,30,8.0
lgbm_v2,8,7,691,262,0.3791606367583213,0.700768696951903,0.6091865172268226,,0.7644280364267515,0.1808972503617945,0.3473282442748092,1.36,49,35,4.0
lgbm_v2,8,8,847,93,0.10979929161747344,0.6789452668206839,0.21876359405690687,,0.9225872762842116,0.020070838252656435,0.053763440860215055,0.48,17,4,4.0
lgbm_v2,8,9,948,146,0.1540084388185654,0.7289567177945547,0.3087183538708743,,0.6752134507652219,0.14240506329113925,0.2945205479452055,3.68,26,14,6.0
lgbm_v2,8,10,146,57,0.3904109589041096,0.511925882121033,0.48190400038039044,,0.7384118642562478,0.0958904109589041,0.17543859649122806,0.16,20,9,4.0
nb_shared_v2,4,1,52,31,0.5961538461538461,0.5944700460829493,0.7329325639772364,0.3788837113434519,0.369881145603145,0.17307692307692307,0.22580645161290322,0.08,11,3,4.0
nb_shared_v2,4,2,772,146,0.18911917098445596,0.7450873123550265,0.42460547830718165,0.13409572576973225,0.4394632254810814,0.034974093264248704,0.1095890410958904,0.44,43,14,1.5
nb_shared_v2,4,3,698,135,0.19340974212034384,0.7693309650680876,0.49979203065909117,0.1323518710216337,0.37784507731021194,0.08882521489971347,0.2740740740740741,1.0,39,16,3.0
nb_shared_v2,4,4,993,12,0.012084592145015106,0.9929493713897384,0.6757814778418447,0.00831947846189006,0.3597062196378054,0.008056394763343404,0.5,0.08,3,3,2.0
nb_shared_v2,4,5,1200,22,0.018333333333333333,0.794914338632505,0.1555619217230626,0.01687450690509149,0.07853660095317405,0.030833333333333334,0.3181818181818182,1.2,6,5,2.0
nb_shared_v2,4,6,1028,93,0.09046692607003891,0.8428727502731298,0.3326721645307595,0.0701250310275574,0.020345578168965643,0.5933852140077821,0.956989247311828,20.84,29,28,4.0
nb_shared_v2,4,7,738,168,0.22764227642276422,0.7529030910609859,0.5293721815739459,0.14835965659401637,0.2726157686516508,0.20596205962059622,0.5178571428571429,2.6,51,38,3.0
nb_shared_v2,4,8,937,55,0.05869797225186766,0.7873222016079159,0.279157807675793,0.0558269182554922,0.39967602772803834,0.05869797225186766,0.34545454545454546,1.44,16,7,4.0
nb_shared_v2,4,9,1040,92,0.08846153846153847,0.7753164556962026,0.3008663166660266,0.0741639218630514,0.30937485211552945,0.08461538461538462,0.30434782608695654,2.4,26,11,4.0
nb_shared_v2,4,10,200,50,0.25,0.6562666666666667,0.45641673871634464,0.20083817578949684,0.2947286208959544,0.05,0.1,0.2,21,3,3.0
nb_shared_v2,8,1,46,39,0.8478260869565217,0.5054945054945055,0.8933914330279525,0.5001072287737993,0.520936371190186,0.10869565217391304,0.1282051282051282,0.0,11,1,5.0
nb_shared_v2,8,2,699,234,0.33476394849785407,0.6829151732377539,0.5375407786688673,0.2140355626218063,0.5354500019246865,0.0,0.0,0.0,42,0,
nb_shared_v2,8,3,694,244,0.3515850144092219,0.732695810564663,0.6398828398447609,0.21215585203127535,0.3967849080687561,0.16714697406340057,0.3442622950819672,1.28,39,20,5.0
nb_shared_v2,8,4,895,22,0.024581005586592177,0.8483286472977195,0.4458436166808557,0.022827544348648168,0.5019514911479364,0.0022346368715083797,0.09090909090909091,0.0,3,2,2.0
nb_shared_v2,8,5,1108,30,0.02707581227436823,0.7663574520717378,0.12971482072896423,0.025526658424917217,0.1687136438826197,0.011732851985559567,0.03333333333333333,0.48,6,1,4.0
nb_shared_v2,8,6,947,148,0.1562829989440338,0.841355748739979,0.46378118619735964,0.10320482937884846,0.035864520244074743,0.6272439281942978,0.9594594594594594,18.08,31,31,8.0
nb_shared_v2,8,7,691,262,0.3791606367583213,0.7943112866776989,0.7020443436932288,0.2090865394928109,0.3931872651464029,0.17800289435600578,0.37404580152671757,1.0,49,34,4.0
nb_shared_v2,8,8,847,93,0.10979929161747344,0.7233535837540287,0.31083798301674664,0.09891472263249278,0.5170001884155905,0.05430932703659976,0.21505376344086022,1.04,17,8,6.5
nb_shared_v2,8,9,948,146,0.1540084388185654,0.7309124449151095,0.3325685509745896,0.1215993948619942,0.43142519094495657,0.04852320675105485,0.1232876712328767,1.12,26,6,4.5
nb_shared_v2,8,10,146,57,0.3904109589041096,0.6150206978119456,0.5673558741780917,0.3124111321881445,0.34322949921093326,0.0410958904109589,0.07017543859649122,0.08,20,3,8.0
onset_lgbm,4,1,52,31,0.5961538461538461,0.663594470046083,0.7941826634865587,0.31496048224595413,0.4831300105012968,0.11538461538461539,0.1935483870967742,0.0,11,3,3.0
onset_lgbm,4,2,772,146,0.18911917098445596,0.8213597969276555,0.5212769145123047,0.12332420362418921,0.5403863501851696,0.03238341968911917,0.1232876712328767,0.28,43,9,2.0
onset_lgbm,4,3,698,135,0.19340974212034384,0.7968554700348661,0.5406887929441794,0.12414301167713487,0.3678003708134992,0.10888252148997135,0.34074074074074073,1.2,39,24,2.0
onset_lgbm,4,4,993,12,0.012084592145015106,0.9920998980632009,0.6494334125913074,0.00721215027386904,0.3926904833613213,0.010070493454179255,0.5833333333333334,0.12,3,2,3.5
onset_lgbm,4,5,1200,22,0.018333333333333333,0.8204198178731286,0.10215608921143593,0.01770585595321912,0.046001410346644483,0.0625,0.36363636363636365,2.68,6,5,2.0
onset_lgbm,4,6,1028,93,0.09046692607003891,0.8301650278879881,0.3469102338036019,0.07382803341138407,0.027351757829779118,0.7091439688715954,0.946236559139785,25.64,29,28,4.0
onset_lgbm,4,7,738,168,0.22764227642276422,0.6517857142857143,0.38586518847829426,0.16758416065811535,0.40508694096301806,0.1016260162601626,0.2261904761904762,1.48,51,21,2.0
onset_lgbm,4,8,937,55,0.05869797225186766,0.8233353947639662,0.31504187639372383,0.049407963862978015,0.4088143305001742,0.044823906083244394,0.34545454545454546,0.92,16,8,3.5
onset_lgbm,4,9,1040,92,0.08846153846153847,0.7277105118326912,0.2505228440446543,0.08322337411641087,0.26142520069507125,0.16826923076923078,0.391304347826087,5.56,26,14,4.0
onset_lgbm,4,10,200,50,0.25,0.5868,0.42430780494444315,0.19537206813422345,0.37035975796709786,0.03,0.1,0.04,21,2,3.0
onset_lgbm,8,1,46,39,0.8478260869565217,0.6959706959706959,0.9418521950830565,0.32435770591927826,0.3648119835736524,0.5652173913043478,0.6410256410256411,0.04,11,10,3.0
onset_lgbm,8,2,699,234,0.33476394849785407,0.758202371105597,0.6730277409640393,0.19431954181181876,0.6326502172105093,0.05436337625178827,0.15384615384615385,0.08,42,14,5.0
onset_lgbm,8,3,694,244,0.3515850144092219,0.7638433515482695,0.6770951170442137,0.19279722763130883,0.5125365728087303,0.11815561959654179,0.2786885245901639,0.56,39,25,3.0
onset_lgbm,8,4,895,22,0.024581005586592177,0.9299698011038218,0.44415284373523134,0.02363109698428685,0.553417602450385,0.021229050279329607,0.36363636363636365,0.44,3,2,5.5
onset_lgbm,8,5,1108,30,0.02707581227436823,0.7417748917748918,0.07720784260098594,0.02742695402653497,0.18743148216021133,0.018050541516245487,0.06666666666666667,0.72,6,2,4.5
onset_lgbm,8,6,947,148,0.1562829989440338,0.8112420931569868,0.48209983275914103,0.12371549701284389,0.039795958300198275,0.7465681098204857,0.9662162162162162,22.56,31,31,8.0
onset_lgbm,8,7,691,262,0.3791606367583213,0.6512304489403726,0.5264409621587347,0.23162507662540802,0.6945024032221226,0.08104196816208394,0.12595419847328243,0.92,49,16,3.5
onset_lgbm,8,8,847,93,0.10979929161747344,0.7847608453837598,0.354619397743085,0.09095805188008062,0.6703612697024858,0.02715466351829988,0.12903225806451613,0.44,17,9,4.0
onset_lgbm,8,9,948,146,0.1540084388185654,0.6931515389608172,0.26475523383970967,0.12408611669406872,0.4702663463500396,0.0,0.0,0.0,26,0,
onset_lgbm,8,10,146,57,0.3904109589041096,0.5140942243248571,0.5089297174630116,0.27373151299656656,0.264075355627183,0.21232876712328766,0.3157894736842105,0.52,20,13,3.0
onset_lgbm_noclimate,4,1,52,31,0.5961538461538461,0.6482334869431644,0.7920569283687013,0.3427385965315556,0.40912591822809447,0.17307692307692307,0.2903225806451613,0.0,11,5,4.0
onset_lgbm_noclimate,4,2,772,146,0.18911917098445596,0.7659306753030767,0.4418546347496274,0.13933016252472807,0.5237789867605939,0.0,0.0,0.0,43,0,
onset_lgbm_noclimate,4,3,698,135,0.19340974212034384,0.7316229195447668,0.4193545330720371,0.14069296484068003,0.26980596318115035,0.17335243553008595,0.362962962962963,2.88,39,29,2.0
onset_lgbm_noclimate,4,4,993,12,0.012084592145015106,0.9921848453958546,0.5839127007295888,0.008019218144621242,0.36122945728068956,0.007049345417925478,0.4166666666666667,0.08,3,2,3.0
onset_lgbm_noclimate,4,5,1200,22,0.018333333333333333,0.8372434017595308,0.09345698586303351,0.018355038012498923,0.05878444141714624,0.0625,0.36363636363636365,2.68,6,4,2.0
onset_lgbm_noclimate,4,6,1028,93,0.09046692607003891,0.8071761255821976,0.33207383375623056,0.07730150369508818,0.03333006540099646,0.6507782101167315,0.9354838709677419,23.28,29,28,4.0
onset_lgbm_noclimate,4,7,738,168,0.22764227642276422,0.6033521303258146,0.38838427769483724,0.17163436196499554,0.40791712956548426,0.0948509485094851,0.2261904761904762,1.28,51,23,2.0
onset_lgbm_noclimate,4,8,937,55,0.05869797225186766,0.8206761492475778,0.22769759262823275,0.05114352899408229,0.4049389744661104,0.0064034151547491995,0.01818181818181818,0.2,16,1,2.0
onset_lgbm_noclimate,4,9,1040,92,0.08846153846153847,0.7724729407448174,0.247649476953194,0.0758540040972113,0.2217756771222685,0.19038461538461537,0.4891304347826087,6.12,26,18,4.0
onset_lgbm_noclimate,4,10,200,50,0.25,0.6274666666666666,0.41505359718506685,0.18881748326095035,0.3125711047543738,0.1,0.18,0.44,21,5,2.0
onset_lgbm_noclimate,8,1,46,39,0.8478260869565217,0.7326007326007326,0.9408664987483628,0.39509556191777706,0.2888765402044284,0.4782608695652174,0.5128205128205128,0.08,11,10,2.5
onset_lgbm_noclimate,8,2,699,234,0.33476394849785407,0.6651962135833104,0.5484026576855219,0.22832251987066202,0.5859507432843546,0.02575107296137339,0.05982905982905983,0.16,42,4,7.5
onset_lgbm_noclimate,8,3,694,244,0.3515850144092219,0.6334244080145719,0.5191499798076391,0.23524786423631863,0.39722963105971754,0.12680115273775217,0.21311475409836064,1.44,39,25,2.0
onset_lgbm_noclimate,8,4,895,22,0.024581005586592177,0.8933145891908778,0.5483647437744489,0.02067801869262962,0.4328381428721601,0.01675977653631285,0.45454545454545453,0.2,3,3,4.0
onset_lgbm_noclimate,8,5,1108,30,0.02707581227436823,0.6885899814471244,0.06185434272399653,0.030159181728954685,0.16827827069849693,0.04783393501805054,0.13333333333333333,1.96,6,3,4.0
onset_lgbm_noclimate,8,6,947,148,0.1562829989440338,0.7968152758515712,0.5169479898498129,0.1170889979674411,0.10059095069408043,0.5723336853220697,0.8445945945945946,16.68,31,30,7.5
onset_lgbm_noclimate,8,7,691,262,0.3791606367583213,0.6046192992757878,0.5276191321821466,0.25394274621672464,0.5941239908835324,0.22431259044862517,0.31297709923664124,2.92,49,31,4.0
onset_lgbm_noclimate,8,8,847,93,0.10979929161747344,0.7980377057129003,0.36887406918006493,0.09097876088580535,0.7600636928084938,0.0,0.0,0.0,17,0,
onset_lgbm_noclimate,8,9,948,146,0.1540084388185654,0.7399822361903461,0.32995536855452307,0.12088856459130856,0.4222195185505841,0.0,0.0,0.0,26,0,
onset_lgbm_noclimate,8,10,146,57,0.3904109589041096,0.5182337867139759,0.4516523138801285,0.2645001007443416,0.2498735571364003,0.5136986301369864,0.49122807017543857,1.88,20,16,3.5
persistence,4,1,52,31,0.5961538461538461,0.706605222734255,0.7609554373360562,,0.7,0.28846153846153844,0.3548387096774194,0.16,11,8,2.0
persistence,4,2,772,146,0.18911917098445596,0.701846907960961,0.3996669626269761,,0.8801540913754687,0.04015544041450777,0.1232876712328767,0.52,43,16,1.5
persistence,4,3,698,135,0.19340974212034384,0.6924939148740215,0.3425798214209276,,0.75,0.08452722063037249,0.15555555555555556,1.52,39,15,2.0
persistence,4,4,993,12,0.012084592145015106,0.9819486918110771,0.37786838840150416,,0.7278409090909093,0.010070493454179255,0.3333333333333333,0.24,3,3,2.0
persistence,4,5,1200,22,0.018333333333333333,0.7131694705973144,0.11623515620975405,,0.3230769230769231,0.10666666666666667,0.4090909090909091,4.76,6,5,2.0
persistence,4,6,1028,93,0.09046692607003891,0.7562762348341096,0.2521368064618401,,0.3333333333333333,0.4494163424124514,0.8064516129032258,15.48,29,27,4.0
persistence,4,7,738,168,0.22764227642276422,0.6270102339181286,0.40852512514479505,,0.6909757315573731,0.15989159891598917,0.3630952380952381,2.28,51,32,1.5
persistence,4,8,937,55,0.05869797225186766,0.6363327149041434,0.1722883560993742,,0.764667535853977,0.042689434364994665,0.14545454545454545,1.28,16,5,2.0
persistence,4,9,1040,92,0.08846153846153847,0.7458608512199596,0.20980564030696275,,0.6512419657534946,0.16634615384615384,0.4673913043478261,5.2,26,20,4.0
persistence,4,10,200,50,0.25,0.6268666666666667,0.4154020600816325,,0.7272727272727273,0.16,0.32,0.64,21,12,2.0
persistence,8,1,46,39,0.8478260869565217,0.8553113553113553,0.9669931852422298,,0.7027027027027027,0.30434782608695654,0.358974358974359,0.0,11,8,3.0
persistence,8,2,699,234,0.33476394849785407,0.6222176270563368,0.4591203238687352,,0.8743221619268784,0.0357653791130186,0.05982905982905983,0.44,42,12,1.5
persistence,8,3,694,244,0.3515850144092219,0.6377185792349727,0.4700186645934028,,0.7333333333333333,0.09077809798270893,0.12704918032786885,1.28,39,19,4.0
persistence,8,4,895,22,0.024581005586592177,0.8279183588461939,0.3459047022947941,,0.7285984848484849,0.0111731843575419,0.2727272727272727,0.16,3,3,2.0
persistence,8,5,1108,30,0.02707581227436823,0.5960420531849103,0.06498657582202998,,0.3333333333333333,0.09386281588447654,0.26666666666666666,3.84,6,3,5.0
persistence,8,6,947,148,0.1562829989440338,0.7292942191252579,0.34148672212897413,,0.3211907154402402,0.4730728616684266,0.7837837837837838,13.28,31,30,7.5
persistence,8,7,691,262,0.3791606367583213,0.5712468193384224,0.4962401273847078,,0.6996106797444136,0.15918958031837915,0.26717557251908397,1.6,49,28,4.0
persistence,8,8,847,93,0.10979929161747344,0.6430792048144662,0.22483696844774542,,0.7627118644067796,0.04604486422668241,0.0967741935483871,1.2,17,6,2.5
persistence,8,9,948,146,0.1540084388185654,0.689978820073105,0.25677362245249485,,0.6577003484320557,0.1518987341772152,0.2876712328767123,4.08,26,17,4.0
persistence,8,10,146,57,0.3904109589041096,0.5477035284841317,0.5209176795416393,,0.7248847926267282,0.1643835616438356,0.2631578947368421,0.36,20,12,3.0
