method,window,roc_auc,pr_auc,brier,positive_rate,alarm_rate,sensitivity,false_alarms_per_district_year,origins,positives,events,events_detected,event_detection_rate,median_lead_weeks
chronos2_joint,4,0.7518624410824589,0.4520460619754628,0.14228728935985496,0.20627878178069362,0.18516257332731498,0.36326145286294104,3.7714285714285714,5265,720,215,104,0.48372093023255813,3.0
chronos2_joint,8,0.7208134730961245,0.5617431050152434,0.21002116287185926,0.3333466308574274,0.2092062548204084,0.3307670104310746,3.217142857142857,4872,1166,215,92,0.42790697674418604,6.0
chronos2_joint_ft,4,0.7671278203160428,0.47327903987851927,0.13798271176182908,0.20627878178069362,0.18578850865368127,0.3719147273014096,3.4514285714285715,5265,720,215,109,0.5069767441860465,3.0
chronos2_joint_ft,8,0.7356250577095453,0.5798529477635161,0.19982337926289337,0.3333466308574274,0.18829434896643846,0.329563441557558,2.4171428571428573,4872,1166,215,100,0.46511627906976744,6.0
climatology_rate,4,0.6633658211228749,0.3419752479233727,0.168857141832083,0.20627878178069362,0.10448235674455264,0.23114446522430207,1.9657142857142857,5265,720,215,58,0.26976744186046514,3.0
climatology_rate,8,0.6649532922516895,0.4889188344051601,0.23765396300152494,0.3333466308574274,0.10770757115212572,0.18451590170966195,1.5885714285714287,4872,1166,215,56,0.26046511627906976,5.5
gru_v2,4,0.7496725255199347,0.43779342407222205,,0.20627878178069362,0.18791742490163146,0.3804298186768139,4.251428571428571,5265,720,215,120,0.5581395348837209,3.0
gru_v2,8,0.7223685876280853,0.5499755491966055,,0.3333466308574274,0.2039699789778156,0.34037417168270906,3.3542857142857145,4872,1166,215,124,0.5767441860465117,5.0
gru_v2_quantile_lw,4,0.7600287316278601,0.44403727141993427,0.13832050602888737,0.20627878178069362,0.1846456687796063,0.40241528909528573,3.468571428571429,5265,720,215,124,0.5767441860465117,3.0
gru_v2_quantile_lw,8,0.709153443357698,0.5546644032399025,0.20225387907508793,0.3333466308574274,0.1880768342823031,0.33497871650086414,2.725714285714286,4872,1166,215,121,0.5627906976744186,6.0
lgbm_v2,4,0.7430096849943046,0.4075136326835752,,0.20627878178069362,0.18690988016208743,0.3795807229479621,4.411428571428571,5265,720,215,132,0.6139534883720931,3.0
lgbm_v2,8,0.7442438833501085,0.5405720828064242,,0.3333466308574274,0.17176658057550107,0.3053902182369344,3.5542857142857143,4872,1166,215,131,0.6093023255813953,5.0
nb_shared_v2,4,0.7524718317348996,0.4427712204842906,0.14197240512499074,0.20627878178069362,0.177076694533788,0.3905883326419058,4.114285714285715,5265,720,215,117,0.5441860465116279,3.0
nb_shared_v2,8,0.7158626504833911,0.5542924450605008,0.20844344711328963,0.3333466308574274,0.1691317117964674,0.3063305884210013,3.217142857142857,4872,1166,215,100,0.46511627906976744,6.0
onset_lgbm,4,0.7592580551112806,0.4506412162376167,0.1337816042280238,0.20627878178069362,0.18293052550684846,0.36668038966875505,5.011428571428572,5265,720,215,107,0.49767441860465117,3.0
onset_lgbm,8,0.7369144778666427,0.5599843542274258,0.1831227453678296,0.3333466308574274,0.22750016123622105,0.327823284602282,3.514285714285714,4872,1166,215,105,0.4883720930232558,5.0
onset_lgbm_noclimate,4,0.7356377753844879,0.4070101824604086,0.14267073180690584,0.20627878178069362,0.18412093539608435,0.3317531633901099,4.822857142857143,5265,720,215,104,0.48372093023255813,3.0
onset_lgbm_noclimate,8,0.7100965530327458,0.535973670858296,0.2059378593837196,0.3333466308574274,0.2039227672907197,0.2776194315113099,3.04,4872,1166,215,100,0.46511627906976744,4.0
persistence,4,0.6952037257779399,0.36370830705670454,,0.20627878178069362,0.17592681843514396,0.3451535196095267,3.7771428571428567,5265,720,215,123,0.5720930232558139,3.0
persistence,8,0.6784066607077024,0.4593528020168986,,0.3333466308574274,0.1801567633676268,0.2830367688370364,3.1257142857142854,4872,1166,215,120,0.5581395348837209,4.0
