date,canonical_name,rainfall_era5,rainfall_chirps,difference_mm,agreement
2007-12-22,Anuradhapura,4.663722828519876,51.08801865820472,-46.42,chirps only
2007-12-23,Anuradhapura,6.180629384674994,79.85331084056547,-73.67,chirps only
2008-11-24,Anuradhapura,52.72874749882522,33.70729012186187,19.02,era5 only
2008-12-06,Anuradhapura,81.84519472837891,53.59782584039996,28.25,both
2008-12-07,Anuradhapura,10.86613051180293,65.74650764448994,-54.88,chirps only
2008-12-18,Anuradhapura,55.52256376620063,6.553710060860422,48.97,era5 only
2009-01-06,Anuradhapura,73.43881786234998,15.694823906389034,57.74,era5 only
2009-12-15,Anuradhapura,17.2707141793109,56.486514524613206,-39.22,chirps only
2009-12-21,Anuradhapura,14.171549016526685,56.15666631035273,-41.99,chirps only
2010-11-24,Anuradhapura,14.862996220170537,52.39840152160589,-37.54,chirps only
2010-11-30,Anuradhapura,38.08230299541974,57.62715008068786,-19.54,chirps only
2010-12-03,Anuradhapura,50.580259827191874,47.23172842859952,3.35,era5 only
2010-12-24,Anuradhapura,150.24901807639952,17.769481926378763,132.48,era5 only
2011-01-08,Anuradhapura,118.4436789130676,18.056432270532667,100.39,era5 only
2011-01-09,Anuradhapura,12.573979495054456,57.36940528768893,-44.8,chirps only
2011-01-13,Anuradhapura,59.69362641339023,7.493157856671135,52.2,era5 only
2011-02-03,Anuradhapura,148.48200587892347,28.53193343407996,119.95,era5 only
2011-02-04,Anuradhapura,75.22087512995456,15.235599408426523,59.99,era5 only
2011-02-07,Anuradhapura,13.83799810038545,58.31465831865441,-44.48,chirps only
2011-11-24,Anuradhapura,17.569551999558232,55.83882710998349,-38.27,chirps only
2012-10-29,Anuradhapura,90.7065456863003,54.66828353897059,36.04,both
2012-10-30,Anuradhapura,23.67624711678977,57.20062849191208,-33.52,chirps only
2012-11-26,Anuradhapura,77.65444058242461,39.3624063280026,38.29,era5 only
2012-12-17,Anuradhapura,8.07139757892457,51.94368058675684,-43.87,chirps only
2012-12-22,Anuradhapura,36.22601626621452,128.07436514553723,-91.85,chirps only
2012-12-27,Anuradhapura,16.26237498885757,71.36743042688661,-55.11,chirps only
2013-01-07,Anuradhapura,76.74809478740767,55.99238381343776,20.76,both
2013-03-04,Anuradhapura,11.662053343082036,50.75272295626856,-39.09,chirps only
2014-01-15,Anuradhapura,75.08635977836055,23.697441408839502,51.39,era5 only
2014-11-26,Anuradhapura,34.90679208659728,58.77794844544324,-23.87,chirps only
2014-11-27,Anuradhapura,25.82034281532989,50.14001848432083,-24.32,chirps only
2014-12-17,Anuradhapura,33.61030554911912,50.01034227714062,-16.4,chirps only
2014-12-20,Anuradhapura,36.3487312887186,55.86837342407639,-19.52,chirps only
2014-12-22,Anuradhapura,65.70235863123658,50.21100743251204,15.49,both
2014-12-26,Anuradhapura,18.86925997932,69.89825476912571,-51.03,chirps only
2014-12-27,Anuradhapura,17.851084542920766,58.11025384293523,-40.26,chirps only
2015-11-14,Anuradhapura,52.09471958034011,51.46367191409369,0.63,both
2015-11-15,Anuradhapura,73.60045957033216,49.14603681777167,24.45,era5 only
2016-05-14,Anuradhapura,27.0083931408242,60.10567785012388,-33.1,chirps only
2016-05-15,Anuradhapura,99.29742459959564,93.7797973304681,5.52,both
2016-05-16,Anuradhapura,83.21094372178597,74.41442059382285,8.8,both
2016-05-17,Anuradhapura,21.022630901110222,54.79252321221284,-33.77,chirps only
2017-01-27,Anuradhapura,15.710838273478068,63.20392319642102,-47.49,chirps only
2018-11-06,Anuradhapura,67.02838940164622,36.53509312090436,30.49,era5 only
2019-10-29,Anuradhapura,53.53538621347192,13.21638970557416,40.32,era5 only
2019-11-29,Anuradhapura,10.226227925332752,59.726020472494426,-49.5,chirps only
2019-11-30,Anuradhapura,34.207916473026785,50.251648154361575,-16.04,chirps only
2019-12-02,Anuradhapura,17.42677507819905,64.63342809148288,-47.21,chirps only
2019-12-04,Anuradhapura,11.12643589336512,57.60634807751092,-46.48,chirps only
2020-11-09,Anuradhapura,41.17420088278406,78.73245377518006,-37.56,chirps only
2020-12-02,Anuradhapura,88.10333027115182,71.49696188565066,16.61,both
2021-01-11,Anuradhapura,51.17477640101136,33.372339433428714,17.8,era5 only
2021-01-29,Anuradhapura,55.15363900324117,20.52599398704131,34.63,era5 only
2022-12-19,Anuradhapura,30.2965086372583,58.737240243452334,-28.44,chirps only
2022-12-25,Anuradhapura,8.967424869011934,50.08606133438986,-41.12,chirps only
2023-02-01,Anuradhapura,61.98300269527565,42.86728008100907,19.12,era5 only
2023-05-01,Anuradhapura,29.74299521694808,60.62662710533348,-30.88,chirps only
2023-12-14,Anuradhapura,11.097829068171462,54.68423589523651,-43.59,chirps only
2024-01-10,Anuradhapura,15.608022406837636,58.618629633846886,-43.01,chirps only
2024-05-14,Anuradhapura,55.19725071369255,26.31205962837818,28.89,era5 only
2024-11-08,Anuradhapura,20.582688715622307,51.47648707292664,-30.89,chirps only
2024-11-25,Anuradhapura,72.44000367269092,41.36578545670868,31.07,era5 only
2024-11-26,Anuradhapura,55.48567182766493,56.96985664095047,-1.48,both
2024-12-16,Anuradhapura,63.151141706814265,22.55252660288249,40.6,era5 only
2025-10-21,Anuradhapura,51.63374422948228,19.89244104163494,31.74,era5 only
2025-11-26,Anuradhapura,57.50274434164041,14.475012720979308,43.03,era5 only
2025-11-27,Anuradhapura,196.2880374741002,72.20226534403606,124.09,both
2025-11-28,Anuradhapura,54.56013307666985,67.63673354649379,-13.08,both
2006-06-20,Colombo,36.985954604287485,82.78467695036804,-45.8,chirps only
2006-06-22,Colombo,30.966585910597363,53.7023876075528,-22.74,chirps only
2006-07-04,Colombo,29.62610131813833,61.24198008203506,-31.62,chirps only
2006-08-13,Colombo,52.13421732281127,22.97811123804613,29.16,era5 only
2006-09-06,Colombo,6.889697208436209,57.74783327271717,-50.86,chirps only
2006-09-07,Colombo,14.308909615534812,64.80947198954496,-50.5,chirps only
2006-09-08,Colombo,28.634816691604914,65.52129589366908,-36.89,chirps only
2006-10-18,Colombo,52.87452481535985,41.916533794576495,10.96,era5 only
2006-10-20,Colombo,126.1946950194826,35.364589553356176,90.83,era5 only
2006-10-23,Colombo,175.08231319392488,35.43742675839773,139.64,era5 only
2006-10-25,Colombo,53.20392248165725,27.86682616992432,25.34,era5 only
2006-10-26,Colombo,39.46998146243436,64.41415607565104,-24.94,chirps only
2006-10-27,Colombo,35.36933530592286,85.43035343933104,-50.06,chirps only
2006-11-06,Colombo,154.75735392780902,22.70549157966268,132.05,era5 only
2006-11-15,Colombo,64.24516714246712,16.36038135344332,47.88,era5 only
2006-11-18,Colombo,81.96276232445742,28.72287692624872,53.24,era5 only
2006-11-20,Colombo,20.004868095535567,50.58263634187525,-30.58,chirps only
2006-11-26,Colombo,63.33450038536704,32.42312550991233,30.91,era5 only
2007-03-13,Colombo,62.177011995836594,10.7762773669633,51.4,era5 only
2007-04-07,Colombo,60.002987741394456,44.11195420291209,15.89,era5 only
2007-04-08,Colombo,41.22683655437071,50.2262451658249,-9.0,chirps only
2007-04-11,Colombo,52.27980811433096,37.985607788129286,14.29,era5 only
2007-05-28,Colombo,36.61835192206619,66.67369814933433,-30.06,chirps only
2007-06-14,Colombo,32.45513993192178,58.12248132653672,-25.67,chirps only
2007-06-21,Colombo,38.82211587614344,56.39700284957887,-17.57,chirps only
2007-06-22,Colombo,18.20447714092743,78.22929176477956,-60.02,chirps only
2007-09-07,Colombo,17.333439479562447,51.24361553044755,-33.91,chirps only
2008-02-28,Colombo,79.2756867243199,4.569282920246777,74.71,era5 only
2008-02-29,Colombo,75.63954484911083,1.961825619497084,73.68,era5 only
2008-03-10,Colombo,80.2139045930168,12.292766662922782,67.92,era5 only
2008-03-12,Colombo,10.062886303364728,56.84466534597223,-46.78,chirps only
2008-03-13,Colombo,5.566750153678324,51.781485480135146,-46.21,chirps only
2008-03-15,Colombo,36.23836380346837,60.72598735731298,-24.49,chirps only
2008-04-09,Colombo,52.15269887058195,19.574822026675395,32.58,era5 only
2008-04-28,Colombo,15.70704481272879,58.22565806232801,-42.52,chirps only
2008-06-01,Colombo,24.85663640829416,61.32876308302447,-36.47,chirps only
2008-06-22,Colombo,22.684072382507185,52.77554155540465,-30.09,chirps only
2008-07-18,Colombo,60.64193104056702,69.10912176288261,-8.47,both
2008-10-20,Colombo,62.94388043955318,35.65628223865684,27.29,era5 only
2008-11-21,Colombo,58.850159429694266,12.173712312438266,46.68,era5 only
2009-01-27,Colombo,58.59423752986417,14.262763720924202,44.33,era5 only
2009-05-24,Colombo,74.96064009336229,0.0,74.96,era5 only
2009-06-19,Colombo,22.05469025950645,53.32515607690813,-31.27,chirps only
2009-06-29,Colombo,24.324664692346715,56.320646389311015,-32.0,chirps only
2009-07-17,Colombo,14.51339335752823,53.73822279357912,-39.22,chirps only
2009-08-16,Colombo,32.115981193670784,51.56330667153275,-19.45,chirps only
2009-09-18,Colombo,22.53892809061326,104.66273818709632,-82.12,chirps only
2009-10-01,Colombo,53.10607796391432,12.200719073815788,40.91,era5 only
2009-10-02,Colombo,32.41642377576178,67.67163741883365,-35.26,chirps only
2009-10-29,Colombo,54.992564278402256,17.41082066195662,37.58,era5 only
2009-10-31,Colombo,50.30194982971677,25.718481402917337,24.58,era5 only
2009-11-18,Colombo,50.829323937619925,19.30579344209757,31.52,era5 only
2010-05-17,Colombo,9.659601869692777,66.89740849269523,-57.24,chirps only
2010-05-20,Colombo,59.55494238000364,69.12907466420266,-9.57,both
2010-05-21,Colombo,17.750154640874747,67.76899733343996,-50.02,chirps only
2010-06-10,Colombo,57.20451321919319,0.0202415051893754,57.18,era5 only
2010-06-11,Colombo,18.340402062599846,58.86984982286802,-40.53,chirps only
2010-06-23,Colombo,29.37793563485002,71.7774068237652,-42.4,chirps only
2010-06-28,Colombo,43.1344949299568,65.00614257812504,-21.87,chirps only
2010-07-05,Colombo,33.224424846557135,53.29623204430671,-20.07,chirps only
2010-09-21,Colombo,9.397941835700918,74.94883617843284,-65.55,chirps only
2010-10-01,Colombo,31.9229753927302,60.19072237612985,-28.27,chirps only
2010-10-02,Colombo,81.788123973612,48.09886800544913,33.69,era5 only
2010-11-11,Colombo,105.33753239012002,4.021904425881128,101.32,era5 only
2010-11-22,Colombo,67.0513773967599,83.0992781105042,-16.05,both
2010-11-30,Colombo,37.00315110307022,54.27500855931373,-17.27,chirps only
2010-12-09,Colombo,24.04754558071025,58.27404541917281,-34.23,chirps only
2011-02-01,Colombo,13.034032679592205,51.19030504742535,-38.16,chirps only
2011-02-02,Colombo,21.67406993177951,52.95221135694332,-31.28,chirps only
2011-03-04,Colombo,52.29232837387445,11.995073664014992,40.3,era5 only
2011-04-27,Colombo,14.947442903369364,54.90609686114573,-39.96,chirps only
2011-05-25,Colombo,10.106854474747882,55.77566642700545,-45.67,chirps only
2011-05-27,Colombo,8.49239049145522,56.82623484949636,-48.33,chirps only
2011-09-13,Colombo,43.07868909587034,59.04448419293492,-15.97,chirps only
2011-10-23,Colombo,59.94255972548433,23.788417367241607,36.15,era5 only
2012-02-14,Colombo,91.80019509419516,19.11678288310225,72.68,era5 only
2012-03-13,Colombo,66.64314160966609,37.71068476104738,28.93,era5 only
2012-04-23,Colombo,9.05008230848713,69.7691237337806,-60.72,chirps only
2012-05-25,Colombo,15.886142756278424,56.72354110323299,-40.84,chirps only
2012-07-09,Colombo,51.01549453911613,26.347787961569708,24.67,era5 only
2012-10-23,Colombo,55.77705308035953,11.071407114722511,44.71,era5 only
2012-10-29,Colombo,51.58247080090087,62.49821497683095,-10.92,both
2012-10-30,Colombo,15.041596092928462,58.08468261337281,-43.04,chirps only
2012-11-07,Colombo,52.99062317409357,7.473522704872223,45.52,era5 only
2012-11-24,Colombo,54.59514172293572,27.588453110824936,27.01,era5 only
2012-11-27,Colombo,60.92933833326651,25.54383514807442,35.39,era5 only
2012-12-17,Colombo,8.247964335504722,68.75160483473,-60.5,chirps only
2013-01-07,Colombo,71.51278608435439,33.81759675728193,37.7,era5 only
2013-05-31,Colombo,52.27738694729719,64.99452839686657,-12.72,both
2013-09-07,Colombo,8.67096474906569,56.49626310071077,-47.83,chirps only
2013-09-12,Colombo,28.742920286842843,147.27601833360848,-118.53,chirps only
2013-10-18,Colombo,19.78040439548046,57.8689120388031,-38.09,chirps only
2013-10-30,Colombo,75.0551365642474,24.28027291128852,50.77,era5 only
2014-04-27,Colombo,81.71373077380332,14.955753876794477,66.76,era5 only
2014-06-12,Colombo,34.42565550709393,66.49331246445398,-32.07,chirps only
2014-07-27,Colombo,29.13841094776818,71.29841909486599,-42.16,chirps only
2014-08-17,Colombo,20.69131489052136,62.52156272563071,-41.83,chirps only
2014-10-03,Colombo,19.747324335880933,59.85318266079644,-40.11,chirps only
2014-10-15,Colombo,92.93818289397616,37.77547641524403,55.16,era5 only
2014-12-17,Colombo,64.2833596243279,15.080126416943278,49.2,era5 only
2014-12-20,Colombo,50.63052700243077,25.402989855116072,25.23,era5 only
2014-12-25,Colombo,76.13274108724048,37.88213237584724,38.25,era5 only
2015-04-01,Colombo,51.003953972061616,19.32484182929993,31.68,era5 only
2015-04-20,Colombo,73.3042816329411,25.35392020294884,47.95,era5 only
2015-10-16,Colombo,115.6159197714028,24.95600690421192,90.66,era5 only
2015-10-18,Colombo,79.79012441814534,18.72878259975261,61.06,era5 only
2015-12-18,Colombo,50.625168483821774,8.19838200521469,42.43,era5 only
2016-05-11,Colombo,22.704044183330165,51.67971459271693,-28.98,chirps only
2016-05-13,Colombo,57.56602783431244,37.73936673671551,19.83,era5 only
2016-05-14,Colombo,65.57541649334878,46.89357542194021,18.68,era5 only
2016-05-15,Colombo,226.872352886099,105.89635985062344,120.98,both
2016-05-16,Colombo,39.2849733517903,73.45611423249679,-34.17,chirps only
2016-05-17,Colombo,60.529113082615005,86.49935862558544,-25.97,both
2016-05-19,Colombo,39.90086906265972,120.01159712323285,-80.11,chirps only
2016-05-27,Colombo,32.057443458369775,99.1623434926814,-67.1,chirps only
2016-05-31,Colombo,19.011393632961653,65.73108429466596,-46.72,chirps only
2016-11-19,Colombo,50.21724600683309,23.41807044562427,26.8,era5 only
2017-01-30,Colombo,64.03852937685156,7.787963648535991,56.25,era5 only
2017-05-25,Colombo,17.734742368689293,55.71608724906229,-37.98,chirps only
2017-05-26,Colombo,22.200844451247143,67.54691754453836,-45.35,chirps only
2017-08-18,Colombo,36.96551120916656,51.73769412543557,-14.77,chirps only
2017-09-07,Colombo,10.408249864126752,58.64518534721031,-48.24,chirps only
2017-11-06,Colombo,51.48554951950972,22.552503185619017,28.93,era5 only
2017-11-29,Colombo,56.71749464437597,45.44940695840665,11.27,era5 only
2017-11-30,Colombo,57.17288423280312,43.896309311606686,13.28,era5 only
2018-05-20,Colombo,29.131886751373425,59.2006740146984,-30.07,chirps only
2018-06-06,Colombo,36.06919012500364,52.59607217138466,-16.53,chirps only
2018-06-07,Colombo,61.6533709583436,41.41519438396802,20.24,era5 only
2018-09-29,Colombo,75.74795075676762,11.9990587211739,63.75,era5 only
2018-09-30,Colombo,82.98102270723325,21.848844852274123,61.13,era5 only
2018-10-24,Colombo,72.55401002415256,13.308533452727575,59.25,era5 only
2019-06-21,Colombo,13.37499292835209,72.47332431593811,-59.1,chirps only
2019-07-18,Colombo,61.443992016344616,27.81006894770536,33.63,era5 only
2019-08-08,Colombo,15.245983600435302,62.06158003707367,-46.82,chirps only
2019-08-13,Colombo,60.90440867314363,22.54743206140129,38.36,era5 only
2019-09-15,Colombo,16.414814416176515,73.76444518778547,-57.35,chirps only
2019-09-16,Colombo,23.911709821084905,50.24723250246048,-26.34,chirps only
2019-09-23,Colombo,31.765375510446567,73.7498619755832,-41.98,chirps only
2019-09-24,Colombo,25.87087197897642,70.75682063770297,-44.89,chirps only
2019-10-13,Colombo,58.08171353043637,26.39212039249595,31.69,era5 only
2019-10-15,Colombo,111.21599341135057,49.73278721948103,61.48,era5 only
2019-10-20,Colombo,62.81188775553665,26.73837275032565,36.07,era5 only
2019-12-20,Colombo,91.48705690957522,4.361846081500703,87.13,era5 only
2019-12-22,Colombo,62.69791498763264,4.89269256979769,57.81,era5 only
2020-05-15,Colombo,15.264744851918753,57.6471162157926,-42.38,chirps only
2020-09-06,Colombo,49.15297534604328,72.32774629497528,-23.17,chirps only
2020-09-18,Colombo,63.91720161998212,28.879159628434632,35.04,era5 only
2020-11-20,Colombo,61.29268792030969,11.80699700565772,49.49,era5 only
2021-01-13,Colombo,58.50772923442048,4.679873130559924,53.83,era5 only
2021-03-08,Colombo,70.27000727407375,15.95086048301784,54.32,era5 only
2021-05-03,Colombo,65.52495982470674,30.11159260550414,35.41,era5 only
2021-05-12,Colombo,56.22387206598677,38.539252196442,17.68,era5 only
2021-05-13,Colombo,40.1229004494403,88.05057001599403,-47.93,chirps only
2021-05-24,Colombo,43.75306456457287,57.42710737150365,-13.67,chirps only
2021-05-25,Colombo,53.99837349254811,38.63529029538415,15.36,era5 only
2021-05-26,Colombo,8.008264032295331,50.61983639639077,-42.61,chirps only
2021-06-03,Colombo,21.19535568328057,82.93235786351293,-61.74,chirps only
2021-06-04,Colombo,25.63153091922092,57.92411145817151,-32.29,chirps only
2021-06-13,Colombo,19.419848350245843,99.0847461527044,-79.66,chirps only
2021-07-09,Colombo,51.39523798501585,59.80780142081868,-8.41,both
2021-07-26,Colombo,9.921912395825554,51.69681948171963,-41.77,chirps only
2021-09-15,Colombo,11.874372851037784,74.28920594085349,-62.41,chirps only
2021-10-28,Colombo,50.14526358385285,24.340242375460555,25.81,era5 only
2021-10-29,Colombo,78.44175669048994,26.82290974729713,51.62,era5 only
2021-11-06,Colombo,19.90885062142199,61.340789074464304,-41.43,chirps only
2021-11-08,Colombo,51.35689865717475,29.8557021568472,21.5,era5 only
2022-04-04,Colombo,52.0781067080104,8.945877022504806,43.13,era5 only
2022-04-10,Colombo,29.92438013678337,56.79750937990709,-26.87,chirps only
2022-05-13,Colombo,42.17087065021321,103.94899731644718,-61.78,chirps only
2022-05-14,Colombo,74.48002088409875,56.66904939944095,17.81,both
2022-05-31,Colombo,49.79447475970861,51.21311273449121,-1.42,chirps only
2022-08-26,Colombo,27.574454376542963,52.63075188753824,-25.06,chirps only
2022-08-30,Colombo,29.61830688892613,69.01413123213165,-39.4,chirps only
2022-09-04,Colombo,14.171560675054735,69.517888393142,-55.35,chirps only
2022-09-05,Colombo,34.88167199828594,80.60111854163087,-45.72,chirps only
2022-10-14,Colombo,28.25393036103592,62.00617963756215,-33.75,chirps only
2022-10-20,Colombo,22.82324817216309,55.9495067769831,-33.13,chirps only
2023-02-03,Colombo,54.19520717332704,22.93391588102687,31.26,era5 only
2023-05-01,Colombo,28.70600186048988,50.171034363963415,-21.47,chirps only
2023-05-04,Colombo,19.753091088352686,65.8628491308906,-46.11,chirps only
2023-05-08,Colombo,9.356870220113231,66.60939247356767,-57.25,chirps only
2023-06-01,Colombo,4.139213769948186,68.23072311175956,-64.09,chirps only
2023-08-30,Colombo,20.91986544748688,67.1086656027707,-46.19,chirps only
2023-09-03,Colombo,34.14228311767325,53.29356145850095,-19.15,chirps only
2023-09-06,Colombo,16.424053204206484,52.93912764510239,-36.52,chirps only
2023-09-28,Colombo,18.09845884047964,52.62011746571285,-34.52,chirps only
2023-09-29,Colombo,26.628500905502666,78.7694108109908,-52.14,chirps only
2023-10-17,Colombo,55.66284160023596,13.271871039043774,42.39,era5 only
2023-10-18,Colombo,87.79442783449358,49.03588359438291,38.76,era5 only
2023-10-28,Colombo,63.64712200690068,29.943716235594334,33.7,era5 only
2023-11-02,Colombo,78.98837577303723,32.82846798346261,46.16,era5 only
2023-11-03,Colombo,55.0776259294755,30.420398409713428,24.66,era5 only
2023-11-27,Colombo,55.71817896928778,15.59054864807563,40.13,era5 only
2024-04-12,Colombo,89.57881009043741,7.811381204572591,81.77,era5 only
2024-05-18,Colombo,57.35615066485459,35.317359675970955,22.04,era5 only
2024-08-12,Colombo,62.06252517704419,21.83307231790369,40.23,era5 only
2024-09-02,Colombo,26.58834094725709,52.73290433445845,-26.14,chirps only
2024-10-11,Colombo,49.09842081280342,54.896499547871706,-5.8,chirps only
2024-10-13,Colombo,20.45244187227394,73.35980898753084,-52.91,chirps only
2024-11-19,Colombo,105.1840271110027,24.36528722186524,80.82,era5 only
2024-11-26,Colombo,105.6025941231456,65.51780954664407,40.08,both
2025-09-17,Colombo,13.087626232696245,74.81511544236275,-61.73,chirps only
2025-10-18,Colombo,71.84501319477953,39.82961290060389,32.02,era5 only
2025-10-19,Colombo,71.9679335806872,52.13253972521694,19.84,both
2025-10-24,Colombo,13.283460290501775,73.80201007288156,-60.52,chirps only
2025-11-17,Colombo,18.15000949445201,51.54705673191764,-33.4,chirps only
2025-11-23,Colombo,57.90445089849697,36.818419259418135,21.09,era5 only
2025-11-26,Colombo,50.81051073218408,60.16062884382771,-9.35,both
2025-11-27,Colombo,120.99947738971288,71.3605740479556,49.64,both
2025-11-28,Colombo,140.85951796577552,34.70838300184771,106.15,era5 only
2025-12-06,Colombo,73.7643736295454,7.517436690991579,66.25,era5 only
2006-06-20,Gampaha,20.767660807908964,70.04456361664225,-49.28,chirps only
2006-10-20,Gampaha,88.89247260761171,28.449109631905497,60.44,era5 only
2006-10-23,Gampaha,94.36889044096765,46.23263053543264,48.14,era5 only
2006-10-25,Gampaha,91.6465875075158,28.75173639916156,62.89,era5 only
2006-10-26,Gampaha,50.0587849177021,51.9192747218648,-1.86,both
2006-10-27,Gampaha,30.34221413425973,90.53200558768556,-60.19,chirps only
2006-11-03,Gampaha,61.43096297820086,26.875931032189875,34.56,era5 only
2006-11-04,Gampaha,57.10970587010184,12.536637749475428,44.57,era5 only
2006-11-06,Gampaha,111.28893838962485,21.613819070136405,89.68,era5 only
2006-11-18,Gampaha,65.86957885416568,28.96261285142869,36.91,era5 only
2007-04-07,Gampaha,64.14354054642948,39.26260006769049,24.88,era5 only
2007-04-11,Gampaha,61.84334261984167,37.78920938905159,24.05,era5 only
2007-05-28,Gampaha,23.967050837652053,53.91757201126051,-29.95,chirps only
2007-06-21,Gampaha,34.665747839363505,64.28147538134053,-29.62,chirps only
2007-06-22,Gampaha,17.382767888436298,76.37580768629047,-58.99,chirps only
2008-02-29,Gampaha,89.84342667492295,5.046846789062474,84.8,era5 only
2008-03-10,Gampaha,54.24187335995656,22.00800984948632,32.23,era5 only
2008-04-28,Gampaha,10.484040531856232,60.351756451486175,-49.87,chirps only
2008-07-18,Gampaha,38.31600160405064,52.06882414253948,-13.75,chirps only
2008-10-19,Gampaha,61.05194778941973,30.38704724154888,30.66,era5 only
2009-05-24,Gampaha,57.181944252260806,0.0433606201184708,57.14,era5 only
2009-09-18,Gampaha,18.829448599263223,62.17381546503895,-43.34,chirps only
2009-11-06,Gampaha,15.168895091934075,50.95077111173886,-35.78,chirps only
2010-05-17,Gampaha,8.08195075862567,56.38288545450777,-48.3,chirps only
2010-05-20,Gampaha,45.17066514503895,53.769888226225945,-8.6,chirps only
2010-06-23,Gampaha,25.564609871899503,50.95162648938103,-25.39,chirps only
2010-10-01,Gampaha,27.6020463954572,54.0879414125554,-26.49,chirps only
2010-10-02,Gampaha,54.80709693371931,52.7944423043925,2.01,both
2010-11-11,Gampaha,65.90849448865306,0.3715963359262751,65.54,era5 only
2010-11-22,Gampaha,38.89658565457967,67.76081203673512,-28.86,chirps only
2010-11-30,Gampaha,28.548342409039066,50.942884251899606,-22.39,chirps only
2010-12-25,Gampaha,51.441635963767816,0.8933231527543982,50.55,era5 only
2011-01-13,Gampaha,59.59519512239632,2.0819788195507383,57.51,era5 only
2011-02-02,Gampaha,30.79655888960232,54.4047373011241,-23.61,chirps only
2011-10-29,Gampaha,52.09347184245945,10.851526952892716,41.24,era5 only
2011-12-19,Gampaha,59.87379016544677,0.5586093909218426,59.32,era5 only
2012-02-14,Gampaha,65.57932115572726,20.281677109953865,45.3,era5 only
2012-04-23,Gampaha,5.172809553533877,64.10346462697848,-58.93,chirps only
2012-08-29,Gampaha,23.594334022019822,62.07612773404394,-38.48,chirps only
2012-10-23,Gampaha,54.0096133190434,18.29586464328728,35.71,era5 only
2012-10-29,Gampaha,49.43500032846835,58.88644952049498,-9.45,chirps only
2012-10-30,Gampaha,9.604545881732957,56.99145585257161,-47.39,chirps only
2012-11-24,Gampaha,90.98206562150794,24.74730789462625,66.23,era5 only
2012-11-27,Gampaha,64.00121754355308,36.17986109661661,27.82,era5 only
2012-12-17,Gampaha,7.156327510695939,51.51542407896459,-44.36,chirps only
2013-01-07,Gampaha,101.35278132095566,32.21111803477773,69.14,era5 only
2013-03-24,Gampaha,95.39278405569324,31.45154323403563,63.94,era5 only
2013-05-13,Gampaha,19.395408106391265,51.73900092417695,-32.34,chirps only
2013-09-07,Gampaha,5.815238650468912,55.05297141474836,-49.24,chirps only
2013-09-12,Gampaha,20.534121024355105,112.72447114517216,-92.19,chirps only
2013-10-18,Gampaha,22.191871562886547,56.62446134404171,-34.43,chirps only
2014-06-12,Gampaha,27.634584909666675,52.51499110137111,-24.88,chirps only
2014-10-03,Gampaha,15.357404689349416,51.33784932024512,-35.98,chirps only
2014-12-20,Gampaha,60.15864175863687,19.456553759028136,40.7,era5 only
2014-12-22,Gampaha,50.099151579354775,21.86750256999587,28.23,era5 only
2014-12-25,Gampaha,63.18535627787909,29.83985648418028,33.35,era5 only
2015-04-20,Gampaha,57.51126997093922,19.124452897048577,38.39,era5 only
2015-10-13,Gampaha,62.515507190769135,23.284511232774467,39.23,era5 only
2015-10-16,Gampaha,64.64399474117214,21.333895838657,43.31,era5 only
2015-10-18,Gampaha,122.78773251899209,19.823503987863337,102.96,era5 only
2015-10-27,Gampaha,57.253522101037866,7.109512174123469,50.14,era5 only
2016-05-14,Gampaha,49.47652865121589,60.70584445535216,-11.23,chirps only
2016-05-15,Gampaha,279.0117956822899,94.10191225351856,184.91,both
2016-05-16,Gampaha,54.98831585462414,91.5625575477936,-36.57,both
2016-05-17,Gampaha,58.19287900256028,84.88223345547719,-26.69,both
2016-05-19,Gampaha,27.196289729346475,98.0868400539936,-70.89,chirps only
2016-05-27,Gampaha,28.126324538824964,82.67379946234645,-54.55,chirps only
2016-05-31,Gampaha,15.937981245753289,51.62654104384114,-35.69,chirps only
2017-05-29,Gampaha,27.13962032132167,52.181481897232686,-25.04,chirps only
2017-09-07,Gampaha,10.668313617797454,51.43683840583477,-40.77,chirps only
2017-10-30,Gampaha,57.98498194665356,23.23537211361204,34.75,era5 only
2017-10-31,Gampaha,74.05166721166312,21.3387106347358,52.71,era5 only
2017-11-04,Gampaha,51.442536901959,22.248069162328672,29.19,era5 only
2018-05-20,Gampaha,19.66345716561084,51.50305086649729,-31.84,chirps only
2018-09-29,Gampaha,75.16019193368925,14.316688234550066,60.84,era5 only
2018-09-30,Gampaha,90.9908608470645,15.780753367568114,75.21,era5 only
2019-06-21,Gampaha,12.218380476598757,58.89127403549095,-46.67,chirps only
2019-08-13,Gampaha,55.4064958128964,18.3035916701986,37.1,era5 only
2019-09-15,Gampaha,9.754726202533842,52.65150871663993,-42.9,chirps only
2019-10-03,Gampaha,50.55743365968765,24.93993594114807,25.62,era5 only
2019-10-15,Gampaha,101.4602183374938,31.074452084241067,70.39,era5 only
2019-10-20,Gampaha,60.295518172424906,25.788486601516983,34.51,era5 only
2019-12-20,Gampaha,65.51339199198519,3.830260335787492,61.68,era5 only
2020-05-15,Gampaha,14.66400202254888,56.62364199831673,-41.96,chirps only
2020-09-06,Gampaha,46.8174211646348,63.97434103941964,-17.16,chirps only
2020-11-15,Gampaha,79.13751238206603,7.755441212136767,71.38,era5 only
2021-01-13,Gampaha,86.2633627217005,0.8748032495933384,85.39,era5 only
2021-05-03,Gampaha,75.6113729531027,19.91206960500038,55.7,era5 only
2021-05-13,Gampaha,36.28287300393784,80.86152784723438,-44.58,chirps only
2021-05-24,Gampaha,33.35460414045194,54.35146038026544,-21.0,chirps only
2021-06-03,Gampaha,13.735453535175502,74.15211423509753,-60.42,chirps only
2021-06-05,Gampaha,15.941895154116684,60.181509282032174,-44.24,chirps only
2021-06-13,Gampaha,17.27788999186311,75.50838134265129,-58.23,chirps only
2021-11-06,Gampaha,18.027678579888853,60.06259530373571,-42.03,chirps only
2021-11-08,Gampaha,75.83480875359267,20.01482397614723,55.82,era5 only
2021-11-09,Gampaha,72.61630283477601,9.65779579572194,62.96,era5 only
2022-04-10,Gampaha,28.969808608578223,54.07222009451878,-25.1,chirps only
2022-05-14,Gampaha,59.70580851249092,48.87312302801434,10.83,era5 only
2022-09-05,Gampaha,19.514999279479365,53.66875153028499,-34.15,chirps only
2022-10-14,Gampaha,23.42014014276736,50.69804835583401,-27.28,chirps only
2023-05-01,Gampaha,26.13666910918886,53.109127857046765,-26.97,chirps only
2023-05-04,Gampaha,20.6652391764704,57.26534413685543,-36.6,chirps only
2023-06-01,Gampaha,2.737005181720129,52.256375551172965,-49.52,chirps only
2023-10-17,Gampaha,55.59822391989674,25.9310311271832,29.67,era5 only
2023-10-18,Gampaha,94.19513665762764,36.40209996260079,57.79,era5 only
2023-11-02,Gampaha,59.37911511215594,30.762248664515862,28.62,era5 only
2023-11-08,Gampaha,18.24289484062843,50.62986145400254,-32.39,chirps only
2024-05-18,Gampaha,54.273935692924056,30.091292658560675,24.18,era5 only
2024-08-12,Gampaha,86.35061783856067,16.17066840890746,70.18,era5 only
2024-10-07,Gampaha,52.36138133681823,33.5032442160698,18.86,era5 only
2024-10-13,Gampaha,21.184175828583577,60.12550511015007,-38.94,chirps only
2024-11-19,Gampaha,84.07911603923306,18.906330118171294,65.17,era5 only
2024-11-20,Gampaha,55.73400548893183,27.565527765666,28.17,era5 only
2024-11-26,Gampaha,80.28141103937087,64.31372396214056,15.97,both
2025-05-26,Gampaha,8.607993444399462,56.351948072017976,-47.74,chirps only
2025-10-17,Gampaha,83.28055034386676,43.50972398865414,39.77,era5 only
2025-10-18,Gampaha,84.52330341933124,28.71553690345407,55.81,era5 only
2025-10-19,Gampaha,109.89152828803702,48.06159312574141,61.83,era5 only
2025-10-20,Gampaha,71.33101363394712,26.75889003476677,44.57,era5 only
2025-10-24,Gampaha,10.617998149490976,74.30492312350864,-63.69,chirps only
2025-11-18,Gampaha,59.94139006569672,30.56257201333523,29.38,era5 only
2025-11-23,Gampaha,70.52862306242507,40.298749315878375,30.23,era5 only
2025-11-27,Gampaha,135.94508961674995,79.62470839940768,56.32,both
2025-11-28,Gampaha,202.82674132700416,48.86632578634566,153.96,era5 only
2006-10-24,Jaffna,12.479074898258167,58.55966604097075,-46.08,chirps only
2006-11-03,Jaffna,13.810448589548756,66.25112322676948,-52.44,chirps only
2007-10-18,Jaffna,80.93828805949778,35.823509931741164,45.11,era5 only
2007-10-22,Jaffna,54.911034386198665,20.611412965084472,34.3,era5 only
2007-12-13,Jaffna,81.7860283980638,52.37032728681282,29.42,both
2007-12-18,Jaffna,26.01761344870876,72.73753047132145,-46.72,chirps only
2008-11-23,Jaffna,63.17313441376468,57.08655576856447,6.09,both
2008-11-24,Jaffna,134.20887082252207,78.02806940911914,56.18,both
2008-11-25,Jaffna,138.39773612107692,86.85047690723415,51.55,both
2008-11-26,Jaffna,34.16504960587864,97.70496467619942,-63.54,chirps only
2008-12-06,Jaffna,30.67752167248572,81.57040188189363,-50.89,chirps only
2009-03-09,Jaffna,99.05255492178338,25.715150273032325,73.34,era5 only
2009-11-05,Jaffna,26.03489361025938,52.57942714248664,-26.54,chirps only
2009-11-09,Jaffna,13.542480766343198,56.55709876254182,-43.01,chirps only
2009-11-13,Jaffna,18.90077195435132,51.01940992453228,-32.12,chirps only
2009-11-15,Jaffna,11.105219336314926,53.9860077640259,-42.88,chirps only
2009-12-15,Jaffna,105.000208045102,61.210036024560026,43.79,both
2009-12-16,Jaffna,9.234783790167326,64.79874332159848,-55.56,chirps only
2009-12-21,Jaffna,10.626725490404084,66.90482880165068,-56.28,chirps only
2009-12-22,Jaffna,19.50303114175941,63.21349667640019,-43.71,chirps only
2010-08-21,Jaffna,51.68630724009092,3.202619418073905,48.48,era5 only
2010-11-23,Jaffna,13.891794410682431,68.85999890128822,-54.97,chirps only
2010-11-25,Jaffna,45.94783125477525,56.27943778656129,-10.33,chirps only
2010-11-26,Jaffna,29.19085738423172,74.90213419313419,-45.71,chirps only
2010-12-01,Jaffna,66.83527578816886,28.707136497596263,38.13,era5 only
2010-12-03,Jaffna,65.57647183413549,47.39505267249764,18.18,era5 only
2010-12-05,Jaffna,82.64127288053768,60.37151362614468,22.27,both
2011-01-05,Jaffna,117.43072485875504,19.80508492147783,97.63,era5 only
2011-11-01,Jaffna,18.62511786437953,80.27373239850327,-61.65,chirps only
2011-11-16,Jaffna,17.514961848714783,56.37390651217616,-38.86,chirps only
2011-11-24,Jaffna,19.22145633115629,53.90787780728824,-34.69,chirps only
2011-11-25,Jaffna,41.83667123024962,57.30060525102111,-15.46,chirps only
2011-12-19,Jaffna,15.98979836938822,56.94566404197074,-40.96,chirps only
2012-10-29,Jaffna,76.10308594891882,59.55405901021825,16.55,both
2012-10-30,Jaffna,73.61846663822163,59.744061467021446,13.87,both
2012-11-25,Jaffna,23.604444498171937,58.45963985263816,-34.86,chirps only
2012-12-22,Jaffna,0.670895585725509,54.81874173222356,-54.15,chirps only
2012-12-27,Jaffna,24.81617602659821,151.6286961157479,-126.81,chirps only
2013-01-08,Jaffna,27.415845034870685,55.08090788149947,-27.67,chirps only
2014-11-03,Jaffna,53.93356564522449,15.614933934065736,38.32,era5 only
2014-11-28,Jaffna,74.05625522583479,24.7456113157811,49.31,era5 only
2014-12-20,Jaffna,7.107937677513981,53.36340908094956,-46.26,chirps only
2014-12-28,Jaffna,66.33970633526391,13.587812361822104,52.75,era5 only
2014-12-29,Jaffna,98.8236376093128,2.9674668677174982,95.86,era5 only
2015-11-01,Jaffna,118.27657486623217,50.74511001547435,67.53,both
2015-11-02,Jaffna,76.79995623626778,0.0,76.8,era5 only
2015-11-08,Jaffna,40.71424460418647,61.153632780291446,-20.44,chirps only
2015-11-14,Jaffna,62.80822519375816,81.76819844563806,-18.96,both
2015-11-15,Jaffna,56.35020910752198,73.6443365846332,-17.29,both
2015-11-19,Jaffna,57.435233206046405,6.155449697158111,51.28,era5 only
2015-12-28,Jaffna,19.98691356700869,51.50235556032906,-31.52,chirps only
2016-05-16,Jaffna,126.0788086706772,22.069569978899075,104.01,era5 only
2016-12-27,Jaffna,13.711433401683454,55.43784392336729,-41.73,chirps only
2017-01-27,Jaffna,22.42862187646204,56.09800366380702,-33.67,chirps only
2017-11-02,Jaffna,38.15541006519514,51.17233858754177,-13.02,chirps only
2017-11-04,Jaffna,33.86117833198924,56.46094468630401,-22.6,chirps only
2017-11-10,Jaffna,55.9900001165143,29.38960967201672,26.6,era5 only
2018-11-01,Jaffna,38.20062933131116,56.48049934364177,-18.28,chirps only
2018-11-02,Jaffna,16.269732034806758,55.4225664898279,-39.15,chirps only
2018-11-15,Jaffna,104.44600843911564,32.19011549909755,72.26,era5 only
2018-11-16,Jaffna,58.63227775510043,18.40597920994761,40.23,era5 only
2019-11-29,Jaffna,19.35779468364392,57.04120377313998,-37.68,chirps only
2019-11-30,Jaffna,48.089265490916496,67.30968113874968,-19.22,chirps only
2019-12-02,Jaffna,37.25310932780522,59.45958943645414,-22.21,chirps only
2019-12-23,Jaffna,67.73190816212903,3.5258606820149696,64.21,era5 only
2020-12-02,Jaffna,131.6896847457324,94.4727554169951,37.22,both
2020-12-04,Jaffna,77.42711813289345,57.36807100119186,20.06,both
2020-12-05,Jaffna,158.72810314015084,53.49456081948027,105.23,both
2020-12-06,Jaffna,6.687897355186232,51.44172163331236,-44.75,chirps only
2021-01-10,Jaffna,30.93360776327764,61.295064682197655,-30.36,chirps only
2021-01-11,Jaffna,98.27946384872268,52.29605400509853,45.98,both
2021-01-12,Jaffna,57.36343258153814,25.81588481266471,31.55,era5 only
2021-10-31,Jaffna,26.28462147886615,57.08973840789994,-30.81,chirps only
2021-11-03,Jaffna,19.749062974920147,58.524787139728105,-38.78,chirps only
2021-11-08,Jaffna,45.774838623706174,54.12291542033485,-8.35,chirps only
2021-11-09,Jaffna,67.54606320522547,92.17791320708665,-24.63,both
2021-11-24,Jaffna,27.24953708980932,74.09312342793022,-46.84,chirps only
2021-11-26,Jaffna,17.44377008362244,57.094610084872585,-39.65,chirps only
2021-11-28,Jaffna,16.53242600799906,58.00672653632517,-41.47,chirps only
2022-02-10,Jaffna,56.24400187355431,11.48493351741,44.76,era5 only
2022-10-31,Jaffna,26.12292892296249,67.20073191002456,-41.08,chirps only
2022-11-11,Jaffna,63.20341500308164,41.87446086079152,21.33,era5 only
2023-02-01,Jaffna,62.50222283623153,80.60196053265193,-18.1,both
2023-11-03,Jaffna,23.302135487576084,56.175246031161976,-32.87,chirps only
2023-11-13,Jaffna,53.5249212635254,64.50285551307222,-10.98,both
2023-11-18,Jaffna,12.2998206647138,54.12210527772893,-41.82,chirps only
2023-12-14,Jaffna,6.225844413391996,68.21805813702596,-61.99,chirps only
2023-12-16,Jaffna,25.04912955576584,76.25651574582668,-51.21,chirps only
2023-12-18,Jaffna,24.27582179427836,54.14929677541323,-29.87,chirps only
2024-11-21,Jaffna,10.023795347768452,71.6869361246429,-61.66,chirps only
2024-11-24,Jaffna,4.270067979166027,55.4825847070718,-51.21,chirps only
2024-11-25,Jaffna,41.79369151705363,51.76947025754734,-9.98,chirps only
2024-11-26,Jaffna,126.90472254666189,77.97209358758177,48.93,both
2024-11-27,Jaffna,83.40408357659405,60.62381457257653,22.78,both
2024-12-11,Jaffna,66.30533767889004,14.33928816252096,51.97,era5 only
2025-01-14,Jaffna,14.452009472841862,53.40046535322512,-38.95,chirps only
2025-11-12,Jaffna,11.955477824188485,60.54300189743277,-48.59,chirps only
2025-11-15,Jaffna,70.135188175766,5.42334497646712,64.71,era5 only
2025-11-16,Jaffna,62.67822913506907,77.01984951833552,-14.34,both
2025-11-28,Jaffna,163.43639701528156,149.6475806040433,13.79,both
2006-06-20,Ratnapura,45.47917582229286,78.56931878235149,-33.09,chirps only
2006-07-04,Ratnapura,18.389437350683547,72.6675433012012,-54.28,chirps only
2006-09-06,Ratnapura,6.335165856535811,52.27408982369953,-45.94,chirps only
2006-10-15,Ratnapura,67.44207316721821,30.220700308153585,37.22,era5 only
2006-10-20,Ratnapura,74.32880701066983,37.87903369291699,36.45,era5 only
2006-10-23,Ratnapura,63.4857377102946,36.05679580722752,27.43,era5 only
2006-10-27,Ratnapura,20.80056873512423,50.58148514309449,-29.78,chirps only
2006-11-06,Ratnapura,58.36626184483151,31.13139661808687,27.23,era5 only
2006-11-10,Ratnapura,90.56686246762597,18.81164483026278,71.76,era5 only
2006-11-11,Ratnapura,97.60844478196933,25.714287307523463,71.89,era5 only
2006-11-12,Ratnapura,56.37944493690833,17.04530502589736,39.33,era5 only
2006-11-18,Ratnapura,63.63184732756679,30.746002285591786,32.89,era5 only
2006-11-19,Ratnapura,51.64356391482346,27.1157603909293,24.53,era5 only
2006-11-20,Ratnapura,23.24023003613,65.71793869751554,-42.48,chirps only
2007-01-11,Ratnapura,21.995925713126688,73.37448526661359,-51.38,chirps only
2007-05-28,Ratnapura,23.601899473442568,87.29032690584407,-63.69,chirps only
2007-06-14,Ratnapura,22.06140604575396,77.8502052424111,-55.79,chirps only
2007-06-21,Ratnapura,30.707066601761568,55.77387826864703,-25.07,chirps only
2007-12-17,Ratnapura,55.44277055416601,2.224783713276503,53.22,era5 only
2008-02-29,Ratnapura,58.46620330531412,0.0,58.47,era5 only
2008-03-12,Ratnapura,18.899795119719368,85.48563750020747,-66.59,chirps only
2008-03-15,Ratnapura,53.44101691842707,75.60675396523446,-22.17,both
2008-04-09,Ratnapura,119.77378547578418,19.310024853252752,100.46,era5 only
2008-04-15,Ratnapura,76.67533491316782,6.913823200677966,69.76,era5 only
2008-06-01,Ratnapura,15.81363433399532,61.855105951875295,-46.04,chirps only
2008-07-18,Ratnapura,31.52336173004792,52.719289531018255,-21.2,chirps only
2008-10-20,Ratnapura,60.86475670960907,34.20860570401363,26.66,era5 only
2008-11-29,Ratnapura,68.13955060410144,10.835518528315296,57.3,era5 only
2008-12-01,Ratnapura,72.92948883068215,5.038198269753977,67.89,era5 only
2009-09-18,Ratnapura,8.01251220965232,57.61168659643103,-49.6,chirps only
2009-10-31,Ratnapura,81.54787281053761,29.11723123590187,52.43,era5 only
2010-01-30,Ratnapura,75.80215959846726,3.4339304168654,72.37,era5 only
2010-05-17,Ratnapura,9.603923995352108,55.42775823318492,-45.82,chirps only
2010-05-20,Ratnapura,46.75388159958327,67.74817195634833,-20.99,chirps only
2010-06-11,Ratnapura,21.38642010282051,69.62941299785024,-48.24,chirps only
2010-06-23,Ratnapura,12.349168573338291,54.7626723138952,-42.41,chirps only
2010-10-01,Ratnapura,49.796517896270856,50.228410571054354,-0.43,chirps only
2010-11-10,Ratnapura,115.9604129877959,22.99650565874423,92.96,era5 only
2010-11-11,Ratnapura,64.67884194972369,3.3185237244555643,61.36,era5 only
2010-11-22,Ratnapura,69.1616625146068,59.7132285248643,9.45,both
2010-12-02,Ratnapura,60.83590426790656,36.39595385552076,24.44,era5 only
2010-12-03,Ratnapura,56.83034499791149,36.33264387049808,20.5,era5 only
2010-12-09,Ratnapura,19.61596017218378,50.79110256475821,-31.18,chirps only
2010-12-16,Ratnapura,52.33075550551269,6.401387446671456,45.93,era5 only
2010-12-23,Ratnapura,93.95320579221976,15.97889801459286,77.97,era5 only
2011-01-01,Ratnapura,64.2487655960441,23.224005572790528,41.02,era5 only
2011-01-06,Ratnapura,50.99113609905541,5.284501105478744,45.71,era5 only
2011-01-07,Ratnapura,51.796680752265694,13.869260043815462,37.93,era5 only
2011-01-09,Ratnapura,64.30586202549787,35.25604760325201,29.05,era5 only
2011-02-01,Ratnapura,68.2226330934105,84.4961659506988,-16.27,both
2011-02-02,Ratnapura,16.708567650134267,52.6332860080935,-35.92,chirps only
2011-02-07,Ratnapura,65.57295826884943,46.64832767123355,18.92,era5 only
2011-04-28,Ratnapura,10.232288535584356,50.06737742895106,-39.84,chirps only
2012-05-25,Ratnapura,8.922408029562616,62.01900260025414,-53.1,chirps only
2012-10-27,Ratnapura,104.28918133115424,14.462090463202372,89.83,era5 only
2012-10-28,Ratnapura,72.5488782326994,36.100644742487766,36.45,era5 only
2012-10-30,Ratnapura,13.832114283821406,52.38648017767029,-38.55,chirps only
2012-11-15,Ratnapura,113.12281109760856,8.277088791885605,104.85,era5 only
2012-12-17,Ratnapura,15.895687046992888,73.00829893758691,-57.11,chirps only
2013-01-07,Ratnapura,83.31504673841648,42.843346877302665,40.47,era5 only
2013-05-13,Ratnapura,14.214679741648991,53.34522450171532,-39.13,chirps only
2013-06-08,Ratnapura,44.05220147989267,69.42145138128015,-25.37,chirps only
2013-09-07,Ratnapura,3.0447643538209768,50.84101637980691,-47.8,chirps only
2013-10-30,Ratnapura,91.32348606216988,19.531409196115813,71.79,era5 only
2013-12-03,Ratnapura,52.57803445638083,10.687816642846457,41.89,era5 only
2014-06-03,Ratnapura,6.936634125590274,53.46773321925449,-46.53,chirps only
2014-08-17,Ratnapura,6.143018693233075,61.85605491660483,-55.71,chirps only
2014-10-15,Ratnapura,162.56301968988274,34.1027229262167,128.46,era5 only
2014-10-16,Ratnapura,113.26152950444298,17.304388801025816,95.96,era5 only
2014-11-11,Ratnapura,53.36574972249839,13.872128174679425,39.49,era5 only
2014-12-17,Ratnapura,69.47830808705089,18.86561026014912,50.61,era5 only
2014-12-22,Ratnapura,86.5239084665485,16.423445296018294,70.1,era5 only
2014-12-24,Ratnapura,56.44981759303054,38.560899942853226,17.89,era5 only
2014-12-25,Ratnapura,99.40285783217922,38.06908604408434,61.33,era5 only
2015-04-20,Ratnapura,84.23884452305767,25.1836236257972,59.06,era5 only
2015-06-15,Ratnapura,6.115613103615953,54.23159626444287,-48.12,chirps only
2015-06-17,Ratnapura,4.676564404146294,51.35747174796822,-46.68,chirps only
2015-10-16,Ratnapura,122.1980593756064,24.24814997194381,97.95,era5 only
2015-10-18,Ratnapura,51.47998815502756,25.92392289510957,25.56,era5 only
2015-10-23,Ratnapura,92.37309728487487,24.58761963317537,67.79,era5 only
2015-10-24,Ratnapura,129.48500074742222,30.50477830517446,98.98,era5 only
2015-10-25,Ratnapura,79.59385415434171,31.93891187036881,47.65,era5 only
2015-11-02,Ratnapura,63.98236857106531,30.15899654887085,33.82,era5 only
2015-11-06,Ratnapura,54.45126016114694,13.534523886589048,40.92,era5 only
2016-05-12,Ratnapura,19.26726536859637,50.872173114397306,-31.6,chirps only
2016-05-13,Ratnapura,93.08791945277608,36.29463698916182,56.79,era5 only
2016-05-14,Ratnapura,93.84993222480702,61.79098788585976,32.06,both
2016-05-15,Ratnapura,136.33555365411942,85.3746164557379,50.96,both
2016-05-16,Ratnapura,23.594416024831126,66.15590276293761,-42.56,chirps only
2016-05-17,Ratnapura,36.51880370031035,82.20722963768834,-45.69,chirps only
2016-05-27,Ratnapura,13.071963784034306,53.2989417458623,-40.23,chirps only
2017-03-29,Ratnapura,64.28400242128748,20.691538139221645,43.59,era5 only
2017-05-26,Ratnapura,13.435857074381715,136.37759392309607,-122.94,chirps only
2017-08-18,Ratnapura,18.167610742206275,73.87070523345157,-55.7,chirps only
2017-11-06,Ratnapura,54.99740524126414,22.15823155188141,32.84,era5 only
2017-11-23,Ratnapura,61.14165415294617,6.174827404766764,54.97,era5 only
2017-11-25,Ratnapura,57.19524684272014,19.653802086386413,37.54,era5 only
2017-11-29,Ratnapura,53.12334743956428,46.55035886829908,6.57,era5 only
2018-10-07,Ratnapura,59.87633767998181,16.249113807538567,43.63,era5 only
2018-11-05,Ratnapura,83.02883256125368,42.35689205627689,40.67,era5 only
2019-02-26,Ratnapura,54.66262660604794,2.775788142252881,51.89,era5 only
2019-08-08,Ratnapura,12.33936808697394,50.01595370021082,-37.68,chirps only
2019-09-15,Ratnapura,17.977018000404463,90.86477564389928,-72.89,chirps only
2019-10-20,Ratnapura,106.7727701803304,21.427257223900263,85.35,era5 only
2019-12-20,Ratnapura,50.52733008839986,7.046983369256998,43.48,era5 only
2020-05-12,Ratnapura,57.51809184406724,21.483295324112675,36.03,era5 only
2020-09-06,Ratnapura,38.032321332862665,56.84622032528942,-18.81,chirps only
2020-11-13,Ratnapura,54.82419511174384,23.22180725508337,31.6,era5 only
2021-01-10,Ratnapura,63.52772753502972,15.95762033445628,47.57,era5 only
2021-05-03,Ratnapura,77.38108201229431,28.48518486647165,48.9,era5 only
2021-05-12,Ratnapura,62.50787053509528,27.099806261065098,35.41,era5 only
2021-05-13,Ratnapura,23.209963942370464,61.24558804686619,-38.04,chirps only
2021-06-04,Ratnapura,15.141064812477204,56.32105610343533,-41.18,chirps only
2021-06-08,Ratnapura,65.68065921593632,25.58236028942489,40.1,era5 only
2021-06-13,Ratnapura,12.37936379938714,78.14477322722549,-65.77,chirps only
2021-07-09,Ratnapura,35.51313591665315,53.38725422790353,-17.87,chirps only
2021-10-28,Ratnapura,54.64538836189633,33.33506150170393,21.31,era5 only
2022-04-04,Ratnapura,62.79565608122014,13.62929672947514,49.17,era5 only
2022-05-13,Ratnapura,31.85938793189852,88.72630870044159,-56.87,chirps only
2022-05-14,Ratnapura,70.54171308118197,65.34942885346605,5.19,both
2022-05-31,Ratnapura,45.55974472662097,72.19099694129791,-26.63,chirps only
2022-08-30,Ratnapura,38.7443602940042,63.41802674372076,-24.67,chirps only
2022-12-19,Ratnapura,50.03529083112822,11.775597440003237,38.26,era5 only
2022-12-25,Ratnapura,51.92913757827085,40.298929838210505,11.63,era5 only
2023-02-03,Ratnapura,37.09449336547734,50.99167025723258,-13.9,chirps only
2023-05-01,Ratnapura,21.13966621742071,54.44586093609355,-33.31,chirps only
2023-05-04,Ratnapura,28.178082764153228,71.61319618016792,-43.44,chirps only
2023-05-05,Ratnapura,4.487825066085029,50.13881930147477,-45.65,chirps only
2023-05-14,Ratnapura,5.175380497390668,70.44218703029463,-65.27,chirps only
2023-05-30,Ratnapura,4.565718457955142,53.01881307454237,-48.45,chirps only
2023-06-01,Ratnapura,3.6923483640823287,62.611834162749616,-58.92,chirps only
2023-09-05,Ratnapura,12.01560422380055,51.35707991242778,-39.34,chirps only
2023-09-06,Ratnapura,9.418259435589537,63.934447699152734,-54.52,chirps only
2023-10-17,Ratnapura,52.34137986613411,29.429376148302367,22.91,era5 only
2023-10-18,Ratnapura,100.7523465595158,32.458139410870054,68.29,era5 only
2023-10-22,Ratnapura,56.75006040339751,21.37226443050914,35.38,era5 only
2023-10-23,Ratnapura,62.89662755706277,5.698668776987201,57.2,era5 only
2023-11-02,Ratnapura,67.31999648878943,17.668630322136735,49.65,era5 only
2023-11-06,Ratnapura,53.756683777188286,15.077294802512329,38.68,era5 only
2023-11-22,Ratnapura,60.42790334491441,33.72810726110733,26.7,era5 only
2023-11-28,Ratnapura,64.59696390126089,25.930262802504224,38.67,era5 only
2023-12-08,Ratnapura,56.00193174993059,14.76680332816902,41.24,era5 only
2023-12-15,Ratnapura,50.18873054651688,18.78688222658973,31.4,era5 only
2023-12-18,Ratnapura,79.34023256673878,16.790495488703595,62.55,era5 only
2024-01-01,Ratnapura,81.02350604831102,53.26134220707013,27.76,both
2024-04-12,Ratnapura,56.72567024259617,10.355834239749054,46.37,era5 only
2024-08-12,Ratnapura,54.27569725952853,25.540611837422865,28.74,era5 only
2024-11-19,Ratnapura,51.0404539406194,33.245960233699925,17.79,era5 only
2024-11-26,Ratnapura,42.10004490832995,52.954999020662,-10.85,chirps only
2025-01-11,Ratnapura,74.35611895070043,0.0445241457540107,74.31,era5 only
2025-01-12,Ratnapura,51.40483463495389,32.08624262177176,19.32,era5 only
2025-01-18,Ratnapura,58.6565163510084,23.364679819144047,35.29,era5 only
2025-03-11,Ratnapura,20.087115263965487,61.68246300506839,-41.6,chirps only
2025-04-04,Ratnapura,57.14632341323646,22.418740119649765,34.73,era5 only
2025-11-16,Ratnapura,50.407927869202055,29.256480265526207,21.15,era5 only
2025-11-17,Ratnapura,82.49790545545424,60.14034487474414,22.36,both
2025-11-21,Ratnapura,55.78041794258162,16.65510529839562,39.13,era5 only
2025-11-23,Ratnapura,51.47132644424737,28.266614619698387,23.2,era5 only
2025-11-26,Ratnapura,68.00223817161825,88.43835756088986,-20.44,both
2025-11-27,Ratnapura,86.00322528395206,59.57153602975954,26.43,both
2025-11-28,Ratnapura,55.61802247325565,12.53786637503939,43.08,era5 only
