arm,variant,fold_id,test_year,seed,node_id,canonical_name,gate
gated,v1,1,2017,0,0,Ampara,0.35836992
gated,v1,1,2017,0,1,Anuradhapura,0.3710972
gated,v1,1,2017,0,2,Badulla,0.33490765
gated,v1,1,2017,0,3,Batticaloa,0.456628
gated,v1,1,2017,0,4,Colombo,0.43763986
gated,v1,1,2017,0,5,Galle,0.41154298
gated,v1,1,2017,0,6,Gampaha,0.42916322
gated,v1,1,2017,0,7,Hambantota,0.33599225
gated,v1,1,2017,0,8,Jaffna,0.5385954
gated,v1,1,2017,0,9,Kalutara,0.32492092
gated,v1,1,2017,0,10,Kandy,0.37175652
gated,v1,1,2017,0,11,Kegalle,0.32236615
gated,v1,1,2017,0,12,Kilinochchi,0.40068728
gated,v1,1,2017,0,13,Kurunegala,0.2937807
gated,v1,1,2017,0,14,Mannar,0.35218948
gated,v1,1,2017,0,15,Matale,0.30451968
gated,v1,1,2017,0,16,Matara,0.31601545
gated,v1,1,2017,0,17,Moneragala,0.33281764
gated,v1,1,2017,0,18,Mullaitivu,0.45016366
gated,v1,1,2017,0,19,Nuwara Eliya,0.3920986
gated,v1,1,2017,0,20,Polonnaruwa,0.31282505
gated,v1,1,2017,0,21,Puttalam,0.2756914
gated,v1,1,2017,0,22,Ratnapura,0.35256967
gated,v1,1,2017,0,23,Trincomalee,0.3014476
gated,v1,1,2017,0,24,Vavuniya,0.3857231
gated,v1,1,2017,1,0,Ampara,0.33436355
gated,v1,1,2017,1,1,Anuradhapura,0.3743685
gated,v1,1,2017,1,2,Badulla,0.3253222
gated,v1,1,2017,1,3,Batticaloa,0.46934095
gated,v1,1,2017,1,4,Colombo,0.42482972
gated,v1,1,2017,1,5,Galle,0.4220256
gated,v1,1,2017,1,6,Gampaha,0.43683618
gated,v1,1,2017,1,7,Hambantota,0.3729054
gated,v1,1,2017,1,8,Jaffna,0.545101
gated,v1,1,2017,1,9,Kalutara,0.32878852
gated,v1,1,2017,1,10,Kandy,0.4058686
gated,v1,1,2017,1,11,Kegalle,0.33338836
gated,v1,1,2017,1,12,Kilinochchi,0.42244676
gated,v1,1,2017,1,13,Kurunegala,0.31697375
gated,v1,1,2017,1,14,Mannar,0.3662694
gated,v1,1,2017,1,15,Matale,0.31163725
gated,v1,1,2017,1,16,Matara,0.34939542
gated,v1,1,2017,1,17,Moneragala,0.33763152
gated,v1,1,2017,1,18,Mullaitivu,0.45139456
gated,v1,1,2017,1,19,Nuwara Eliya,0.3807707
gated,v1,1,2017,1,20,Polonnaruwa,0.3312074
gated,v1,1,2017,1,21,Puttalam,0.30044955
gated,v1,1,2017,1,22,Ratnapura,0.35452116
gated,v1,1,2017,1,23,Trincomalee,0.31762928
gated,v1,1,2017,1,24,Vavuniya,0.4021082
gated,v1,1,2017,2,0,Ampara,0.35233688
gated,v1,1,2017,2,1,Anuradhapura,0.38379493
gated,v1,1,2017,2,2,Badulla,0.33516303
gated,v1,1,2017,2,3,Batticaloa,0.46738702
gated,v1,1,2017,2,4,Colombo,0.4583358
gated,v1,1,2017,2,5,Galle,0.40866008
gated,v1,1,2017,2,6,Gampaha,0.44920933
gated,v1,1,2017,2,7,Hambantota,0.34743294
gated,v1,1,2017,2,8,Jaffna,0.5566851
gated,v1,1,2017,2,9,Kalutara,0.32731485
gated,v1,1,2017,2,10,Kandy,0.42538872
gated,v1,1,2017,2,11,Kegalle,0.33729765
gated,v1,1,2017,2,12,Kilinochchi,0.42716292
gated,v1,1,2017,2,13,Kurunegala,0.32718566
gated,v1,1,2017,2,14,Mannar,0.3902463
gated,v1,1,2017,2,15,Matale,0.33205554
gated,v1,1,2017,2,16,Matara,0.3442223
gated,v1,1,2017,2,17,Moneragala,0.34451243
gated,v1,1,2017,2,18,Mullaitivu,0.45752373
gated,v1,1,2017,2,19,Nuwara Eliya,0.39436218
gated,v1,1,2017,2,20,Polonnaruwa,0.3542824
gated,v1,1,2017,2,21,Puttalam,0.30020037
gated,v1,1,2017,2,22,Ratnapura,0.36394837
gated,v1,1,2017,2,23,Trincomalee,0.33053544
gated,v1,1,2017,2,24,Vavuniya,0.4254149
gated,v1,2,2018,0,0,Ampara,0.4950965
gated,v1,2,2018,0,1,Anuradhapura,0.4964409
gated,v1,2,2018,0,2,Badulla,0.49369368
gated,v1,2,2018,0,3,Batticaloa,0.49776006
gated,v1,2,2018,0,4,Colombo,0.49677044
gated,v1,2,2018,0,5,Galle,0.49991181
gated,v1,2,2018,0,6,Gampaha,0.49499565
gated,v1,2,2018,0,7,Hambantota,0.4930586
gated,v1,2,2018,0,8,Jaffna,0.49400645
gated,v1,2,2018,0,9,Kalutara,0.49012426
gated,v1,2,2018,0,10,Kandy,0.49997693
gated,v1,2,2018,0,11,Kegalle,0.49497122
gated,v1,2,2018,0,12,Kilinochchi,0.50361526
gated,v1,2,2018,0,13,Kurunegala,0.5012828
gated,v1,2,2018,0,14,Mannar,0.4968509
gated,v1,2,2018,0,15,Matale,0.49027276
gated,v1,2,2018,0,16,Matara,0.49346018
gated,v1,2,2018,0,17,Moneragala,0.4948761
gated,v1,2,2018,0,18,Mullaitivu,0.49355757
gated,v1,2,2018,0,19,Nuwara Eliya,0.49979338
gated,v1,2,2018,0,20,Polonnaruwa,0.48969924
gated,v1,2,2018,0,21,Puttalam,0.49201402
gated,v1,2,2018,0,22,Ratnapura,0.49895424
gated,v1,2,2018,0,23,Trincomalee,0.4893112
gated,v1,2,2018,0,24,Vavuniya,0.4901227
gated,v1,2,2018,1,0,Ampara,0.43818778
gated,v1,2,2018,1,1,Anuradhapura,0.44992304
gated,v1,2,2018,1,2,Badulla,0.45604962
gated,v1,2,2018,1,3,Batticaloa,0.46137065
gated,v1,2,2018,1,4,Colombo,0.47956705
gated,v1,2,2018,1,5,Galle,0.45621333
gated,v1,2,2018,1,6,Gampaha,0.46347558
gated,v1,2,2018,1,7,Hambantota,0.46372515
gated,v1,2,2018,1,8,Jaffna,0.5305357
gated,v1,2,2018,1,9,Kalutara,0.45300063
gated,v1,2,2018,1,10,Kandy,0.47228616
gated,v1,2,2018,1,11,Kegalle,0.43872482
gated,v1,2,2018,1,12,Kilinochchi,0.45937157
gated,v1,2,2018,1,13,Kurunegala,0.45964774
gated,v1,2,2018,1,14,Mannar,0.4444674
gated,v1,2,2018,1,15,Matale,0.44428355
gated,v1,2,2018,1,16,Matara,0.45657566
gated,v1,2,2018,1,17,Moneragala,0.44733655
gated,v1,2,2018,1,18,Mullaitivu,0.46503162
gated,v1,2,2018,1,19,Nuwara Eliya,0.47474998
gated,v1,2,2018,1,20,Polonnaruwa,0.43832365
gated,v1,2,2018,1,21,Puttalam,0.44857648
gated,v1,2,2018,1,22,Ratnapura,0.45975375
gated,v1,2,2018,1,23,Trincomalee,0.43803886
gated,v1,2,2018,1,24,Vavuniya,0.45832425
gated,v1,2,2018,2,0,Ampara,0.4972708
gated,v1,2,2018,2,1,Anuradhapura,0.4923278
gated,v1,2,2018,2,2,Badulla,0.50176924
gated,v1,2,2018,2,3,Batticaloa,0.49821267
gated,v1,2,2018,2,4,Colombo,0.4995181
gated,v1,2,2018,2,5,Galle,0.5003801
gated,v1,2,2018,2,6,Gampaha,0.4986977
gated,v1,2,2018,2,7,Hambantota,0.49727315
gated,v1,2,2018,2,8,Jaffna,0.49815172
gated,v1,2,2018,2,9,Kalutara,0.500519
gated,v1,2,2018,2,10,Kandy,0.5039591
gated,v1,2,2018,2,11,Kegalle,0.49466798
gated,v1,2,2018,2,12,Kilinochchi,0.5037378
gated,v1,2,2018,2,13,Kurunegala,0.49675593
gated,v1,2,2018,2,14,Mannar,0.5003422
gated,v1,2,2018,2,15,Matale,0.49557054
gated,v1,2,2018,2,16,Matara,0.5021722
gated,v1,2,2018,2,17,Moneragala,0.4976886
gated,v1,2,2018,2,18,Mullaitivu,0.50186706
gated,v1,2,2018,2,19,Nuwara Eliya,0.50236046
gated,v1,2,2018,2,20,Polonnaruwa,0.49968717
gated,v1,2,2018,2,21,Puttalam,0.49424362
gated,v1,2,2018,2,22,Ratnapura,0.49271986
gated,v1,2,2018,2,23,Trincomalee,0.5009553
gated,v1,2,2018,2,24,Vavuniya,0.49930757
gated,v1,3,2019,0,0,Ampara,0.3739999
gated,v1,3,2019,0,1,Anuradhapura,0.36322576
gated,v1,3,2019,0,2,Badulla,0.35203108
gated,v1,3,2019,0,3,Batticaloa,0.41269675
gated,v1,3,2019,0,4,Colombo,0.40357172
gated,v1,3,2019,0,5,Galle,0.40543428
gated,v1,3,2019,0,6,Gampaha,0.4788366
gated,v1,3,2019,0,7,Hambantota,0.3818463
gated,v1,3,2019,0,8,Jaffna,0.5196151
gated,v1,3,2019,0,9,Kalutara,0.37473795
gated,v1,3,2019,0,10,Kandy,0.38250163
gated,v1,3,2019,0,11,Kegalle,0.3409851
gated,v1,3,2019,0,12,Kilinochchi,0.42443913
gated,v1,3,2019,0,13,Kurunegala,0.3325069
gated,v1,3,2019,0,14,Mannar,0.37996262
gated,v1,3,2019,0,15,Matale,0.33117688
gated,v1,3,2019,0,16,Matara,0.37654305
gated,v1,3,2019,0,17,Moneragala,0.36290824
gated,v1,3,2019,0,18,Mullaitivu,0.40370062
gated,v1,3,2019,0,19,Nuwara Eliya,0.37943226
gated,v1,3,2019,0,20,Polonnaruwa,0.3581182
gated,v1,3,2019,0,21,Puttalam,0.333616
gated,v1,3,2019,0,22,Ratnapura,0.3605389
gated,v1,3,2019,0,23,Trincomalee,0.3441818
gated,v1,3,2019,0,24,Vavuniya,0.395924
gated,v1,3,2019,1,0,Ampara,0.35687178
gated,v1,3,2019,1,1,Anuradhapura,0.36274746
gated,v1,3,2019,1,2,Badulla,0.3523332
gated,v1,3,2019,1,3,Batticaloa,0.38770062
gated,v1,3,2019,1,4,Colombo,0.37521604
gated,v1,3,2019,1,5,Galle,0.40569645
gated,v1,3,2019,1,6,Gampaha,0.47254935
gated,v1,3,2019,1,7,Hambantota,0.37729004
gated,v1,3,2019,1,8,Jaffna,0.55657804
gated,v1,3,2019,1,9,Kalutara,0.34581572
gated,v1,3,2019,1,10,Kandy,0.36471328
gated,v1,3,2019,1,11,Kegalle,0.322584
gated,v1,3,2019,1,12,Kilinochchi,0.42009878
gated,v1,3,2019,1,13,Kurunegala,0.31971097
gated,v1,3,2019,1,14,Mannar,0.37677646
gated,v1,3,2019,1,15,Matale,0.3135213
gated,v1,3,2019,1,16,Matara,0.36292836
gated,v1,3,2019,1,17,Moneragala,0.3405527
gated,v1,3,2019,1,18,Mullaitivu,0.37375894
gated,v1,3,2019,1,19,Nuwara Eliya,0.36696112
gated,v1,3,2019,1,20,Polonnaruwa,0.34222618
gated,v1,3,2019,1,21,Puttalam,0.32043287
gated,v1,3,2019,1,22,Ratnapura,0.34612775
gated,v1,3,2019,1,23,Trincomalee,0.32839394
gated,v1,3,2019,1,24,Vavuniya,0.38898984
gated,v1,3,2019,2,0,Ampara,0.38714483
gated,v1,3,2019,2,1,Anuradhapura,0.37954733
gated,v1,3,2019,2,2,Badulla,0.37582538
gated,v1,3,2019,2,3,Batticaloa,0.4198202
gated,v1,3,2019,2,4,Colombo,0.4175747
gated,v1,3,2019,2,5,Galle,0.43719494
gated,v1,3,2019,2,6,Gampaha,0.4609255
gated,v1,3,2019,2,7,Hambantota,0.38756454
gated,v1,3,2019,2,8,Jaffna,0.5249617
gated,v1,3,2019,2,9,Kalutara,0.37537402
gated,v1,3,2019,2,10,Kandy,0.39535534
gated,v1,3,2019,2,11,Kegalle,0.36602786
gated,v1,3,2019,2,12,Kilinochchi,0.425527
gated,v1,3,2019,2,13,Kurunegala,0.3546742
gated,v1,3,2019,2,14,Mannar,0.39164105
gated,v1,3,2019,2,15,Matale,0.35541764
gated,v1,3,2019,2,16,Matara,0.38441038
gated,v1,3,2019,2,17,Moneragala,0.37678412
gated,v1,3,2019,2,18,Mullaitivu,0.40676096
gated,v1,3,2019,2,19,Nuwara Eliya,0.39580363
gated,v1,3,2019,2,20,Polonnaruwa,0.37264708
gated,v1,3,2019,2,21,Puttalam,0.35713226
gated,v1,3,2019,2,22,Ratnapura,0.3783773
gated,v1,3,2019,2,23,Trincomalee,0.3563656
gated,v1,3,2019,2,24,Vavuniya,0.40646783
gated,v1,4,2020,0,0,Ampara,0.3983629
gated,v1,4,2020,0,1,Anuradhapura,0.39362872
gated,v1,4,2020,0,2,Badulla,0.384487
gated,v1,4,2020,0,3,Batticaloa,0.42867923
gated,v1,4,2020,0,4,Colombo,0.4346666
gated,v1,4,2020,0,5,Galle,0.41689467
gated,v1,4,2020,0,6,Gampaha,0.4816713
gated,v1,4,2020,0,7,Hambantota,0.40964204
gated,v1,4,2020,0,8,Jaffna,0.5089179
gated,v1,4,2020,0,9,Kalutara,0.40711474
gated,v1,4,2020,0,10,Kandy,0.41997528
gated,v1,4,2020,0,11,Kegalle,0.39117512
gated,v1,4,2020,0,12,Kilinochchi,0.43030724
gated,v1,4,2020,0,13,Kurunegala,0.38063967
gated,v1,4,2020,0,14,Mannar,0.41270018
gated,v1,4,2020,0,15,Matale,0.37409458
gated,v1,4,2020,0,16,Matara,0.38490185
gated,v1,4,2020,0,17,Moneragala,0.38408574
gated,v1,4,2020,0,18,Mullaitivu,0.42170662
gated,v1,4,2020,0,19,Nuwara Eliya,0.3939008
gated,v1,4,2020,0,20,Polonnaruwa,0.37834793
gated,v1,4,2020,0,21,Puttalam,0.3763471
gated,v1,4,2020,0,22,Ratnapura,0.40842968
gated,v1,4,2020,0,23,Trincomalee,0.38331246
gated,v1,4,2020,0,24,Vavuniya,0.40794608
gated,v1,4,2020,1,0,Ampara,0.35275212
gated,v1,4,2020,1,1,Anuradhapura,0.3621005
gated,v1,4,2020,1,2,Badulla,0.34029022
gated,v1,4,2020,1,3,Batticaloa,0.41080713
gated,v1,4,2020,1,4,Colombo,0.3793835
gated,v1,4,2020,1,5,Galle,0.41548216
gated,v1,4,2020,1,6,Gampaha,0.481178
gated,v1,4,2020,1,7,Hambantota,0.37460032
gated,v1,4,2020,1,8,Jaffna,0.53683764
gated,v1,4,2020,1,9,Kalutara,0.34701422
gated,v1,4,2020,1,10,Kandy,0.37371984
gated,v1,4,2020,1,11,Kegalle,0.31643242
gated,v1,4,2020,1,12,Kilinochchi,0.39840937
gated,v1,4,2020,1,13,Kurunegala,0.31619796
gated,v1,4,2020,1,14,Mannar,0.38529488
gated,v1,4,2020,1,15,Matale,0.31752002
gated,v1,4,2020,1,16,Matara,0.3408672
gated,v1,4,2020,1,17,Moneragala,0.3294363
gated,v1,4,2020,1,18,Mullaitivu,0.38620773
gated,v1,4,2020,1,19,Nuwara Eliya,0.34178087
gated,v1,4,2020,1,20,Polonnaruwa,0.34009045
gated,v1,4,2020,1,21,Puttalam,0.325624
gated,v1,4,2020,1,22,Ratnapura,0.32212457
gated,v1,4,2020,1,23,Trincomalee,0.33182245
gated,v1,4,2020,1,24,Vavuniya,0.38654765
gated,v1,4,2020,2,0,Ampara,0.3375259
gated,v1,4,2020,2,1,Anuradhapura,0.32339934
gated,v1,4,2020,2,2,Badulla,0.29266796
gated,v1,4,2020,2,3,Batticaloa,0.38841107
gated,v1,4,2020,2,4,Colombo,0.35119638
gated,v1,4,2020,2,5,Galle,0.41034302
gated,v1,4,2020,2,6,Gampaha,0.46355683
gated,v1,4,2020,2,7,Hambantota,0.3263448
gated,v1,4,2020,2,8,Jaffna,0.55410814
gated,v1,4,2020,2,9,Kalutara,0.3161287
gated,v1,4,2020,2,10,Kandy,0.351509
gated,v1,4,2020,2,11,Kegalle,0.2877586
gated,v1,4,2020,2,12,Kilinochchi,0.37780118
gated,v1,4,2020,2,13,Kurunegala,0.27269495
gated,v1,4,2020,2,14,Mannar,0.36391327
gated,v1,4,2020,2,15,Matale,0.27456442
gated,v1,4,2020,2,16,Matara,0.2986898
gated,v1,4,2020,2,17,Moneragala,0.29631495
gated,v1,4,2020,2,18,Mullaitivu,0.37256804
gated,v1,4,2020,2,19,Nuwara Eliya,0.32919863
gated,v1,4,2020,2,20,Polonnaruwa,0.3168058
gated,v1,4,2020,2,21,Puttalam,0.26655003
gated,v1,4,2020,2,22,Ratnapura,0.30430597
gated,v1,4,2020,2,23,Trincomalee,0.29679468
gated,v1,4,2020,2,24,Vavuniya,0.35318467
gated,v1,5,2021,0,0,Ampara,0.35670134
gated,v1,5,2021,0,1,Anuradhapura,0.34949225
gated,v1,5,2021,0,2,Badulla,0.3326645
gated,v1,5,2021,0,3,Batticaloa,0.39949355
gated,v1,5,2021,0,4,Colombo,0.3928913
gated,v1,5,2021,0,5,Galle,0.40896297
gated,v1,5,2021,0,6,Gampaha,0.46761656
gated,v1,5,2021,0,7,Hambantota,0.36347368
gated,v1,5,2021,0,8,Jaffna,0.51515555
gated,v1,5,2021,0,9,Kalutara,0.35106543
gated,v1,5,2021,0,10,Kandy,0.3688503
gated,v1,5,2021,0,11,Kegalle,0.3249177
gated,v1,5,2021,0,12,Kilinochchi,0.38029563
gated,v1,5,2021,0,13,Kurunegala,0.30589804
gated,v1,5,2021,0,14,Mannar,0.36237258
gated,v1,5,2021,0,15,Matale,0.3028707
gated,v1,5,2021,0,16,Matara,0.34119216
gated,v1,5,2021,0,17,Moneragala,0.35934928
gated,v1,5,2021,0,18,Mullaitivu,0.3783751
gated,v1,5,2021,0,19,Nuwara Eliya,0.3656019
gated,v1,5,2021,0,20,Polonnaruwa,0.32937542
gated,v1,5,2021,0,21,Puttalam,0.31323236
gated,v1,5,2021,0,22,Ratnapura,0.34171817
gated,v1,5,2021,0,23,Trincomalee,0.32141164
gated,v1,5,2021,0,24,Vavuniya,0.36092976
gated,v1,5,2021,1,0,Ampara,0.34153244
gated,v1,5,2021,1,1,Anuradhapura,0.36062425
gated,v1,5,2021,1,2,Badulla,0.34911892
gated,v1,5,2021,1,3,Batticaloa,0.3949635
gated,v1,5,2021,1,4,Colombo,0.35925817
gated,v1,5,2021,1,5,Galle,0.41444632
gated,v1,5,2021,1,6,Gampaha,0.46780446
gated,v1,5,2021,1,7,Hambantota,0.37588146
gated,v1,5,2021,1,8,Jaffna,0.552431
gated,v1,5,2021,1,9,Kalutara,0.34560502
gated,v1,5,2021,1,10,Kandy,0.36961818
gated,v1,5,2021,1,11,Kegalle,0.31022933
gated,v1,5,2021,1,12,Kilinochchi,0.37979746
gated,v1,5,2021,1,13,Kurunegala,0.31583485
gated,v1,5,2021,1,14,Mannar,0.36574644
gated,v1,5,2021,1,15,Matale,0.3078636
gated,v1,5,2021,1,16,Matara,0.35388568
gated,v1,5,2021,1,17,Moneragala,0.3541512
gated,v1,5,2021,1,18,Mullaitivu,0.3681466
gated,v1,5,2021,1,19,Nuwara Eliya,0.3403804
gated,v1,5,2021,1,20,Polonnaruwa,0.33212343
gated,v1,5,2021,1,21,Puttalam,0.31588864
gated,v1,5,2021,1,22,Ratnapura,0.32779703
gated,v1,5,2021,1,23,Trincomalee,0.3164046
gated,v1,5,2021,1,24,Vavuniya,0.3551787
gated,v1,5,2021,2,0,Ampara,0.43578288
gated,v1,5,2021,2,1,Anuradhapura,0.43578506
gated,v1,5,2021,2,2,Badulla,0.4382416
gated,v1,5,2021,2,3,Batticaloa,0.44886604
gated,v1,5,2021,2,4,Colombo,0.4764965
gated,v1,5,2021,2,5,Galle,0.45973954
gated,v1,5,2021,2,6,Gampaha,0.4715718
gated,v1,5,2021,2,7,Hambantota,0.44074738
gated,v1,5,2021,2,8,Jaffna,0.5066372
gated,v1,5,2021,2,9,Kalutara,0.44314542
gated,v1,5,2021,2,10,Kandy,0.45699692
gated,v1,5,2021,2,11,Kegalle,0.43495715
gated,v1,5,2021,2,12,Kilinochchi,0.45068824
gated,v1,5,2021,2,13,Kurunegala,0.4370429
gated,v1,5,2021,2,14,Mannar,0.44178855
gated,v1,5,2021,2,15,Matale,0.43101797
gated,v1,5,2021,2,16,Matara,0.4533033
gated,v1,5,2021,2,17,Moneragala,0.43976063
gated,v1,5,2021,2,18,Mullaitivu,0.4531618
gated,v1,5,2021,2,19,Nuwara Eliya,0.4553302
gated,v1,5,2021,2,20,Polonnaruwa,0.43236646
gated,v1,5,2021,2,21,Puttalam,0.42833632
gated,v1,5,2021,2,22,Ratnapura,0.43781805
gated,v1,5,2021,2,23,Trincomalee,0.42812467
gated,v1,5,2021,2,24,Vavuniya,0.4421403
gated,v1,6,2022,0,0,Ampara,0.42434338
gated,v1,6,2022,0,1,Anuradhapura,0.39412874
gated,v1,6,2022,0,2,Badulla,0.41201973
gated,v1,6,2022,0,3,Batticaloa,0.4389021
gated,v1,6,2022,0,4,Colombo,0.44162413
gated,v1,6,2022,0,5,Galle,0.45149183
gated,v1,6,2022,0,6,Gampaha,0.48110652
gated,v1,6,2022,0,7,Hambantota,0.41009483
gated,v1,6,2022,0,8,Jaffna,0.5018281
gated,v1,6,2022,0,9,Kalutara,0.41750786
gated,v1,6,2022,0,10,Kandy,0.42561674
gated,v1,6,2022,0,11,Kegalle,0.40106848
gated,v1,6,2022,0,12,Kilinochchi,0.44446376
gated,v1,6,2022,0,13,Kurunegala,0.39160544
gated,v1,6,2022,0,14,Mannar,0.40737653
gated,v1,6,2022,0,15,Matale,0.3855046
gated,v1,6,2022,0,16,Matara,0.43895897
gated,v1,6,2022,0,17,Moneragala,0.420722
gated,v1,6,2022,0,18,Mullaitivu,0.42728588
gated,v1,6,2022,0,19,Nuwara Eliya,0.4340269
gated,v1,6,2022,0,20,Polonnaruwa,0.39800274
gated,v1,6,2022,0,21,Puttalam,0.38778806
gated,v1,6,2022,0,22,Ratnapura,0.4204498
gated,v1,6,2022,0,23,Trincomalee,0.3977184
gated,v1,6,2022,0,24,Vavuniya,0.4068964
gated,v1,6,2022,1,0,Ampara,0.41462687
gated,v1,6,2022,1,1,Anuradhapura,0.401731
gated,v1,6,2022,1,2,Badulla,0.4085484
gated,v1,6,2022,1,3,Batticaloa,0.44196254
gated,v1,6,2022,1,4,Colombo,0.4372493
gated,v1,6,2022,1,5,Galle,0.44155347
gated,v1,6,2022,1,6,Gampaha,0.4686773
gated,v1,6,2022,1,7,Hambantota,0.4321752
gated,v1,6,2022,1,8,Jaffna,0.5395195
gated,v1,6,2022,1,9,Kalutara,0.41286632
gated,v1,6,2022,1,10,Kandy,0.4377349
gated,v1,6,2022,1,11,Kegalle,0.4088407
gated,v1,6,2022,1,12,Kilinochchi,0.43247765
gated,v1,6,2022,1,13,Kurunegala,0.43170747
gated,v1,6,2022,1,14,Mannar,0.4279929
gated,v1,6,2022,1,15,Matale,0.3975432
gated,v1,6,2022,1,16,Matara,0.43677992
gated,v1,6,2022,1,17,Moneragala,0.41706094
gated,v1,6,2022,1,18,Mullaitivu,0.42674816
gated,v1,6,2022,1,19,Nuwara Eliya,0.4390131
gated,v1,6,2022,1,20,Polonnaruwa,0.401858
gated,v1,6,2022,1,21,Puttalam,0.40850845
gated,v1,6,2022,1,22,Ratnapura,0.4169988
gated,v1,6,2022,1,23,Trincomalee,0.4038673
gated,v1,6,2022,1,24,Vavuniya,0.413519
gated,v1,6,2022,2,0,Ampara,0.3217491
gated,v1,6,2022,2,1,Anuradhapura,0.31765842
gated,v1,6,2022,2,2,Badulla,0.28315178
gated,v1,6,2022,2,3,Batticaloa,0.37862545
gated,v1,6,2022,2,4,Colombo,0.35123533
gated,v1,6,2022,2,5,Galle,0.3714614
gated,v1,6,2022,2,6,Gampaha,0.4781618
gated,v1,6,2022,2,7,Hambantota,0.3036259
gated,v1,6,2022,2,8,Jaffna,0.5365441
gated,v1,6,2022,2,9,Kalutara,0.30134708
gated,v1,6,2022,2,10,Kandy,0.35148275
gated,v1,6,2022,2,11,Kegalle,0.26852402
gated,v1,6,2022,2,12,Kilinochchi,0.3473997
gated,v1,6,2022,2,13,Kurunegala,0.27022162
gated,v1,6,2022,2,14,Mannar,0.33330545
gated,v1,6,2022,2,15,Matale,0.26202193
gated,v1,6,2022,2,16,Matara,0.33272746
gated,v1,6,2022,2,17,Moneragala,0.33424455
gated,v1,6,2022,2,18,Mullaitivu,0.36118332
gated,v1,6,2022,2,19,Nuwara Eliya,0.3345409
gated,v1,6,2022,2,20,Polonnaruwa,0.314946
gated,v1,6,2022,2,21,Puttalam,0.26783386
gated,v1,6,2022,2,22,Ratnapura,0.30582842
gated,v1,6,2022,2,23,Trincomalee,0.2964744
gated,v1,6,2022,2,24,Vavuniya,0.32641095
gated,v1,7,2023,0,0,Ampara,0.34812513
gated,v1,7,2023,0,1,Anuradhapura,0.33109492
gated,v1,7,2023,0,2,Badulla,0.37169245
gated,v1,7,2023,0,3,Batticaloa,0.41466287
gated,v1,7,2023,0,4,Colombo,0.39147824
gated,v1,7,2023,0,5,Galle,0.41919842
gated,v1,7,2023,0,6,Gampaha,0.4532227
gated,v1,7,2023,0,7,Hambantota,0.36254773
gated,v1,7,2023,0,8,Jaffna,0.5363314
gated,v1,7,2023,0,9,Kalutara,0.39451867
gated,v1,7,2023,0,10,Kandy,0.40053058
gated,v1,7,2023,0,11,Kegalle,0.34715694
gated,v1,7,2023,0,12,Kilinochchi,0.40000123
gated,v1,7,2023,0,13,Kurunegala,0.3158968
gated,v1,7,2023,0,14,Mannar,0.3734865
gated,v1,7,2023,0,15,Matale,0.32348335
gated,v1,7,2023,0,16,Matara,0.36825022
gated,v1,7,2023,0,17,Moneragala,0.39006317
gated,v1,7,2023,0,18,Mullaitivu,0.40509388
gated,v1,7,2023,0,19,Nuwara Eliya,0.38793784
gated,v1,7,2023,0,20,Polonnaruwa,0.35702845
gated,v1,7,2023,0,21,Puttalam,0.34629005
gated,v1,7,2023,0,22,Ratnapura,0.3520197
gated,v1,7,2023,0,23,Trincomalee,0.35073102
gated,v1,7,2023,0,24,Vavuniya,0.35832632
gated,v1,7,2023,1,0,Ampara,0.31573376
gated,v1,7,2023,1,1,Anuradhapura,0.33114076
gated,v1,7,2023,1,2,Badulla,0.33952016
gated,v1,7,2023,1,3,Batticaloa,0.37795705
gated,v1,7,2023,1,4,Colombo,0.3736905
gated,v1,7,2023,1,5,Galle,0.40635526
gated,v1,7,2023,1,6,Gampaha,0.4368942
gated,v1,7,2023,1,7,Hambantota,0.36152706
gated,v1,7,2023,1,8,Jaffna,0.5374648
gated,v1,7,2023,1,9,Kalutara,0.3270096
gated,v1,7,2023,1,10,Kandy,0.35922775
gated,v1,7,2023,1,11,Kegalle,0.30498087
gated,v1,7,2023,1,12,Kilinochchi,0.3783577
gated,v1,7,2023,1,13,Kurunegala,0.34296492
gated,v1,7,2023,1,14,Mannar,0.36846742
gated,v1,7,2023,1,15,Matale,0.3148692
gated,v1,7,2023,1,16,Matara,0.35766965
gated,v1,7,2023,1,17,Moneragala,0.3597721
gated,v1,7,2023,1,18,Mullaitivu,0.39925903
gated,v1,7,2023,1,19,Nuwara Eliya,0.36561227
gated,v1,7,2023,1,20,Polonnaruwa,0.3347288
gated,v1,7,2023,1,21,Puttalam,0.3055448
gated,v1,7,2023,1,22,Ratnapura,0.34260812
gated,v1,7,2023,1,23,Trincomalee,0.32906586
gated,v1,7,2023,1,24,Vavuniya,0.35658118
gated,v1,7,2023,2,0,Ampara,0.3004063
gated,v1,7,2023,2,1,Anuradhapura,0.29762977
gated,v1,7,2023,2,2,Badulla,0.30233252
gated,v1,7,2023,2,3,Batticaloa,0.37069803
gated,v1,7,2023,2,4,Colombo,0.35721487
gated,v1,7,2023,2,5,Galle,0.39220378
gated,v1,7,2023,2,6,Gampaha,0.4394772
gated,v1,7,2023,2,7,Hambantota,0.32893693
gated,v1,7,2023,2,8,Jaffna,0.55027467
gated,v1,7,2023,2,9,Kalutara,0.31008652
gated,v1,7,2023,2,10,Kandy,0.34206742
gated,v1,7,2023,2,11,Kegalle,0.2770487
gated,v1,7,2023,2,12,Kilinochchi,0.3690462
gated,v1,7,2023,2,13,Kurunegala,0.29434577
gated,v1,7,2023,2,14,Mannar,0.35436195
gated,v1,7,2023,2,15,Matale,0.29488948
gated,v1,7,2023,2,16,Matara,0.337138
gated,v1,7,2023,2,17,Moneragala,0.33257046
gated,v1,7,2023,2,18,Mullaitivu,0.39302927
gated,v1,7,2023,2,19,Nuwara Eliya,0.34231168
gated,v1,7,2023,2,20,Polonnaruwa,0.3133288
gated,v1,7,2023,2,21,Puttalam,0.27302063
gated,v1,7,2023,2,22,Ratnapura,0.29209927
gated,v1,7,2023,2,23,Trincomalee,0.31374654
gated,v1,7,2023,2,24,Vavuniya,0.3406481
gated,v1,8,2024,0,0,Ampara,0.30112314
gated,v1,8,2024,0,1,Anuradhapura,0.28082117
gated,v1,8,2024,0,2,Badulla,0.27640682
gated,v1,8,2024,0,3,Batticaloa,0.3449325
gated,v1,8,2024,0,4,Colombo,0.30962506
gated,v1,8,2024,0,5,Galle,0.38082388
gated,v1,8,2024,0,6,Gampaha,0.42021966
gated,v1,8,2024,0,7,Hambantota,0.30364206
gated,v1,8,2024,0,8,Jaffna,0.52304006
gated,v1,8,2024,0,9,Kalutara,0.3153727
gated,v1,8,2024,0,10,Kandy,0.28998053
gated,v1,8,2024,0,11,Kegalle,0.25306657
gated,v1,8,2024,0,12,Kilinochchi,0.31000507
gated,v1,8,2024,0,13,Kurunegala,0.24362887
gated,v1,8,2024,0,14,Mannar,0.33905733
gated,v1,8,2024,0,15,Matale,0.25686383
gated,v1,8,2024,0,16,Matara,0.30019414
gated,v1,8,2024,0,17,Moneragala,0.30782673
gated,v1,8,2024,0,18,Mullaitivu,0.34597123
gated,v1,8,2024,0,19,Nuwara Eliya,0.3282695
gated,v1,8,2024,0,20,Polonnaruwa,0.30921865
gated,v1,8,2024,0,21,Puttalam,0.23810779
gated,v1,8,2024,0,22,Ratnapura,0.28808522
gated,v1,8,2024,0,23,Trincomalee,0.25265196
gated,v1,8,2024,0,24,Vavuniya,0.2937719
gated,v1,8,2024,1,0,Ampara,0.3217667
gated,v1,8,2024,1,1,Anuradhapura,0.31575853
gated,v1,8,2024,1,2,Badulla,0.31183746
gated,v1,8,2024,1,3,Batticaloa,0.37708083
gated,v1,8,2024,1,4,Colombo,0.33438334
gated,v1,8,2024,1,5,Galle,0.4184418
gated,v1,8,2024,1,6,Gampaha,0.41856942
gated,v1,8,2024,1,7,Hambantota,0.34635767
gated,v1,8,2024,1,8,Jaffna,0.53065974
gated,v1,8,2024,1,9,Kalutara,0.3355955
gated,v1,8,2024,1,10,Kandy,0.3423669
gated,v1,8,2024,1,11,Kegalle,0.27852526
gated,v1,8,2024,1,12,Kilinochchi,0.35697785
gated,v1,8,2024,1,13,Kurunegala,0.29881883
gated,v1,8,2024,1,14,Mannar,0.37689927
gated,v1,8,2024,1,15,Matale,0.3021891
gated,v1,8,2024,1,16,Matara,0.3612283
gated,v1,8,2024,1,17,Moneragala,0.347329
gated,v1,8,2024,1,18,Mullaitivu,0.38038167
gated,v1,8,2024,1,19,Nuwara Eliya,0.3503244
gated,v1,8,2024,1,20,Polonnaruwa,0.3406633
gated,v1,8,2024,1,21,Puttalam,0.29804718
gated,v1,8,2024,1,22,Ratnapura,0.3153164
gated,v1,8,2024,1,23,Trincomalee,0.30660406
gated,v1,8,2024,1,24,Vavuniya,0.33763197
gated,v1,8,2024,2,0,Ampara,0.33686575
gated,v1,8,2024,2,1,Anuradhapura,0.31500888
gated,v1,8,2024,2,2,Badulla,0.32048443
gated,v1,8,2024,2,3,Batticaloa,0.3938434
gated,v1,8,2024,2,4,Colombo,0.3552461
gated,v1,8,2024,2,5,Galle,0.4221215
gated,v1,8,2024,2,6,Gampaha,0.43419075
gated,v1,8,2024,2,7,Hambantota,0.35234457
gated,v1,8,2024,2,8,Jaffna,0.535546
gated,v1,8,2024,2,9,Kalutara,0.34434587
gated,v1,8,2024,2,10,Kandy,0.34751934
gated,v1,8,2024,2,11,Kegalle,0.28930876
gated,v1,8,2024,2,12,Kilinochchi,0.3553468
gated,v1,8,2024,2,13,Kurunegala,0.30287257
gated,v1,8,2024,2,14,Mannar,0.36806536
gated,v1,8,2024,2,15,Matale,0.30264035
gated,v1,8,2024,2,16,Matara,0.3492929
gated,v1,8,2024,2,17,Moneragala,0.34789878
gated,v1,8,2024,2,18,Mullaitivu,0.38059393
gated,v1,8,2024,2,19,Nuwara Eliya,0.3516632
gated,v1,8,2024,2,20,Polonnaruwa,0.33826882
gated,v1,8,2024,2,21,Puttalam,0.29761612
gated,v1,8,2024,2,22,Ratnapura,0.33723602
gated,v1,8,2024,2,23,Trincomalee,0.31566668
gated,v1,8,2024,2,24,Vavuniya,0.3483887
gated,v1,9,2025,0,0,Ampara,0.28019896
gated,v1,9,2025,0,1,Anuradhapura,0.26406944
gated,v1,9,2025,0,2,Badulla,0.2499201
gated,v1,9,2025,0,3,Batticaloa,0.33634427
gated,v1,9,2025,0,4,Colombo,0.2890824
gated,v1,9,2025,0,5,Galle,0.35809252
gated,v1,9,2025,0,6,Gampaha,0.44235006
gated,v1,9,2025,0,7,Hambantota,0.2963266
gated,v1,9,2025,0,8,Jaffna,0.5035317
gated,v1,9,2025,0,9,Kalutara,0.28577033
gated,v1,9,2025,0,10,Kandy,0.25645897
gated,v1,9,2025,0,11,Kegalle,0.22012846
gated,v1,9,2025,0,12,Kilinochchi,0.28172716
gated,v1,9,2025,0,13,Kurunegala,0.27149284
gated,v1,9,2025,0,14,Mannar,0.31567994
gated,v1,9,2025,0,15,Matale,0.23037556
gated,v1,9,2025,0,16,Matara,0.29179606
gated,v1,9,2025,0,17,Moneragala,0.30339563
gated,v1,9,2025,0,18,Mullaitivu,0.32413936
gated,v1,9,2025,0,19,Nuwara Eliya,0.30966166
gated,v1,9,2025,0,20,Polonnaruwa,0.28945956
gated,v1,9,2025,0,21,Puttalam,0.22397767
gated,v1,9,2025,0,22,Ratnapura,0.2768849
gated,v1,9,2025,0,23,Trincomalee,0.24338064
gated,v1,9,2025,0,24,Vavuniya,0.26156577
gated,v1,9,2025,1,0,Ampara,0.30716372
gated,v1,9,2025,1,1,Anuradhapura,0.29645523
gated,v1,9,2025,1,2,Badulla,0.301481
gated,v1,9,2025,1,3,Batticaloa,0.37097573
gated,v1,9,2025,1,4,Colombo,0.3163304
gated,v1,9,2025,1,5,Galle,0.39942938
gated,v1,9,2025,1,6,Gampaha,0.41312084
gated,v1,9,2025,1,7,Hambantota,0.32536155
gated,v1,9,2025,1,8,Jaffna,0.5551939
gated,v1,9,2025,1,9,Kalutara,0.3022875
gated,v1,9,2025,1,10,Kandy,0.31640714
gated,v1,9,2025,1,11,Kegalle,0.27136174
gated,v1,9,2025,1,12,Kilinochchi,0.34062168
gated,v1,9,2025,1,13,Kurunegala,0.30396923
gated,v1,9,2025,1,14,Mannar,0.3579112
gated,v1,9,2025,1,15,Matale,0.28274226
gated,v1,9,2025,1,16,Matara,0.32057664
gated,v1,9,2025,1,17,Moneragala,0.33955184
gated,v1,9,2025,1,18,Mullaitivu,0.37191868
gated,v1,9,2025,1,19,Nuwara Eliya,0.3559516
gated,v1,9,2025,1,20,Polonnaruwa,0.32469526
gated,v1,9,2025,1,21,Puttalam,0.26332423
gated,v1,9,2025,1,22,Ratnapura,0.30211747
gated,v1,9,2025,1,23,Trincomalee,0.29730368
gated,v1,9,2025,1,24,Vavuniya,0.31308576
gated,v1,9,2025,2,0,Ampara,0.30171198
gated,v1,9,2025,2,1,Anuradhapura,0.2796237
gated,v1,9,2025,2,2,Badulla,0.28966042
gated,v1,9,2025,2,3,Batticaloa,0.3752044
gated,v1,9,2025,2,4,Colombo,0.32169607
gated,v1,9,2025,2,5,Galle,0.39792114
gated,v1,9,2025,2,6,Gampaha,0.41713482
gated,v1,9,2025,2,7,Hambantota,0.32566485
gated,v1,9,2025,2,8,Jaffna,0.5193545
gated,v1,9,2025,2,9,Kalutara,0.3160001
gated,v1,9,2025,2,10,Kandy,0.29440227
gated,v1,9,2025,2,11,Kegalle,0.26473436
gated,v1,9,2025,2,12,Kilinochchi,0.34079465
gated,v1,9,2025,2,13,Kurunegala,0.29449654
gated,v1,9,2025,2,14,Mannar,0.35149837
gated,v1,9,2025,2,15,Matale,0.27434757
gated,v1,9,2025,2,16,Matara,0.31297755
gated,v1,9,2025,2,17,Moneragala,0.3148562
gated,v1,9,2025,2,18,Mullaitivu,0.36772949
gated,v1,9,2025,2,19,Nuwara Eliya,0.3479665
gated,v1,9,2025,2,20,Polonnaruwa,0.30664662
gated,v1,9,2025,2,21,Puttalam,0.26311392
gated,v1,9,2025,2,22,Ratnapura,0.30996296
gated,v1,9,2025,2,23,Trincomalee,0.29014274
gated,v1,9,2025,2,24,Vavuniya,0.31033415
