node_id,canonical_name,mae,model,fold_id
0,Ampara,31.115384615384617,persistence,1
1,Anuradhapura,20.942307692307693,persistence,1
2,Badulla,21.115384615384617,persistence,1
3,Batticaloa,26.173076923076923,persistence,1
4,Colombo,117.57692307692308,persistence,1
5,Galle,34.40384615384615,persistence,1
6,Gampaha,142.1153846153846,persistence,1
7,Hambantota,20.173076923076923,persistence,1
8,Jaffna,27.653846153846153,persistence,1
9,Kalutara,55.34615384615385,persistence,1
10,Kandy,62.23076923076923,persistence,1
11,Kegalle,53.61538461538461,persistence,1
12,Kilinochchi,4.211538461538462,persistence,1
13,Kurunegala,64.38461538461539,persistence,1
14,Mannar,5.884615384615385,persistence,1
15,Matale,15.673076923076923,persistence,1
16,Matara,34.88461538461539,persistence,1
17,Moneragala,20.346153846153847,persistence,1
18,Mullaitivu,4.75,persistence,1
19,Nuwara Eliya,7.173076923076923,persistence,1
20,Polonnaruwa,13.923076923076923,persistence,1
21,Puttalam,33.55769230769231,persistence,1
22,Ratnapura,54.82692307692308,persistence,1
23,Trincomalee,23.442307692307693,persistence,1
24,Vavuniya,6.403846153846154,persistence,1
0,Ampara,103.86538461538461,seasonal_naive,1
1,Anuradhapura,44.40384615384615,seasonal_naive,1
2,Badulla,49.46153846153846,seasonal_naive,1
3,Batticaloa,92.63461538461539,seasonal_naive,1
4,Colombo,437.5192307692308,seasonal_naive,1
5,Galle,77.8076923076923,seasonal_naive,1
6,Gampaha,520.0769230769231,seasonal_naive,1
7,Hambantota,50.46153846153846,seasonal_naive,1
8,Jaffna,76.15384615384616,seasonal_naive,1
9,Kalutara,160.82692307692307,seasonal_naive,1
10,Kandy,215.26923076923077,seasonal_naive,1
11,Kegalle,173.3653846153846,seasonal_naive,1
12,Kilinochchi,7.0,seasonal_naive,1
13,Kurunegala,174.01923076923077,seasonal_naive,1
14,Mannar,9.173076923076923,seasonal_naive,1
15,Matale,45.09615384615385,seasonal_naive,1
16,Matara,98.07692307692308,seasonal_naive,1
17,Moneragala,55.38461538461539,seasonal_naive,1
18,Mullaitivu,5.730769230769231,seasonal_naive,1
19,Nuwara Eliya,10.634615384615385,seasonal_naive,1
20,Polonnaruwa,22.21153846153846,seasonal_naive,1
21,Puttalam,139.92307692307693,seasonal_naive,1
22,Ratnapura,112.21153846153847,seasonal_naive,1
23,Trincomalee,81.23076923076923,seasonal_naive,1
24,Vavuniya,14.923076923076923,seasonal_naive,1
0,Ampara,13.26923076923077,persistence,2
1,Anuradhapura,6.711538461538462,persistence,2
2,Badulla,3.923076923076923,persistence,2
3,Batticaloa,13.26923076923077,persistence,2
4,Colombo,35.28846153846154,persistence,2
5,Galle,5.730769230769231,persistence,2
6,Gampaha,20.5,persistence,2
7,Hambantota,6.884615384615385,persistence,2
8,Jaffna,18.057692307692307,persistence,2
9,Kalutara,16.076923076923077,persistence,2
10,Kandy,19.423076923076923,persistence,2
11,Kegalle,10.173076923076923,persistence,2
12,Kilinochchi,4.346153846153846,persistence,2
13,Kurunegala,13.0,persistence,2
14,Mannar,3.2115384615384617,persistence,2
15,Matale,6.634615384615385,persistence,2
16,Matara,9.057692307692308,persistence,2
17,Moneragala,5.961538461538462,persistence,2
18,Mullaitivu,1.9615384615384615,persistence,2
19,Nuwara Eliya,2.826923076923077,persistence,2
20,Polonnaruwa,4.346153846153846,persistence,2
21,Puttalam,13.596153846153847,persistence,2
22,Ratnapura,15.403846153846153,persistence,2
23,Trincomalee,7.596153846153846,persistence,2
24,Vavuniya,4.096153846153846,persistence,2
0,Ampara,95.53846153846153,seasonal_naive,2
1,Anuradhapura,38.59615384615385,seasonal_naive,2
2,Badulla,51.86538461538461,seasonal_naive,2
3,Batticaloa,51.36538461538461,seasonal_naive,2
4,Colombo,438.5,seasonal_naive,2
5,Galle,88.36538461538461,seasonal_naive,2
6,Gampaha,464.0576923076923,seasonal_naive,2
7,Hambantota,46.61538461538461,seasonal_naive,2
8,Jaffna,55.75,seasonal_naive,2
9,Kalutara,142.32692307692307,seasonal_naive,2
10,Kandy,210.8846153846154,seasonal_naive,2
11,Kegalle,165.0,seasonal_naive,2
12,Kilinochchi,5.211538461538462,seasonal_naive,2
13,Kurunegala,174.90384615384616,seasonal_naive,2
14,Mannar,10.711538461538462,seasonal_naive,2
15,Matale,43.61538461538461,seasonal_naive,2
16,Matara,99.73076923076923,seasonal_naive,2
17,Moneragala,51.92307692307692,seasonal_naive,2
18,Mullaitivu,5.365384615384615,seasonal_naive,2
19,Nuwara Eliya,12.826923076923077,seasonal_naive,2
20,Polonnaruwa,22.076923076923077,seasonal_naive,2
21,Puttalam,134.53846153846155,seasonal_naive,2
22,Ratnapura,109.5576923076923,seasonal_naive,2
23,Trincomalee,74.86538461538461,seasonal_naive,2
24,Vavuniya,10.73076923076923,seasonal_naive,2
0,Ampara,12.096153846153847,persistence,3
1,Anuradhapura,6.826923076923077,persistence,3
2,Badulla,10.038461538461538,persistence,3
3,Batticaloa,10.961538461538462,persistence,3
4,Colombo,48.23076923076923,persistence,3
5,Galle,33.96153846153846,persistence,3
6,Gampaha,68.5,persistence,3
7,Hambantota,12.76923076923077,persistence,3
8,Jaffna,36.36538461538461,persistence,3
9,Kalutara,31.192307692307693,persistence,3
10,Kandy,27.692307692307693,persistence,3
11,Kegalle,16.057692307692307,persistence,3
12,Kilinochchi,3.6538461538461537,persistence,3
13,Kurunegala,15.326923076923077,persistence,3
14,Mannar,5.0,persistence,3
15,Matale,10.961538461538462,persistence,3
16,Matara,23.865384615384617,persistence,3
17,Moneragala,2.5961538461538463,persistence,3
18,Mullaitivu,1.6730769230769231,persistence,3
19,Nuwara Eliya,3.4423076923076925,persistence,3
20,Polonnaruwa,3.9038461538461537,persistence,3
21,Puttalam,8.75,persistence,3
22,Ratnapura,20.53846153846154,persistence,3
23,Trincomalee,11.288461538461538,persistence,3
24,Vavuniya,6.923076923076923,persistence,3
0,Ampara,31.384615384615383,seasonal_naive,3
1,Anuradhapura,15.25,seasonal_naive,3
2,Badulla,24.96153846153846,seasonal_naive,3
3,Batticaloa,79.8076923076923,seasonal_naive,3
4,Colombo,202.67307692307693,seasonal_naive,3
5,Galle,108.03846153846153,seasonal_naive,3
6,Gampaha,164.15384615384616,seasonal_naive,3
7,Hambantota,22.46153846153846,seasonal_naive,3
8,Jaffna,101.9423076923077,seasonal_naive,3
9,Kalutara,90.86538461538461,seasonal_naive,3
10,Kandy,111.90384615384616,seasonal_naive,3
11,Kegalle,27.53846153846154,seasonal_naive,3
12,Kilinochchi,7.269230769230769,seasonal_naive,3
13,Kurunegala,35.82692307692308,seasonal_naive,3
14,Mannar,7.115384615384615,seasonal_naive,3
15,Matale,41.25,seasonal_naive,3
16,Matara,55.59615384615385,seasonal_naive,3
17,Moneragala,10.98076923076923,seasonal_naive,3
18,Mullaitivu,3.769230769230769,seasonal_naive,3
19,Nuwara Eliya,6.0,seasonal_naive,3
20,Polonnaruwa,6.5576923076923075,seasonal_naive,3
21,Puttalam,36.82692307692308,seasonal_naive,3
22,Ratnapura,42.90384615384615,seasonal_naive,3
23,Trincomalee,43.0,seasonal_naive,3
24,Vavuniya,13.557692307692308,seasonal_naive,3
0,Ampara,7.884615384615385,persistence,4
1,Anuradhapura,2.769230769230769,persistence,4
2,Badulla,3.576923076923077,persistence,4
3,Batticaloa,17.846153846153847,persistence,4
4,Colombo,20.96153846153846,persistence,4
5,Galle,9.557692307692308,persistence,4
6,Gampaha,14.942307692307692,persistence,4
7,Hambantota,3.25,persistence,4
8,Jaffna,11.692307692307692,persistence,4
9,Kalutara,9.692307692307692,persistence,4
10,Kandy,15.711538461538462,persistence,4
11,Kegalle,4.384615384615385,persistence,4
12,Kilinochchi,1.5384615384615385,persistence,4
13,Kurunegala,9.442307692307692,persistence,4
14,Mannar,1.9038461538461537,persistence,4
15,Matale,4.4423076923076925,persistence,4
16,Matara,3.0,persistence,4
17,Moneragala,0.0,persistence,4
18,Mullaitivu,1.1346153846153846,persistence,4
19,Nuwara Eliya,2.3461538461538463,persistence,4
20,Polonnaruwa,2.173076923076923,persistence,4
21,Puttalam,5.288461538461538,persistence,4
22,Ratnapura,14.557692307692308,persistence,4
23,Trincomalee,13.346153846153847,persistence,4
24,Vavuniya,3.7884615384615383,persistence,4
0,Ampara,37.67307692307692,seasonal_naive,4
1,Anuradhapura,17.01923076923077,seasonal_naive,4
2,Badulla,33.69230769230769,seasonal_naive,4
3,Batticaloa,39.67307692307692,seasonal_naive,4
4,Colombo,332.36538461538464,seasonal_naive,4
5,Galle,121.36538461538461,seasonal_naive,4
6,Gampaha,227.40384615384616,seasonal_naive,4
7,Hambantota,32.0,seasonal_naive,4
8,Jaffna,129.73076923076923,seasonal_naive,4
9,Kalutara,113.21153846153847,seasonal_naive,4
10,Kandy,132.76923076923077,seasonal_naive,4
11,Kegalle,37.82692307692308,seasonal_naive,4
12,Kilinochchi,6.6923076923076925,seasonal_naive,4
13,Kurunegala,49.25,seasonal_naive,4
14,Mannar,5.75,seasonal_naive,4
15,Matale,43.19230769230769,seasonal_naive,4
16,Matara,70.38461538461539,seasonal_naive,4
17,Moneragala,5.980769230769231,seasonal_naive,4
18,Mullaitivu,3.25,seasonal_naive,4
19,Nuwara Eliya,8.0,seasonal_naive,4
20,Polonnaruwa,9.942307692307692,seasonal_naive,4
21,Puttalam,39.51923076923077,seasonal_naive,4
22,Ratnapura,50.23076923076923,seasonal_naive,4
23,Trincomalee,78.28846153846153,seasonal_naive,4
24,Vavuniya,14.788461538461538,seasonal_naive,4
0,Ampara,3.8076923076923075,persistence,5
1,Anuradhapura,3.0961538461538463,persistence,5
2,Badulla,7.038461538461538,persistence,5
3,Batticaloa,15.98076923076923,persistence,5
4,Colombo,44.13461538461539,persistence,5
5,Galle,4.634615384615385,persistence,5
6,Gampaha,25.153846153846153,persistence,5
7,Hambantota,3.9423076923076925,persistence,5
8,Jaffna,3.0384615384615383,persistence,5
9,Kalutara,10.423076923076923,persistence,5
10,Kandy,5.8076923076923075,persistence,5
11,Kegalle,5.134615384615385,persistence,5
12,Kilinochchi,0.6538461538461539,persistence,5
13,Kurunegala,13.096153846153847,persistence,5
14,Mannar,2.7115384615384617,persistence,5
15,Matale,3.3076923076923075,persistence,5
16,Matara,7.384615384615385,persistence,5
17,Moneragala,2.5384615384615383,persistence,5
18,Mullaitivu,0.2692307692307692,persistence,5
19,Nuwara Eliya,1.25,persistence,5
20,Polonnaruwa,1.6923076923076923,persistence,5
21,Puttalam,5.5,persistence,5
22,Ratnapura,6.480769230769231,persistence,5
23,Trincomalee,2.6923076923076925,persistence,5
24,Vavuniya,0.9038461538461539,persistence,5
0,Ampara,22.615384615384617,seasonal_naive,5
1,Anuradhapura,7.8076923076923075,seasonal_naive,5
2,Badulla,19.01923076923077,seasonal_naive,5
3,Batticaloa,49.25,seasonal_naive,5
4,Colombo,88.26923076923077,seasonal_naive,5
5,Galle,24.96153846153846,seasonal_naive,5
6,Gampaha,47.69230769230769,seasonal_naive,5
7,Hambantota,9.48076923076923,seasonal_naive,5
8,Jaffna,42.05769230769231,seasonal_naive,5
9,Kalutara,30.0,seasonal_naive,5
10,Kandy,57.19230769230769,seasonal_naive,5
11,Kegalle,15.25,seasonal_naive,5
12,Kilinochchi,2.8461538461538463,seasonal_naive,5
13,Kurunegala,29.673076923076923,seasonal_naive,5
14,Mannar,5.384615384615385,seasonal_naive,5
15,Matale,10.615384615384615,seasonal_naive,5
16,Matara,15.211538461538462,seasonal_naive,5
17,Moneragala,3.6923076923076925,seasonal_naive,5
18,Mullaitivu,0.9615384615384616,seasonal_naive,5
19,Nuwara Eliya,3.6153846153846154,seasonal_naive,5
20,Polonnaruwa,4.865384615384615,seasonal_naive,5
21,Puttalam,14.173076923076923,seasonal_naive,5
22,Ratnapura,32.36538461538461,seasonal_naive,5
23,Trincomalee,42.92307692307692,seasonal_naive,5
24,Vavuniya,4.038461538461538,seasonal_naive,5
0,Ampara,10.264150943396226,persistence,6
1,Anuradhapura,3.9622641509433962,persistence,6
2,Badulla,10.09433962264151,persistence,6
3,Batticaloa,5.60377358490566,persistence,6
4,Colombo,27.39622641509434,persistence,6
5,Galle,17.169811320754718,persistence,6
6,Gampaha,32.283018867924525,persistence,6
7,Hambantota,13.30188679245283,persistence,6
8,Jaffna,24.09433962264151,persistence,6
9,Kalutara,21.09433962264151,persistence,6
10,Kandy,20.18867924528302,persistence,6
11,Kegalle,23.50943396226415,persistence,6
12,Kilinochchi,2.0377358490566038,persistence,6
13,Kurunegala,17.79245283018868,persistence,6
14,Mannar,3.509433962264151,persistence,6
15,Matale,9.358490566037736,persistence,6
16,Matara,11.79245283018868,persistence,6
17,Moneragala,4.415094339622642,persistence,6
18,Mullaitivu,1.169811320754717,persistence,6
19,Nuwara Eliya,2.7169811320754715,persistence,6
20,Polonnaruwa,2.018867924528302,persistence,6
21,Puttalam,23.88679245283019,persistence,6
22,Ratnapura,15.943396226415095,persistence,6
23,Trincomalee,9.264150943396226,persistence,6
24,Vavuniya,1.4528301886792452,persistence,6
0,Ampara,20.547169811320753,seasonal_naive,6
1,Anuradhapura,5.150943396226415,seasonal_naive,6
2,Badulla,17.71698113207547,seasonal_naive,6
3,Batticaloa,48.9622641509434,seasonal_naive,6
4,Colombo,51.905660377358494,seasonal_naive,6
5,Galle,26.962264150943398,seasonal_naive,6
6,Gampaha,39.9811320754717,seasonal_naive,6
7,Hambantota,20.28301886792453,seasonal_naive,6
8,Jaffna,50.716981132075475,seasonal_naive,6
9,Kalutara,34.39622641509434,seasonal_naive,6
10,Kandy,25.339622641509433,seasonal_naive,6
11,Kegalle,23.22641509433962,seasonal_naive,6
12,Kilinochchi,2.169811320754717,seasonal_naive,6
13,Kurunegala,23.660377358490567,seasonal_naive,6
14,Mannar,6.584905660377358,seasonal_naive,6
15,Matale,17.547169811320753,seasonal_naive,6
16,Matara,21.09433962264151,seasonal_naive,6
17,Moneragala,6.339622641509434,seasonal_naive,6
18,Mullaitivu,1.0943396226415094,seasonal_naive,6
19,Nuwara Eliya,3.3962264150943398,seasonal_naive,6
20,Polonnaruwa,2.452830188679245,seasonal_naive,6
21,Puttalam,29.566037735849058,seasonal_naive,6
22,Ratnapura,26.943396226415093,seasonal_naive,6
23,Trincomalee,17.339622641509433,seasonal_naive,6
24,Vavuniya,1.6603773584905661,seasonal_naive,6
0,Ampara,19.0,persistence,7
1,Anuradhapura,7.403846153846154,persistence,7
2,Badulla,16.0,persistence,7
3,Batticaloa,12.461538461538462,persistence,7
4,Colombo,65.0576923076923,persistence,7
5,Galle,18.173076923076923,persistence,7
6,Gampaha,46.96153846153846,persistence,7
7,Hambantota,10.807692307692308,persistence,7
8,Jaffna,26.423076923076923,persistence,7
9,Kalutara,59.67307692307692,persistence,7
10,Kandy,42.86538461538461,persistence,7
11,Kegalle,17.0,persistence,7
12,Kilinochchi,2.076923076923077,persistence,7
13,Kurunegala,14.096153846153847,persistence,7
14,Mannar,2.4038461538461537,persistence,7
15,Matale,12.884615384615385,persistence,7
16,Matara,12.5,persistence,7
17,Moneragala,13.5,persistence,7
18,Mullaitivu,2.5961538461538463,persistence,7
19,Nuwara Eliya,3.8846153846153846,persistence,7
20,Polonnaruwa,8.26923076923077,persistence,7
21,Puttalam,19.807692307692307,persistence,7
22,Ratnapura,18.73076923076923,persistence,7
23,Trincomalee,15.365384615384615,persistence,7
24,Vavuniya,2.923076923076923,persistence,7
0,Ampara,26.903846153846153,seasonal_naive,7
1,Anuradhapura,11.538461538461538,seasonal_naive,7
2,Badulla,19.615384615384617,seasonal_naive,7
3,Batticaloa,31.25,seasonal_naive,7
4,Colombo,219.67307692307693,seasonal_naive,7
5,Galle,43.84615384615385,seasonal_naive,7
6,Gampaha,125.0576923076923,seasonal_naive,7
7,Hambantota,20.307692307692307,seasonal_naive,7
8,Jaffna,77.3076923076923,seasonal_naive,7
9,Kalutara,61.40384615384615,seasonal_naive,7
10,Kandy,139.0,seasonal_naive,7
11,Kegalle,33.65384615384615,seasonal_naive,7
12,Kilinochchi,2.826923076923077,seasonal_naive,7
13,Kurunegala,34.40384615384615,seasonal_naive,7
14,Mannar,5.076923076923077,seasonal_naive,7
15,Matale,21.23076923076923,seasonal_naive,7
16,Matara,13.615384615384615,seasonal_naive,7
17,Moneragala,13.423076923076923,seasonal_naive,7
18,Mullaitivu,2.923076923076923,seasonal_naive,7
19,Nuwara Eliya,5.346153846153846,seasonal_naive,7
20,Polonnaruwa,9.923076923076923,seasonal_naive,7
21,Puttalam,35.19230769230769,seasonal_naive,7
22,Ratnapura,23.826923076923077,seasonal_naive,7
23,Trincomalee,21.21153846153846,seasonal_naive,7
24,Vavuniya,4.326923076923077,seasonal_naive,7
0,Ampara,10.538461538461538,persistence,8
1,Anuradhapura,9.673076923076923,persistence,8
2,Badulla,7.730769230769231,persistence,8
3,Batticaloa,7.6923076923076925,persistence,8
4,Colombo,35.51923076923077,persistence,8
5,Galle,11.25,persistence,8
6,Gampaha,21.692307692307693,persistence,8
7,Hambantota,7.8076923076923075,persistence,8
8,Jaffna,29.173076923076923,persistence,8
9,Kalutara,12.653846153846153,persistence,8
10,Kandy,15.25,persistence,8
11,Kegalle,13.23076923076923,persistence,8
12,Kilinochchi,3.269230769230769,persistence,8
13,Kurunegala,13.403846153846153,persistence,8
14,Mannar,3.4615384615384617,persistence,8
15,Matale,7.5,persistence,8
16,Matara,8.115384615384615,persistence,8
17,Moneragala,8.211538461538462,persistence,8
18,Mullaitivu,2.230769230769231,persistence,8
19,Nuwara Eliya,3.1538461538461537,persistence,8
20,Polonnaruwa,5.903846153846154,persistence,8
21,Puttalam,11.115384615384615,persistence,8
22,Ratnapura,13.76923076923077,persistence,8
23,Trincomalee,4.884615384615385,persistence,8
24,Vavuniya,2.3076923076923075,persistence,8
0,Ampara,22.615384615384617,seasonal_naive,8
1,Anuradhapura,16.75,seasonal_naive,8
2,Badulla,21.884615384615383,seasonal_naive,8
3,Batticaloa,37.09615384615385,seasonal_naive,8
4,Colombo,121.11538461538461,seasonal_naive,8
5,Galle,44.92307692307692,seasonal_naive,8
6,Gampaha,86.82692307692308,seasonal_naive,8
7,Hambantota,18.673076923076923,seasonal_naive,8
8,Jaffna,130.94230769230768,seasonal_naive,8
9,Kalutara,63.90384615384615,seasonal_naive,8
10,Kandy,115.48076923076923,seasonal_naive,8
11,Kegalle,35.21153846153846,seasonal_naive,8
12,Kilinochchi,6.269230769230769,seasonal_naive,8
13,Kurunegala,41.44230769230769,seasonal_naive,8
14,Mannar,5.923076923076923,seasonal_naive,8
15,Matale,22.0,seasonal_naive,8
16,Matara,21.01923076923077,seasonal_naive,8
17,Moneragala,16.423076923076923,seasonal_naive,8
18,Mullaitivu,5.211538461538462,seasonal_naive,8
19,Nuwara Eliya,6.903846153846154,seasonal_naive,8
20,Polonnaruwa,8.173076923076923,seasonal_naive,8
21,Puttalam,33.92307692307692,seasonal_naive,8
22,Ratnapura,23.865384615384617,seasonal_naive,8
23,Trincomalee,28.442307692307693,seasonal_naive,8
24,Vavuniya,4.596153846153846,seasonal_naive,8
0,Ampara,5.9423076923076925,persistence,9
1,Anuradhapura,4.5,persistence,9
2,Badulla,6.076923076923077,persistence,9
3,Batticaloa,8.115384615384615,persistence,9
4,Colombo,35.57692307692308,persistence,9
5,Galle,12.096153846153847,persistence,9
6,Gampaha,20.173076923076923,persistence,9
7,Hambantota,5.730769230769231,persistence,9
8,Jaffna,8.5,persistence,9
9,Kalutara,13.173076923076923,persistence,9
10,Kandy,17.48076923076923,persistence,9
11,Kegalle,9.423076923076923,persistence,9
12,Kilinochchi,1.9807692307692308,persistence,9
13,Kurunegala,8.884615384615385,persistence,9
14,Mannar,2.25,persistence,9
15,Matale,7.153846153846154,persistence,9
16,Matara,11.596153846153847,persistence,9
17,Moneragala,5.673076923076923,persistence,9
18,Mullaitivu,1.1923076923076923,persistence,9
19,Nuwara Eliya,3.576923076923077,persistence,9
20,Polonnaruwa,3.3461538461538463,persistence,9
21,Puttalam,4.980769230769231,persistence,9
22,Ratnapura,19.48076923076923,persistence,9
23,Trincomalee,5.25,persistence,9
24,Vavuniya,1.5961538461538463,persistence,9
0,Ampara,14.461538461538462,seasonal_naive,9
1,Anuradhapura,8.346153846153847,seasonal_naive,9
2,Badulla,8.807692307692308,seasonal_naive,9
3,Batticaloa,21.23076923076923,seasonal_naive,9
4,Colombo,108.88461538461539,seasonal_naive,9
5,Galle,22.115384615384617,seasonal_naive,9
6,Gampaha,60.21153846153846,seasonal_naive,9
7,Hambantota,10.423076923076923,seasonal_naive,9
8,Jaffna,80.26923076923077,seasonal_naive,9
9,Kalutara,25.115384615384617,seasonal_naive,9
10,Kandy,30.25,seasonal_naive,9
11,Kegalle,15.961538461538462,seasonal_naive,9
12,Kilinochchi,5.076923076923077,seasonal_naive,9
13,Kurunegala,19.96153846153846,seasonal_naive,9
14,Mannar,3.8653846153846154,seasonal_naive,9
15,Matale,13.115384615384615,seasonal_naive,9
16,Matara,19.03846153846154,seasonal_naive,9
17,Moneragala,11.25,seasonal_naive,9
18,Mullaitivu,3.4038461538461537,seasonal_naive,9
19,Nuwara Eliya,4.9423076923076925,seasonal_naive,9
20,Polonnaruwa,6.038461538461538,seasonal_naive,9
21,Puttalam,13.153846153846153,seasonal_naive,9
22,Ratnapura,43.28846153846154,seasonal_naive,9
23,Trincomalee,10.711538461538462,seasonal_naive,9
24,Vavuniya,2.6923076923076925,seasonal_naive,9
