comparison,family,arm,reference,horizon,metric,delta,t,p,wilcoxon_p,wins,n
GRU: climate shuffled,climate,gru_v2_shuffled,gru_v2,1,mae,0.009114443506832057,0.023022533974432217,0.9823788595467571,0.296875,1,7
GRU: climate shuffled,climate,gru_v2_shuffled,gru_v2,1,peak_mae,0.5394230845054112,0.911729221861599,0.39706268898868824,0.296875,1,7
GRU: climate shuffled,climate,gru_v2_shuffled,gru_v2,2,mae,1.028694915045579,2.0872220964004398,0.08191238358402017,0.03125,1,7
GRU: climate shuffled,climate,gru_v2_shuffled,gru_v2,2,peak_mae,1.5681604813270715,2.5246045639711414,0.04500633718702866,0.03125,1,7
GRU: climate shuffled,climate,gru_v2_shuffled,gru_v2,3,mae,1.9687886038966536,2.267597241449787,0.06387811622066975,0.03125,1,7
GRU: climate shuffled,climate,gru_v2_shuffled,gru_v2,3,peak_mae,4.128505631137321,2.3328831162900174,0.05840983888526179,0.03125,1,7
GRU: climate shuffled,climate,gru_v2_shuffled,gru_v2,4,mae,1.909062208316753,2.104763197676585,0.07994946599301711,0.078125,2,7
GRU: climate shuffled,climate,gru_v2_shuffled,gru_v2,4,peak_mae,3.8642771813063064,3.218162377950505,0.018179186278378306,0.03125,1,7
GRU: climate shuffled,climate,gru_v2_shuffled,gru_v2,6,mae,1.142844921053245,1.8436404795131518,0.11479750926306649,0.296875,3,7
GRU: climate shuffled,climate,gru_v2_shuffled,gru_v2,6,peak_mae,2.7478178826073263,1.7562844324581641,0.12955946068055665,0.109375,2,7
GRU: climate shuffled,climate,gru_v2_shuffled,gru_v2,8,mae,1.4965961494131683,1.394311750436252,0.21266605237448918,0.15625,2,7
GRU: climate shuffled,climate,gru_v2_shuffled,gru_v2,8,peak_mae,2.8068379137759756,2.7061782871313484,0.03528488028184368,0.078125,2,7
GRU: climate shuffled,climate,gru_v2_shuffled,gru_v2,10,mae,2.285540423427841,1.77762077375461,0.12579023067716205,0.21875,2,7
GRU: climate shuffled,climate,gru_v2_shuffled,gru_v2,10,peak_mae,4.671587199956042,1.907282075662067,0.10510325256279944,0.109375,2,7
GRU: climate shuffled,climate,gru_v2_shuffled,gru_v2,12,mae,2.459533827646198,1.7798549370621681,0.12540182327101548,0.109375,1,7
GRU: climate shuffled,climate,gru_v2_shuffled,gru_v2,12,peak_mae,4.121489089739787,2.7888907064199038,0.03162376669812572,0.046875,1,7
GRU: climate -> training climatology,climate,gru_v2_climatology,gru_v2,1,mae,0.4393992483813375,1.7455782111376117,0.1314922284208855,0.03125,1,7
GRU: climate -> training climatology,climate,gru_v2_climatology,gru_v2,1,peak_mae,0.8675333104999444,2.8551143753784802,0.028986639610983175,0.03125,1,7
GRU: climate -> training climatology,climate,gru_v2_climatology,gru_v2,2,mae,1.0286426250431027,1.3803191988034442,0.21671112612299626,0.03125,1,7
GRU: climate -> training climatology,climate,gru_v2_climatology,gru_v2,2,peak_mae,1.328771365179578,1.4401831616800018,0.19988423282025128,0.15625,1,7
GRU: climate -> training climatology,climate,gru_v2_climatology,gru_v2,3,mae,1.697181873305093,2.074199262180749,0.0834014353777064,0.078125,2,7
GRU: climate -> training climatology,climate,gru_v2_climatology,gru_v2,3,peak_mae,3.004386336968633,1.8825526709009741,0.1087693995559801,0.15625,2,7
GRU: climate -> training climatology,climate,gru_v2_climatology,gru_v2,4,mae,1.3165518239658085,1.996945832745374,0.09281830295182321,0.109375,2,7
GRU: climate -> training climatology,climate,gru_v2_climatology,gru_v2,4,peak_mae,3.498856616231401,2.6215711421403998,0.03950299684126195,0.078125,1,7
GRU: climate -> training climatology,climate,gru_v2_climatology,gru_v2,6,mae,1.0188380971149515,1.489463634563846,0.18694433663914656,0.21875,3,7
GRU: climate -> training climatology,climate,gru_v2_climatology,gru_v2,6,peak_mae,2.541013252792401,1.6081605605657463,0.15892459327020642,0.15625,2,7
GRU: climate -> training climatology,climate,gru_v2_climatology,gru_v2,8,mae,1.4155079516236302,1.8933897615065953,0.10714735149109467,0.15625,2,7
GRU: climate -> training climatology,climate,gru_v2_climatology,gru_v2,8,peak_mae,2.1379984099181746,2.1732235944829608,0.0727378355463233,0.078125,1,7
GRU: climate -> training climatology,climate,gru_v2_climatology,gru_v2,10,mae,1.0462128954306489,1.565055600550284,0.16860663235138537,0.21875,2,7
GRU: climate -> training climatology,climate,gru_v2_climatology,gru_v2,10,peak_mae,2.855001601385644,1.2405544292807849,0.2610776853970093,0.578125,4,7
GRU: climate -> training climatology,climate,gru_v2_climatology,gru_v2,12,mae,1.475371195931191,2.3929241918859177,0.05381129636009467,0.078125,2,7
GRU: climate -> training climatology,climate,gru_v2_climatology,gru_v2,12,peak_mae,2.7765025781798207,1.5303882563273827,0.17679601820569948,0.375,3,7
GRU: climate removed,climate,gru_v2_noclimate,gru_v2,1,mae,0.03422290948945544,0.14764912857695192,0.887456426972415,0.6875,2,7
GRU: climate removed,climate,gru_v2_noclimate,gru_v2,1,peak_mae,0.5142572373079075,1.0826310509143735,0.32055079325491037,0.375,2,7
GRU: climate removed,climate,gru_v2_noclimate,gru_v2,2,mae,1.3201222033910702,1.7731860727455124,0.12656470028579048,0.03125,1,7
GRU: climate removed,climate,gru_v2_noclimate,gru_v2,2,peak_mae,2.3540151133696865,2.3113931473557607,0.0601539100507204,0.078125,1,7
GRU: climate removed,climate,gru_v2_noclimate,gru_v2,3,mae,1.9175176815122872,2.1845805781942707,0.07160770062348441,0.078125,2,7
GRU: climate removed,climate,gru_v2_noclimate,gru_v2,3,peak_mae,3.9848908593827272,2.397813760991095,0.0534538803625825,0.078125,1,7
GRU: climate removed,climate,gru_v2_noclimate,gru_v2,4,mae,2.2217831607051997,1.997222098223067,0.09278277629262463,0.046875,1,7
GRU: climate removed,climate,gru_v2_noclimate,gru_v2,4,peak_mae,4.862532914352582,2.924840823868284,0.02646406505739766,0.046875,1,7
GRU: climate removed,climate,gru_v2_noclimate,gru_v2,6,mae,1.9167215785761136,2.916880008461697,0.026739701202306378,0.046875,1,7
GRU: climate removed,climate,gru_v2_noclimate,gru_v2,6,peak_mae,4.384806465900363,2.4637453216802734,0.04887051228770809,0.046875,1,7
GRU: climate removed,climate,gru_v2_noclimate,gru_v2,8,mae,1.9350875478253602,1.9672758489226883,0.09671474330995287,0.15625,2,7
GRU: climate removed,climate,gru_v2_noclimate,gru_v2,8,peak_mae,3.72481005854592,2.406394769827367,0.05283263249806549,0.078125,1,7
GRU: climate removed,climate,gru_v2_noclimate,gru_v2,10,mae,1.3446352382498858,1.2781212532638324,0.24842306837798325,0.46875,3,7
GRU: climate removed,climate,gru_v2_noclimate,gru_v2,10,peak_mae,3.8936815792957384,1.6262451673594385,0.1550223166895144,0.296875,3,7
GRU: climate removed,climate,gru_v2_noclimate,gru_v2,12,mae,2.4883144555913574,2.2376847383428764,0.06655864334036567,0.046875,1,7
GRU: climate removed,climate,gru_v2_noclimate,gru_v2,12,peak_mae,5.1182474513682905,3.284201675990604,0.01673451242092823,0.03125,1,7
LightGBM: climate removed,climate,lgbm_v2_noclimate,lgbm_v2,1,mae,0.4034509086256937,1.6771292218569396,0.14452952681032044,0.03125,1,7
LightGBM: climate removed,climate,lgbm_v2_noclimate,lgbm_v2,1,peak_mae,0.753942870014115,2.447390641448305,0.04996749746980447,0.078125,2,7
LightGBM: climate removed,climate,lgbm_v2_noclimate,lgbm_v2,2,mae,0.6378435698331931,1.9578848290448123,0.09798203965972811,0.015625,0,7
LightGBM: climate removed,climate,lgbm_v2_noclimate,lgbm_v2,2,peak_mae,1.4048670582194238,3.2380769805607565,0.01772964973417679,0.015625,0,7
LightGBM: climate removed,climate,lgbm_v2_noclimate,lgbm_v2,3,mae,0.45629067915986177,3.3996122416840993,0.01450285085581012,0.015625,0,7
LightGBM: climate removed,climate,lgbm_v2_noclimate,lgbm_v2,3,peak_mae,0.897711474847265,3.037253851131979,0.022883488274489293,0.015625,0,7
LightGBM: climate removed,climate,lgbm_v2_noclimate,lgbm_v2,4,mae,0.6303205939386787,2.0564433441988554,0.08547620902585147,0.078125,2,7
LightGBM: climate removed,climate,lgbm_v2_noclimate,lgbm_v2,4,peak_mae,1.4635329613681383,1.918497657362413,0.1034814611899733,0.15625,2,7
LightGBM: climate removed,climate,lgbm_v2_noclimate,lgbm_v2,6,mae,0.662533100106842,1.8279639043446976,0.1173186526657718,0.109375,2,7
LightGBM: climate removed,climate,lgbm_v2_noclimate,lgbm_v2,6,peak_mae,1.1423309504031767,1.383462175369751,0.2157964837344101,0.21875,2,7
LightGBM: climate removed,climate,lgbm_v2_noclimate,lgbm_v2,8,mae,0.4665110379721616,1.3412410411323792,0.22838028227348617,0.296875,3,7
LightGBM: climate removed,climate,lgbm_v2_noclimate,lgbm_v2,8,peak_mae,0.33629825568700056,0.3824742480367417,0.7152912795062011,0.8125,3,7
LightGBM: climate removed,climate,lgbm_v2_noclimate,lgbm_v2,10,mae,0.8401543522865076,2.2585714656730738,0.06467494269996915,0.109375,2,7
LightGBM: climate removed,climate,lgbm_v2_noclimate,lgbm_v2,10,peak_mae,0.7110119832242978,1.0557744705809242,0.33171653796312023,0.296875,2,7
LightGBM: climate removed,climate,lgbm_v2_noclimate,lgbm_v2,12,mae,0.5241935378142958,1.8096569747447184,0.12033215538988304,0.109375,2,7
LightGBM: climate removed,climate,lgbm_v2_noclimate,lgbm_v2,12,peak_mae,-0.2371092276039773,-0.3341948432995653,0.7496045465846579,0.8125,3,7
LightGBM: climate -> training climatology,climate,lgbm_v2_climatology,lgbm_v2,1,mae,0.06573970031878039,1.1672759346792538,0.28738479734583605,0.15625,1,7
LightGBM: climate -> training climatology,climate,lgbm_v2_climatology,lgbm_v2,1,peak_mae,0.2281126842623011,1.0009827919582512,0.3554792943599432,0.578125,3,7
LightGBM: climate -> training climatology,climate,lgbm_v2_climatology,lgbm_v2,2,mae,0.34211706952963566,2.9371053235501376,0.026045412147544703,0.015625,0,7
LightGBM: climate -> training climatology,climate,lgbm_v2_climatology,lgbm_v2,2,peak_mae,1.1240952265497393,2.759239770350787,0.0328870788846406,0.015625,0,7
LightGBM: climate -> training climatology,climate,lgbm_v2_climatology,lgbm_v2,3,mae,0.29290618257917395,3.8515850316300653,0.008444408490164134,0.015625,0,7
LightGBM: climate -> training climatology,climate,lgbm_v2_climatology,lgbm_v2,3,peak_mae,0.8082995535509961,3.1520061010271045,0.019764353908213766,0.015625,0,7
LightGBM: climate -> training climatology,climate,lgbm_v2_climatology,lgbm_v2,4,mae,0.18103368074662157,0.6109140713879494,0.5636678401048572,0.46875,3,7
LightGBM: climate -> training climatology,climate,lgbm_v2_climatology,lgbm_v2,4,peak_mae,0.9103594986751291,1.4738801717015646,0.19094966122936397,0.21875,2,7
LightGBM: climate -> training climatology,climate,lgbm_v2_climatology,lgbm_v2,6,mae,0.4840602743565806,1.9415290949953927,0.10022918886090391,0.109375,2,7
LightGBM: climate -> training climatology,climate,lgbm_v2_climatology,lgbm_v2,6,peak_mae,0.874269089932603,1.5729582503160149,0.16679064538946523,0.109375,1,7
LightGBM: climate -> training climatology,climate,lgbm_v2_climatology,lgbm_v2,8,mae,0.45993149282890045,1.2671033118019535,0.252077385951646,0.46875,3,7
LightGBM: climate -> training climatology,climate,lgbm_v2_climatology,lgbm_v2,8,peak_mae,0.8648188271354934,1.2054843552603918,0.27339596504406277,0.296875,2,7
LightGBM: climate -> training climatology,climate,lgbm_v2_climatology,lgbm_v2,10,mae,0.8280813212133918,1.9131465881742193,0.10425208954468612,0.109375,2,7
LightGBM: climate -> training climatology,climate,lgbm_v2_climatology,lgbm_v2,10,peak_mae,0.5982856968185857,0.7334011272698467,0.49096455046904935,0.46875,2,7
LightGBM: climate -> training climatology,climate,lgbm_v2_climatology,lgbm_v2,12,mae,0.24621482724494825,1.003421298833634,0.35439342191881434,0.46875,2,7
LightGBM: climate -> training climatology,climate,lgbm_v2_climatology,lgbm_v2,12,peak_mae,-0.22093869443192002,-0.6474943706226733,0.5412788142225016,0.9375,2,7
Chronos-2: climate covariates added,climate,chronos2_climate,chronos2,1,mae,0.6825062688763681,1.1649157324091721,0.2882686451787248,0.375,3,7
Chronos-2: climate covariates added,climate,chronos2_climate,chronos2,1,peak_mae,1.3889682900332196,2.0963998130817556,0.0808792997440556,0.03125,1,7
Chronos-2: climate covariates added,climate,chronos2_climate,chronos2,2,mae,0.21956529069538583,0.5120604213728741,0.6269044456485842,1.0,4,7
Chronos-2: climate covariates added,climate,chronos2_climate,chronos2,2,peak_mae,0.6204689252947614,0.987618477895207,0.36147761387452704,0.46875,3,7
Chronos-2: climate covariates added,climate,chronos2_climate,chronos2,3,mae,-0.28947739008913487,-0.9836624857183723,0.36326851458322407,0.46875,5,7
Chronos-2: climate covariates added,climate,chronos2_climate,chronos2,3,peak_mae,-0.03401913053391224,-0.04501699737620712,0.9655546118652067,0.8125,3,7
Chronos-2: climate covariates added,climate,chronos2_climate,chronos2,4,mae,-0.9609605045544095,-2.409676032529787,0.05259708130687101,0.078125,6,7
Chronos-2: climate covariates added,climate,chronos2_climate,chronos2,4,peak_mae,-0.9390370710468231,-0.8635322958860562,0.42101816885618576,0.578125,4,7
Chronos-2: climate covariates added,climate,chronos2_climate,chronos2,6,mae,-1.242040003957457,-2.412742065102143,0.052377976515112855,0.046875,6,7
Chronos-2: climate covariates added,climate,chronos2_climate,chronos2,6,peak_mae,-0.2242821819773328,-0.2214595119739548,0.8320793299116961,0.8125,4,7
Chronos-2: climate covariates added,climate,chronos2_climate,chronos2,8,mae,-1.5968056495433702,-2.207234242798924,0.06940713713474335,0.078125,6,7
Chronos-2: climate covariates added,climate,chronos2_climate,chronos2,8,peak_mae,0.12037549858043153,0.10732994173435369,0.9180261798871923,1.0,3,7
Chronos-2: climate covariates added,climate,chronos2_climate,chronos2,10,mae,-1.878098796032928,-1.904936640793842,0.10544560483083908,0.109375,6,7
Chronos-2: climate covariates added,climate,chronos2_climate,chronos2,10,peak_mae,1.2069397689799917,1.3774503167990364,0.21754907683510552,0.296875,2,7
Chronos-2: climate covariates added,climate,chronos2_climate,chronos2,12,mae,-1.775711985747238,-1.4647580147047479,0.19333112498307278,0.296875,5,7
Chronos-2: climate covariates added,climate,chronos2_climate,chronos2,12,peak_mae,2.852091504245295,3.3120069793124656,0.016164305068334387,0.03125,1,7
NB: climate shuffled,climate,nb_shared_v2_shuffled,nb_shared_v2,1,mae,0.8059734605017636,1.2589561923924288,0.25480991006698067,0.078125,2,7
NB: climate shuffled,climate,nb_shared_v2_shuffled,nb_shared_v2,1,peak_mae,1.3415842505423012,1.8594132555798328,0.11231507484832101,0.046875,1,7
NB: climate shuffled,climate,nb_shared_v2_shuffled,nb_shared_v2,2,mae,1.3302031930333822,1.5022349968449376,0.183720300895331,0.03125,1,7
NB: climate shuffled,climate,nb_shared_v2_shuffled,nb_shared_v2,2,peak_mae,2.4468106643876566,2.2238302928558915,0.06783937457127816,0.03125,1,7
NB: climate shuffled,climate,nb_shared_v2_shuffled,nb_shared_v2,3,mae,1.5918999239753968,1.6113912669219035,0.15822065789547507,0.046875,1,7
NB: climate shuffled,climate,nb_shared_v2_shuffled,nb_shared_v2,3,peak_mae,2.986464387859018,2.3953917108293923,0.05363061450117095,0.046875,1,7
NB: climate shuffled,climate,nb_shared_v2_shuffled,nb_shared_v2,4,mae,1.8368850646209123,1.6285373092999733,0.15453431527194375,0.046875,1,7
NB: climate shuffled,climate,nb_shared_v2_shuffled,nb_shared_v2,4,peak_mae,3.5796059019782613,2.459635567726254,0.049143765952554166,0.046875,1,7
NB: climate shuffled,climate,nb_shared_v2_shuffled,nb_shared_v2,6,mae,2.223789480959292,1.633051724666046,0.15357748737450183,0.015625,0,7
NB: climate shuffled,climate,nb_shared_v2_shuffled,nb_shared_v2,6,peak_mae,4.037936964156751,2.2905197637601646,0.06189990284929345,0.078125,1,7
NB: climate shuffled,climate,nb_shared_v2_shuffled,nb_shared_v2,8,mae,2.4152429331674625,1.612802356750673,0.1579141318759929,0.015625,0,7
NB: climate shuffled,climate,nb_shared_v2_shuffled,nb_shared_v2,8,peak_mae,4.625099161539473,2.1991312305553943,0.07018613719493677,0.109375,2,7
NB: climate shuffled,climate,nb_shared_v2_shuffled,nb_shared_v2,10,mae,2.657715806206375,1.7232106695245675,0.13562143991357883,0.03125,1,7
NB: climate shuffled,climate,nb_shared_v2_shuffled,nb_shared_v2,10,peak_mae,5.552479379329891,2.1551468587560754,0.07457463134019164,0.15625,2,7
NB: climate shuffled,climate,nb_shared_v2_shuffled,nb_shared_v2,12,mae,2.496376390904692,1.7021053383626616,0.13963320300227727,0.078125,2,7
NB: climate shuffled,climate,nb_shared_v2_shuffled,nb_shared_v2,12,peak_mae,5.492216199978913,2.428450631844076,0.051270344036482604,0.15625,2,7
NB: climate -> training climatology,climate,nb_shared_v2_climatology,nb_shared_v2,1,mae,0.2966680489321996,1.0986610149442246,0.3140353716610243,0.8125,4,7
NB: climate -> training climatology,climate,nb_shared_v2_climatology,nb_shared_v2,1,peak_mae,0.5645393383492266,1.3338006550342993,0.2306652123017521,0.375,3,7
NB: climate -> training climatology,climate,nb_shared_v2_climatology,nb_shared_v2,2,mae,0.576455180040085,1.4627461910704236,0.19386003247836153,0.296875,3,7
NB: climate -> training climatology,climate,nb_shared_v2_climatology,nb_shared_v2,2,peak_mae,1.3466333626385243,1.7972644520650674,0.12241528986106949,0.15625,2,7
NB: climate -> training climatology,climate,nb_shared_v2_climatology,nb_shared_v2,3,mae,0.733007809800263,1.571324534364364,0.16716453850428853,0.296875,3,7
NB: climate -> training climatology,climate,nb_shared_v2_climatology,nb_shared_v2,3,peak_mae,1.6618316341982522,1.8076346875280056,0.12066969302175162,0.15625,2,7
NB: climate -> training climatology,climate,nb_shared_v2_climatology,nb_shared_v2,4,mae,0.9934805446126193,1.6489133745480802,0.15026047660622222,0.21875,2,7
NB: climate -> training climatology,climate,nb_shared_v2_climatology,nb_shared_v2,4,peak_mae,2.2331420041315995,1.7069965850783475,0.13869332345110022,0.15625,2,7
NB: climate -> training climatology,climate,nb_shared_v2_climatology,nb_shared_v2,6,mae,1.2449823761144516,1.6819511075945708,0.14357148349272897,0.078125,1,7
NB: climate -> training climatology,climate,nb_shared_v2_climatology,nb_shared_v2,6,peak_mae,2.457553791332335,1.7014576129583476,0.1397581293292086,0.21875,2,7
NB: climate -> training climatology,climate,nb_shared_v2_climatology,nb_shared_v2,8,mae,1.3495010021425127,1.5431277851103586,0.1737439464721476,0.296875,2,7
NB: climate -> training climatology,climate,nb_shared_v2_climatology,nb_shared_v2,8,peak_mae,2.671459957264822,1.602541540398822,0.1601560397362553,0.375,3,7
NB: climate -> training climatology,climate,nb_shared_v2_climatology,nb_shared_v2,10,mae,1.471029096689475,1.6156159396669885,0.15730463943154882,0.15625,2,7
NB: climate -> training climatology,climate,nb_shared_v2_climatology,nb_shared_v2,10,peak_mae,3.33743680420766,1.7452789014193708,0.13154666493224598,0.21875,3,7
NB: climate -> training climatology,climate,nb_shared_v2_climatology,nb_shared_v2,12,mae,1.2611894394913261,1.414194816025216,0.20703649278173838,0.296875,3,7
NB: climate -> training climatology,climate,nb_shared_v2_climatology,nb_shared_v2,12,peak_mae,3.200984162487238,1.8711045450757555,0.11050947203422654,0.21875,3,7
NB: climate removed,climate,nb_shared_v2_noclimate,nb_shared_v2,1,mae,1.4541751330430575,1.102060614050296,0.3126678253593169,0.046875,1,7
NB: climate removed,climate,nb_shared_v2_noclimate,nb_shared_v2,1,peak_mae,2.0972744662844947,1.3864852880057028,0.21492003592807207,0.078125,2,7
NB: climate removed,climate,nb_shared_v2_noclimate,nb_shared_v2,2,mae,1.764036906489735,1.2247705938186673,0.26656068671036115,0.015625,0,7
NB: climate removed,climate,nb_shared_v2_noclimate,nb_shared_v2,2,peak_mae,3.0596465320384962,1.841012931873813,0.11521630451830864,0.046875,1,7
NB: climate removed,climate,nb_shared_v2_noclimate,nb_shared_v2,3,mae,1.9470419517589346,1.308116439186624,0.2387110430289901,0.015625,0,7
NB: climate removed,climate,nb_shared_v2_noclimate,nb_shared_v2,3,peak_mae,3.5535391326813714,2.0320127982947356,0.08841697158809911,0.03125,1,7
NB: climate removed,climate,nb_shared_v2_noclimate,nb_shared_v2,4,mae,2.3076784850369765,1.4169337673917692,0.20627177979255465,0.015625,0,7
NB: climate removed,climate,nb_shared_v2_noclimate,nb_shared_v2,4,peak_mae,4.291522991700465,2.205583515755941,0.06956510658066448,0.046875,1,7
NB: climate removed,climate,nb_shared_v2_noclimate,nb_shared_v2,6,mae,2.6967876149008227,1.491895820581851,0.1863263095881748,0.015625,0,7
NB: climate removed,climate,nb_shared_v2_noclimate,nb_shared_v2,6,peak_mae,4.696480417542527,2.0735384479115533,0.08347772520387062,0.109375,1,7
NB: climate removed,climate,nb_shared_v2_noclimate,nb_shared_v2,8,mae,3.0118784988596303,1.6158038472572789,0.15726401411202084,0.015625,0,7
NB: climate removed,climate,nb_shared_v2_noclimate,nb_shared_v2,8,peak_mae,5.427847330190379,2.1877975763837547,0.07129087379703632,0.078125,1,7
NB: climate removed,climate,nb_shared_v2_noclimate,nb_shared_v2,10,mae,3.3524224203469495,1.8277565145465817,0.1173523700395948,0.03125,1,7
NB: climate removed,climate,nb_shared_v2_noclimate,nb_shared_v2,10,peak_mae,6.313934565161273,2.2506571217523534,0.06538212656516115,0.078125,2,7
NB: climate removed,climate,nb_shared_v2_noclimate,nb_shared_v2,12,mae,3.2628495403967075,1.8481542781321705,0.11408158951258864,0.046875,1,7
NB: climate removed,climate,nb_shared_v2_noclimate,nb_shared_v2,12,peak_mae,5.935546951191335,2.3331555707398364,0.058388068704061234,0.078125,2,7
NB: weather one week late,availability,nb_shared_v2_wxlag1,nb_shared_v2,1,mae,-0.010198355104014314,-0.14451853569511527,0.8898231926735486,0.8125,4,7
NB: weather one week late,availability,nb_shared_v2_wxlag1,nb_shared_v2,1,peak_mae,-0.16260511651427528,-1.3595466931826097,0.22284512427857497,0.21875,5,7
NB: weather one week late,availability,nb_shared_v2_wxlag1,nb_shared_v2,2,mae,0.1653618080033181,0.9129774054386737,0.3964563303920676,0.9375,4,7
NB: weather one week late,availability,nb_shared_v2_wxlag1,nb_shared_v2,2,peak_mae,0.42014584228907126,2.1266594005861665,0.0775664765569675,0.078125,2,7
NB: weather one week late,availability,nb_shared_v2_wxlag1,nb_shared_v2,3,mae,0.19346879535558617,0.9440599154740891,0.38158453513497775,0.578125,2,7
NB: weather one week late,availability,nb_shared_v2_wxlag1,nb_shared_v2,3,peak_mae,0.38493937170317594,1.486910141191617,0.18759524355402615,0.15625,1,7
NB: weather one week late,availability,nb_shared_v2_wxlag1,nb_shared_v2,4,mae,0.26599004768816137,1.0408233322441534,0.3380691977506042,0.375,2,7
NB: weather one week late,availability,nb_shared_v2_wxlag1,nb_shared_v2,4,peak_mae,0.725462401646334,2.778981470427935,0.03204006654893405,0.015625,0,7
NB: weather one week late,availability,nb_shared_v2_wxlag1,nb_shared_v2,6,mae,0.26971663556569275,0.6956896172251918,0.5126542268500867,0.8125,3,7
NB: weather one week late,availability,nb_shared_v2_wxlag1,nb_shared_v2,6,peak_mae,0.7292587913810346,1.9375289799850441,0.10078660246809303,0.078125,1,7
NB: weather one week late,availability,nb_shared_v2_wxlag1,nb_shared_v2,8,mae,0.03140369064897313,0.07762137596707425,0.9406530258986345,0.8125,4,7
NB: weather one week late,availability,nb_shared_v2_wxlag1,nb_shared_v2,8,peak_mae,0.4615076619801073,1.32151237894987,0.23448385709380284,0.296875,3,7
NB: weather one week late,availability,nb_shared_v2_wxlag1,nb_shared_v2,10,mae,-0.14258898334370076,-0.30400299991236357,0.7713926623195645,0.8125,4,7
NB: weather one week late,availability,nb_shared_v2_wxlag1,nb_shared_v2,10,peak_mae,0.47533304332041987,0.8781382017823798,0.4136469335119863,0.6875,3,7
NB: weather one week late,availability,nb_shared_v2_wxlag1,nb_shared_v2,12,mae,-0.20569631626235513,-0.4213624262491718,0.6881683358088779,0.6875,5,7
NB: weather one week late,availability,nb_shared_v2_wxlag1,nb_shared_v2,12,peak_mae,0.5036354585181684,0.923226732546639,0.39150402547014357,0.578125,3,7
"Head: pinball vs MSE (separate, v2)",nb,gru_v2_quantile,gru_v2,1,mae,-0.7119714872662508,-1.0761357212383276,0.32322247889088385,0.375,5,7
"Head: pinball vs MSE (separate, v2)",nb,gru_v2_quantile,gru_v2,1,peak_mae,-1.6023896284419348,-2.083001126633733,0.08239202411445758,0.046875,6,7
"Head: pinball vs MSE (separate, v2)",nb,gru_v2_quantile,gru_v2,2,mae,-0.2793971389053476,-0.935900483455479,0.3854461474516161,0.46875,5,7
"Head: pinball vs MSE (separate, v2)",nb,gru_v2_quantile,gru_v2,2,peak_mae,-1.5910541313261928,-3.011524687238414,0.023653981879621002,0.03125,6,7
"Head: pinball vs MSE (separate, v2)",nb,gru_v2_quantile,gru_v2,3,mae,0.10095064243504227,0.27820125737263296,0.7901964239464977,0.46875,2,7
"Head: pinball vs MSE (separate, v2)",nb,gru_v2_quantile,gru_v2,3,peak_mae,-0.5937269856389104,-1.0594013461887002,0.33019027369472775,0.375,5,7
"Head: pinball vs MSE (separate, v2)",nb,gru_v2_quantile,gru_v2,4,mae,-0.23936470994866937,-0.28809202075379275,0.7829691002417339,0.296875,1,7
"Head: pinball vs MSE (separate, v2)",nb,gru_v2_quantile,gru_v2,4,peak_mae,-0.47446126445103837,-0.4102983521018209,0.695835807914875,0.9375,2,7
"Head: pinball vs MSE (separate, v2)",nb,gru_v2_quantile,gru_v2,6,mae,-1.366412016998207,-0.7758983146806,0.46728108095642595,0.9375,4,7
"Head: pinball vs MSE (separate, v2)",nb,gru_v2_quantile,gru_v2,6,peak_mae,-2.271483040307172,-1.0803015482164828,0.3215068695258924,0.375,5,7
"Head: pinball vs MSE (separate, v2)",nb,gru_v2_quantile,gru_v2,8,mae,-1.0501434221625456,-0.8848874373334227,0.4102735641936221,0.8125,3,7
"Head: pinball vs MSE (separate, v2)",nb,gru_v2_quantile,gru_v2,8,peak_mae,-2.8632847752407216,-2.244631782410821,0.06592588718093322,0.015625,7,7
"Head: pinball vs MSE (separate, v2)",nb,gru_v2_quantile,gru_v2,10,mae,-1.0348753977536853,-0.8203035472830272,0.44340348084488324,0.578125,5,7
"Head: pinball vs MSE (separate, v2)",nb,gru_v2_quantile,gru_v2,10,peak_mae,-1.8476449559834347,-1.0122131242798613,0.3505003992121145,0.21875,6,7
"Head: pinball vs MSE (separate, v2)",nb,gru_v2_quantile,gru_v2,12,mae,-0.33752085827503364,-0.6547780979950948,0.5368885159230407,0.6875,4,7
"Head: pinball vs MSE (separate, v2)",nb,gru_v2_quantile,gru_v2,12,peak_mae,-1.4322609282797825,-1.0784663402943837,0.3222617337763941,0.46875,5,7
"Head: NB vs MSE (separate, v2)",nb,gru_v2_nb,gru_v2,1,mae,-0.6985399899209127,-0.8793911728841751,0.41301911268285824,1.0,4,7
"Head: NB vs MSE (separate, v2)",nb,gru_v2_nb,gru_v2,1,peak_mae,-1.4916788053881842,-1.4641214459807996,0.19349833381249962,0.21875,5,7
"Head: NB vs MSE (separate, v2)",nb,gru_v2_nb,gru_v2,2,mae,-0.2568446128928229,-0.6808578022926978,0.52135602484114,0.6875,2,7
"Head: NB vs MSE (separate, v2)",nb,gru_v2_nb,gru_v2,2,peak_mae,-1.765688991659474,-2.5485323024044026,0.04357672562433942,0.078125,5,7
"Head: NB vs MSE (separate, v2)",nb,gru_v2_nb,gru_v2,3,mae,0.13651653632740487,0.2979980095771256,0.7757543652943297,0.375,2,7
"Head: NB vs MSE (separate, v2)",nb,gru_v2_nb,gru_v2,3,peak_mae,-1.1366864660835492,-1.0717160753341746,0.3250508592211437,0.296875,6,7
"Head: NB vs MSE (separate, v2)",nb,gru_v2_nb,gru_v2,4,mae,-0.22965894084010557,-0.2894532722048403,0.7819762502733081,0.375,2,7
"Head: NB vs MSE (separate, v2)",nb,gru_v2_nb,gru_v2,4,peak_mae,-0.9865616184107192,-0.8369415209589606,0.43468716667805546,0.578125,4,7
"Head: NB vs MSE (separate, v2)",nb,gru_v2_nb,gru_v2,6,mae,-1.0164494568494207,-0.49506457519460906,0.6381594270981205,0.46875,2,7
"Head: NB vs MSE (separate, v2)",nb,gru_v2_nb,gru_v2,6,peak_mae,-1.7419385176454572,-0.6365190741064582,0.5479369410122876,0.8125,3,7
"Head: NB vs MSE (separate, v2)",nb,gru_v2_nb,gru_v2,8,mae,-2.3894116142345823,-1.0353666328531872,0.34041221428322116,0.375,5,7
"Head: NB vs MSE (separate, v2)",nb,gru_v2_nb,gru_v2,8,peak_mae,-5.125059809529516,-1.9044528487167462,0.1055163601790544,0.109375,6,7
"Head: NB vs MSE (separate, v2)",nb,gru_v2_nb,gru_v2,10,mae,-0.20737999380199312,-0.06309845193099146,0.9517376675405417,0.296875,6,7
"Head: NB vs MSE (separate, v2)",nb,gru_v2_nb,gru_v2,10,peak_mae,-1.8995473535571514,-0.7691266129661752,0.4710006421832097,0.46875,5,7
"Head: NB vs MSE (separate, v2)",nb,gru_v2_nb,gru_v2,12,mae,2.1501010543279135,0.5101993267258113,0.6281316273562697,0.375,5,7
"Head: NB vs MSE (separate, v2)",nb,gru_v2_nb,gru_v2,12,peak_mae,-1.3856424005987102,-0.520756337668159,0.6211878339405471,0.8125,4,7
"Head: NB vs pinball (separate, v2)",nb,gru_v2_nb,gru_v2_quantile,1,mae,0.013431497345338122,0.07464261926988162,0.9429254680257398,0.6875,2,7
"Head: NB vs pinball (separate, v2)",nb,gru_v2_nb,gru_v2_quantile,1,peak_mae,0.11071082305375057,0.24331025605242917,0.8158700798867254,0.8125,4,7
"Head: NB vs pinball (separate, v2)",nb,gru_v2_nb,gru_v2_quantile,2,mae,0.022552526012524714,0.13543195382647047,0.8966997158864195,0.9375,3,7
"Head: NB vs pinball (separate, v2)",nb,gru_v2_nb,gru_v2_quantile,2,peak_mae,-0.17463486033328124,-0.2570884128522197,0.8056997177143552,0.8125,4,7
"Head: NB vs pinball (separate, v2)",nb,gru_v2_nb,gru_v2_quantile,3,mae,0.03556589389236261,0.1759855335588323,0.8660947676626971,1.0,3,7
"Head: NB vs pinball (separate, v2)",nb,gru_v2_nb,gru_v2_quantile,3,peak_mae,-0.5429594804446387,-0.7275189997462719,0.49430620784053847,0.296875,5,7
"Head: NB vs pinball (separate, v2)",nb,gru_v2_nb,gru_v2_quantile,4,mae,0.0097057691085638,0.03158311199527961,0.9758289039852801,0.375,2,7
"Head: NB vs pinball (separate, v2)",nb,gru_v2_nb,gru_v2_quantile,4,peak_mae,-0.5121003539596808,-1.136237774590955,0.299193833153364,0.46875,4,7
"Head: NB vs pinball (separate, v2)",nb,gru_v2_nb,gru_v2_quantile,6,mae,0.3499625601487862,0.6045301945743436,0.5676325545731812,0.8125,3,7
"Head: NB vs pinball (separate, v2)",nb,gru_v2_nb,gru_v2_quantile,6,peak_mae,0.5295445226617151,0.549211665527286,0.6026845675687665,0.8125,3,7
"Head: NB vs pinball (separate, v2)",nb,gru_v2_nb,gru_v2_quantile,8,mae,-1.3392681920720364,-1.0769882447484673,0.3228707717706474,0.296875,5,7
"Head: NB vs pinball (separate, v2)",nb,gru_v2_nb,gru_v2_quantile,8,peak_mae,-2.2617750342887946,-1.2908735626032874,0.24425202632284618,0.46875,5,7
"Head: NB vs pinball (separate, v2)",nb,gru_v2_nb,gru_v2_quantile,10,mae,0.8274954039516922,0.28839837802917195,0.7827456146398706,0.296875,6,7
"Head: NB vs pinball (separate, v2)",nb,gru_v2_nb,gru_v2_quantile,10,peak_mae,-0.05190239757371679,-0.022803290725273255,0.9825466313136114,0.9375,3,7
"Head: NB vs pinball (separate, v2)",nb,gru_v2_nb,gru_v2_quantile,12,mae,2.4876219126029473,0.5911404765905229,0.5760029237300655,0.46875,5,7
"Head: NB vs pinball (separate, v2)",nb,gru_v2_nb,gru_v2_quantile,12,peak_mae,0.04661852768107216,0.024024962984652922,0.981611782354921,0.8125,3,7
"Sharing: shared trunk vs separate (NB, v2)",nb,nb_shared_v2,gru_v2_nb,1,mae,0.6852111410601969,1.8905678725183124,0.1075673830737897,0.03125,1,7
"Sharing: shared trunk vs separate (NB, v2)",nb,nb_shared_v2,gru_v2_nb,1,peak_mae,1.0743385023219258,2.01035437033099,0.09110977276230343,0.15625,2,7
"Sharing: shared trunk vs separate (NB, v2)",nb,nb_shared_v2,gru_v2_nb,2,mae,0.5745932683668542,1.655807864851728,0.14884025172752846,0.078125,1,7
"Sharing: shared trunk vs separate (NB, v2)",nb,nb_shared_v2,gru_v2_nb,2,peak_mae,0.8946770024579485,0.9988646752167082,0.3564246493487958,0.296875,2,7
"Sharing: shared trunk vs separate (NB, v2)",nb,nb_shared_v2,gru_v2_nb,3,mae,0.6867800124403901,1.2772309939750504,0.24871659426645165,0.15625,2,7
"Sharing: shared trunk vs separate (NB, v2)",nb,nb_shared_v2,gru_v2_nb,3,peak_mae,1.5487803564563656,1.8666828138493363,0.11118894727982681,0.109375,2,7
"Sharing: shared trunk vs separate (NB, v2)",nb,nb_shared_v2,gru_v2_nb,4,mae,0.770399474739097,0.9247960723958399,0.3907499536947275,0.8125,4,7
"Sharing: shared trunk vs separate (NB, v2)",nb,nb_shared_v2,gru_v2_nb,4,peak_mae,1.22056589787305,1.041560027527956,0.3377538782773203,0.46875,3,7
"Sharing: shared trunk vs separate (NB, v2)",nb,nb_shared_v2,gru_v2_nb,6,mae,0.4119185845600943,0.5216267915206151,0.6206171880631337,0.8125,4,7
"Sharing: shared trunk vs separate (NB, v2)",nb,nb_shared_v2,gru_v2_nb,6,peak_mae,0.416806372657154,0.4173331848988542,0.690955989592415,0.6875,5,7
"Sharing: shared trunk vs separate (NB, v2)",nb,nb_shared_v2,gru_v2_nb,8,mae,1.5154392148731766,1.9324868524915488,0.10149365115037527,0.03125,1,7
"Sharing: shared trunk vs separate (NB, v2)",nb,nb_shared_v2,gru_v2_nb,8,peak_mae,2.029246971944943,1.430539788595613,0.20251125494564937,0.46875,3,7
"Sharing: shared trunk vs separate (NB, v2)",nb,nb_shared_v2,gru_v2_nb,10,mae,-0.8946326629345513,-0.46367505061612774,0.6592247504953929,0.296875,1,7
"Sharing: shared trunk vs separate (NB, v2)",nb,nb_shared_v2,gru_v2_nb,10,peak_mae,-1.296175512347207,-0.7428989484819002,0.4856013251918036,0.46875,5,7
"Sharing: shared trunk vs separate (NB, v2)",nb,nb_shared_v2,gru_v2_nb,12,mae,-2.586197387518141,-0.7975263118348365,0.45553979123549043,0.9375,2,7
"Sharing: shared trunk vs separate (NB, v2)",nb,nb_shared_v2,gru_v2_nb,12,peak_mae,-2.019829218904275,-1.1967259472166323,0.27654976288104227,0.296875,5,7
Features: v3 vs v2 (NB shared),nb,nb_shared_v3,nb_shared_v2,1,mae,0.5378637086184249,1.0357074625434943,0.34026548319619077,0.6875,4,7
Features: v3 vs v2 (NB shared),nb,nb_shared_v3,nb_shared_v2,1,peak_mae,0.6807706696195169,0.7519466560525955,0.4805297281853456,0.21875,1,7
Features: v3 vs v2 (NB shared),nb,nb_shared_v3,nb_shared_v2,2,mae,0.7071760315156533,1.3911885674620876,0.21356291962334312,0.21875,2,7
Features: v3 vs v2 (NB shared),nb,nb_shared_v3,nb_shared_v2,2,peak_mae,1.315866289094726,1.3634021542518684,0.22169488431627976,0.15625,1,7
Features: v3 vs v2 (NB shared),nb,nb_shared_v3,nb_shared_v2,3,mae,0.7308203745939595,1.3602605797406668,0.22263173693886174,0.296875,2,7
Features: v3 vs v2 (NB shared),nb,nb_shared_v3,nb_shared_v2,3,peak_mae,1.1952126285682805,1.1464484466951064,0.29526443703647454,0.296875,2,7
Features: v3 vs v2 (NB shared),nb,nb_shared_v3,nb_shared_v2,4,mae,0.7955090192826043,1.224603835045093,0.2666191465900158,0.375,3,7
Features: v3 vs v2 (NB shared),nb,nb_shared_v3,nb_shared_v2,4,peak_mae,1.2698265021608701,1.0738915804959115,0.32414980484496814,0.46875,3,7
Features: v3 vs v2 (NB shared),nb,nb_shared_v3,nb_shared_v2,6,mae,0.6794920174165472,0.8517796454503685,0.4270199438456029,0.6875,3,7
Features: v3 vs v2 (NB shared),nb,nb_shared_v3,nb_shared_v2,6,peak_mae,0.8041538515298693,0.6007617036521853,0.569980900749176,0.8125,4,7
Features: v3 vs v2 (NB shared),nb,nb_shared_v3,nb_shared_v2,8,mae,0.45256272029857214,0.5142197057887918,0.6254822790398835,0.8125,4,7
Features: v3 vs v2 (NB shared),nb,nb_shared_v3,nb_shared_v2,8,peak_mae,0.5745661757094008,0.4253997570219999,0.6853804592164116,0.8125,3,7
Features: v3 vs v2 (NB shared),nb,nb_shared_v3,nb_shared_v2,10,mae,0.21295182804616988,0.23115164961218462,0.8248778138520522,0.6875,5,7
Features: v3 vs v2 (NB shared),nb,nb_shared_v3,nb_shared_v2,10,peak_mae,0.33024319659890516,0.2523825670633851,0.8091687792569106,0.9375,3,7
Features: v3 vs v2 (NB shared),nb,nb_shared_v3,nb_shared_v2,12,mae,-0.13380261248185832,-0.16377287258261738,0.8752873895241119,0.9375,3,7
Features: v3 vs v2 (NB shared),nb,nb_shared_v3,nb_shared_v2,12,peak_mae,-0.15906564525153552,-0.15140905732481516,0.8846155585409099,0.578125,5,7
Features: v4 vs v2 (NB shared),nb,nb_shared_v4,nb_shared_v2,1,mae,0.6380026263045137,1.0118130255075775,0.35067681587143934,0.578125,3,7
Features: v4 vs v2 (NB shared),nb,nb_shared_v4,nb_shared_v2,1,peak_mae,0.602931812503879,0.6752408922810764,0.5246764757511624,0.6875,2,7
Features: v4 vs v2 (NB shared),nb,nb_shared_v4,nb_shared_v2,2,mae,0.9071283433547587,1.1767788967789827,0.2838494946029688,0.15625,2,7
Features: v4 vs v2 (NB shared),nb,nb_shared_v4,nb_shared_v2,2,peak_mae,1.0491141191632083,1.0269178628818776,0.34406590689462746,0.578125,2,7
Features: v4 vs v2 (NB shared),nb,nb_shared_v4,nb_shared_v2,3,mae,1.008154675513165,1.1726654144192536,0.2853752093079526,0.296875,3,7
Features: v4 vs v2 (NB shared),nb,nb_shared_v4,nb_shared_v2,3,peak_mae,1.184127444470975,1.044620597498635,0.3364464544417059,0.375,2,7
Features: v4 vs v2 (NB shared),nb,nb_shared_v4,nb_shared_v2,4,mae,1.0910684912571695,1.1487765788485957,0.2943746337414076,0.15625,1,7
Features: v4 vs v2 (NB shared),nb,nb_shared_v4,nb_shared_v2,4,peak_mae,1.1479497863772212,0.906432157221263,0.39964383819636257,0.46875,2,7
Features: v4 vs v2 (NB shared),nb,nb_shared_v4,nb_shared_v2,6,mae,1.0788319856244404,0.9977477139462384,0.35692397648571444,0.578125,3,7
Features: v4 vs v2 (NB shared),nb,nb_shared_v4,nb_shared_v2,6,peak_mae,0.7286299408459546,0.4815098381773404,0.6472121966503824,0.9375,4,7
Features: v4 vs v2 (NB shared),nb,nb_shared_v4,nb_shared_v2,8,mae,0.8903815052871684,0.7782707866290227,0.46598281551651505,0.8125,3,7
Features: v4 vs v2 (NB shared),nb,nb_shared_v4,nb_shared_v2,8,peak_mae,0.31665504315387694,0.19413450731448534,0.8524765682168532,0.6875,4,7
Features: v4 vs v2 (NB shared),nb,nb_shared_v4,nb_shared_v2,10,mae,0.6594609164420498,0.5988741063614236,0.5711593656346269,0.8125,4,7
Features: v4 vs v2 (NB shared),nb,nb_shared_v4,nb_shared_v2,10,peak_mae,0.18676324525859403,0.11980750284968153,0.9085466211775092,0.6875,4,7
Features: v4 vs v2 (NB shared),nb,nb_shared_v4,nb_shared_v2,12,mae,0.4015585043886937,0.42189585462619467,0.6877996811031398,0.578125,5,7
Features: v4 vs v2 (NB shared),nb,nb_shared_v4,nb_shared_v2,12,peak_mae,0.012786546626630622,0.009096484029442856,0.9930370669281355,0.6875,4,7
v4 thermal centre selected on validation,nb,nb_shared_v4_tsel,nb_shared_v4,1,mae,-0.14578339899094597,-1.155023404479583,0.29199834403957564,0.296875,5,7
v4 thermal centre selected on validation,nb,nb_shared_v4_tsel,nb_shared_v4,1,peak_mae,-0.25491659689038065,-1.4693008002868504,0.19214174555726163,0.296875,4,7
v4 thermal centre selected on validation,nb,nb_shared_v4_tsel,nb_shared_v4,2,mae,-0.24540465823484656,-1.2765304925170813,0.24894777074254118,0.46875,4,7
v4 thermal centre selected on validation,nb,nb_shared_v4_tsel,nb_shared_v4,2,peak_mae,-0.18200664765419258,-0.7020814282182897,0.5089338456872131,0.9375,4,7
v4 thermal centre selected on validation,nb,nb_shared_v4_tsel,nb_shared_v4,3,mae,-0.3609475430230142,-1.294581341279007,0.24305098342952847,0.375,4,7
v4 thermal centre selected on validation,nb,nb_shared_v4_tsel,nb_shared_v4,3,peak_mae,-0.4564149152962581,-1.289558612970398,0.24467923446661094,0.296875,5,7
v4 thermal centre selected on validation,nb,nb_shared_v4_tsel,nb_shared_v4,4,mae,-0.2858905245697684,-1.0356742596441812,0.3402797751713425,0.6875,3,7
v4 thermal centre selected on validation,nb,nb_shared_v4_tsel,nb_shared_v4,4,peak_mae,-0.17061231983227948,-0.45616949083864233,0.6643138697530973,0.8125,3,7
v4 thermal centre selected on validation,nb,nb_shared_v4_tsel,nb_shared_v4,6,mae,-0.3464752228903186,-1.2295848576991357,0.2648777711630467,0.296875,5,7
v4 thermal centre selected on validation,nb,nb_shared_v4_tsel,nb_shared_v4,6,peak_mae,-0.02285720665075632,-0.05793878872484156,0.9556787804087475,0.46875,2,7
v4 thermal centre selected on validation,nb,nb_shared_v4_tsel,nb_shared_v4,8,mae,-0.4460418826456599,-1.5264934983059102,0.17773912289147104,0.15625,5,7
v4 thermal centre selected on validation,nb,nb_shared_v4_tsel,nb_shared_v4,8,peak_mae,-0.027276704228145526,-0.056484271358259695,0.9567900400002326,0.9375,3,7
v4 thermal centre selected on validation,nb,nb_shared_v4_tsel,nb_shared_v4,10,mae,-0.45726587877531344,-1.8412427333603145,0.11517961698770073,0.15625,5,7
v4 thermal centre selected on validation,nb,nb_shared_v4_tsel,nb_shared_v4,10,peak_mae,-0.1387343470338145,-0.35545487979670404,0.7344111972261853,0.9375,4,7
v4 thermal centre selected on validation,nb,nb_shared_v4_tsel,nb_shared_v4,12,mae,-0.5407775243624329,-2.364978471885149,0.05590266681761594,0.078125,6,7
v4 thermal centre selected on validation,nb,nb_shared_v4_tsel,nb_shared_v4,12,peak_mae,-0.30055884532941235,-0.8609324295077037,0.4223404376863699,0.46875,4,7
NB point: mean vs median,nb,nb_shared_v2_mean,nb_shared_v2,1,mae,-0.016189579434763957,-0.045605776634583046,0.9651044609929069,0.6875,2,7
NB point: mean vs median,nb,nb_shared_v2_mean,nb_shared_v2,1,peak_mae,-1.6757680040161467,-3.4256197659079164,0.014046477230826367,0.015625,7,7
NB point: mean vs median,nb,nb_shared_v2_mean,nb_shared_v2,2,mae,0.24425436005848006,0.50002841425859,0.6348611458118909,0.578125,2,7
NB point: mean vs median,nb,nb_shared_v2_mean,nb_shared_v2,2,peak_mae,-1.7403597131807074,-3.5210158105579077,0.012503136859442949,0.03125,6,7
NB point: mean vs median,nb,nb_shared_v2_mean,nb_shared_v2,3,mae,0.4426436545791549,0.7245859639202691,0.4959782193206682,0.375,2,7
NB point: mean vs median,nb,nb_shared_v2_mean,nb_shared_v2,3,peak_mae,-1.9253802882078048,-3.797093159314373,0.008998350206689392,0.015625,7,7
NB point: mean vs median,nb,nb_shared_v2_mean,nb_shared_v2,4,mae,0.6794958297809333,0.8388554026227738,0.4336925909109988,0.296875,2,7
NB point: mean vs median,nb,nb_shared_v2_mean,nb_shared_v2,4,peak_mae,-1.9400999117177393,-3.127046760248727,0.020401110190019126,0.015625,7,7
NB point: mean vs median,nb,nb_shared_v2_mean,nb_shared_v2,6,mae,1.0312819930623114,1.017036944526272,0.348379018859817,0.296875,2,7
NB point: mean vs median,nb,nb_shared_v2_mean,nb_shared_v2,6,peak_mae,-2.672431266994464,-3.720047831577393,0.00985181272883729,0.015625,7,7
NB point: mean vs median,nb,nb_shared_v2_mean,nb_shared_v2,8,mae,1.365741697336597,1.0764418435989853,0.3230961523131674,0.21875,1,7
NB point: mean vs median,nb,nb_shared_v2_mean,nb_shared_v2,8,peak_mae,-3.458717461819186,-5.005607416427709,0.002438693472232541,0.015625,7,7
NB point: mean vs median,nb,nb_shared_v2_mean,nb_shared_v2,10,mae,1.7008045788535762,1.1144091517047234,0.3077421061289039,0.21875,1,7
NB point: mean vs median,nb,nb_shared_v2_mean,nb_shared_v2,10,peak_mae,-3.8947092426793337,-5.83313279735629,0.0011178004978065785,0.015625,7,7
NB point: mean vs median,nb,nb_shared_v2_mean,nb_shared_v2,12,mae,1.870784851636264,1.0834779480562915,0.3202037918007501,0.21875,1,7
NB point: mean vs median,nb,nb_shared_v2_mean,nb_shared_v2,12,peak_mae,-4.982360370885054,-8.746443561844176,0.00012363828811189493,0.015625,7,7
NB point (separate): mean vs median,nb,gru_v2_nb_mean,gru_v2_nb,1,mae,0.10440698801758533,0.460132847902438,0.6616240618408408,0.9375,3,7
NB point (separate): mean vs median,nb,gru_v2_nb_mean,gru_v2_nb,1,peak_mae,-1.0420298543747972,-3.3952307348881745,0.014581331282651244,0.03125,6,7
NB point (separate): mean vs median,nb,gru_v2_nb_mean,gru_v2_nb,2,mae,0.46839792972362687,1.333500342093716,0.23075786741940277,0.21875,2,7
NB point (separate): mean vs median,nb,gru_v2_nb_mean,gru_v2_nb,2,peak_mae,-1.1356028064488288,-2.8625020989248955,0.028707465876704395,0.078125,5,7
NB point (separate): mean vs median,nb,gru_v2_nb_mean,gru_v2_nb,3,mae,0.6520615085163973,1.1344473296876032,0.2998873829141453,0.296875,2,7
NB point (separate): mean vs median,nb,gru_v2_nb_mean,gru_v2_nb,3,peak_mae,-1.2934377972480067,-2.5598837422452827,0.04291540408152841,0.046875,6,7
NB point (separate): mean vs median,nb,gru_v2_nb_mean,gru_v2_nb,4,mae,0.9598452496738512,1.5900858592494624,0.16291828294117708,0.15625,2,7
NB point (separate): mean vs median,nb,gru_v2_nb_mean,gru_v2_nb,4,peak_mae,-1.311868701374897,-2.088867112320609,0.08172622789725564,0.21875,4,7
NB point (separate): mean vs median,nb,gru_v2_nb_mean,gru_v2_nb,6,mae,1.7512926244451477,1.50853126198008,0.1821500385380863,0.078125,2,7
NB point (separate): mean vs median,nb,gru_v2_nb_mean,gru_v2_nb,6,peak_mae,-1.5074933478523707,-1.577015084462559,0.165865622039266,0.21875,5,7
NB point (separate): mean vs median,nb,gru_v2_nb_mean,gru_v2_nb,8,mae,0.9972913376801491,1.050781934457255,0.33382692528527674,0.296875,2,7
NB point (separate): mean vs median,nb,gru_v2_nb_mean,gru_v2_nb,8,peak_mae,-4.3043298075759635,-7.24299575801484,0.0003517004069595441,0.015625,7,7
NB point (separate): mean vs median,nb,gru_v2_nb_mean,gru_v2_nb,10,mae,4.155991824458212,1.0003317153335443,0.3557696688633634,0.375,2,7
NB point (separate): mean vs median,nb,gru_v2_nb_mean,gru_v2_nb,10,peak_mae,-2.296958122005268,-0.6446261618403576,0.5430138573918113,0.296875,6,7
NB point (separate): mean vs median,nb,gru_v2_nb_mean,gru_v2_nb,12,mae,6.573321493601938,0.9770701864364097,0.36626847560746584,0.46875,2,7
NB point (separate): mean vs median,nb,gru_v2_nb_mean,gru_v2_nb,12,peak_mae,-1.490324129736159,-0.2648701425017399,0.7999738287443057,0.296875,6,7
GRU: outbreak-history removed (v1),other,gru_v1,gru_v2,1,mae,0.16173498074136233,1.2445151397363532,0.25971735600265344,0.21875,2,7
GRU: outbreak-history removed (v1),other,gru_v1,gru_v2,1,peak_mae,0.19356291275458812,0.6615313550472922,0.5328382745207604,0.578125,3,7
GRU: outbreak-history removed (v1),other,gru_v1,gru_v2,2,mae,0.8925375070302408,1.087506075247139,0.3185575856476973,0.21875,1,7
GRU: outbreak-history removed (v1),other,gru_v1,gru_v2,2,peak_mae,0.4421988641731675,0.3731474486563055,0.7218666240656132,0.8125,5,7
GRU: outbreak-history removed (v1),other,gru_v1,gru_v2,3,mae,0.6925816117056903,3.2570822355710214,0.017311968261732775,0.015625,0,7
GRU: outbreak-history removed (v1),other,gru_v1,gru_v2,3,peak_mae,0.6306461486227956,1.0645568365407716,0.3280306353946565,0.375,2,7
GRU: outbreak-history removed (v1),other,gru_v1,gru_v2,4,mae,0.6426338245024199,0.9485791719845,0.3794586619659302,0.296875,2,7
GRU: outbreak-history removed (v1),other,gru_v1,gru_v2,4,peak_mae,0.6113737548084218,0.4982696757908364,0.6360287159514225,0.9375,4,7
GRU: outbreak-history removed (v1),other,gru_v1,gru_v2,6,mae,-0.6632714370391319,-0.9559585426030573,0.3760072092337419,0.46875,4,7
GRU: outbreak-history removed (v1),other,gru_v1,gru_v2,6,peak_mae,-1.195904829327924,-1.1283982469026033,0.3022405922134171,0.46875,4,7
GRU: outbreak-history removed (v1),other,gru_v1,gru_v2,8,mae,-0.33701083593835435,-0.21188753265516594,0.8392091458406632,0.8125,2,7
GRU: outbreak-history removed (v1),other,gru_v1,gru_v2,8,peak_mae,-2.0163360069744685,-1.0914468549957106,0.3169538630817265,0.6875,3,7
GRU: outbreak-history removed (v1),other,gru_v1,gru_v2,10,mae,-0.7820530494354969,-0.37521299785139767,0.7204081506620033,0.578125,2,7
GRU: outbreak-history removed (v1),other,gru_v1,gru_v2,10,peak_mae,-2.8256773855315447,-1.1839033358134285,0.2812235131644895,0.6875,4,7
GRU: outbreak-history removed (v1),other,gru_v1,gru_v2,12,mae,-0.337244825295393,-0.3093964650494704,0.7674829242844557,1.0,3,7
GRU: outbreak-history removed (v1),other,gru_v1,gru_v2,12,peak_mae,-1.9627875677577131,-0.7779911625718824,0.4661356996516567,0.9375,2,7
GRU: contiguity graph added,spatial,gcn_v2,gru_v2,1,mae,1.2046937775733688,3.0182701764053657,0.023449291487644894,0.015625,0,7
GRU: contiguity graph added,spatial,gcn_v2,gru_v2,1,peak_mae,0.77779459706121,1.0951117855500485,0.3154684123974136,0.21875,3,7
GRU: contiguity graph added,spatial,gcn_v2,gru_v2,2,mae,3.783389905329,1.3723352978041166,0.21905038425052895,0.015625,0,7
GRU: contiguity graph added,spatial,gcn_v2,gru_v2,2,peak_mae,3.2689534440290067,0.934068699994216,0.38631721620809106,0.8125,3,7
GRU: contiguity graph added,spatial,gcn_v2,gru_v2,3,mae,3.133187083709543,2.0301605197256136,0.08864407927641411,0.015625,0,7
GRU: contiguity graph added,spatial,gcn_v2,gru_v2,3,peak_mae,3.3645835496043106,1.5768184878661493,0.16591033681261028,0.15625,2,7
GRU: contiguity graph added,spatial,gcn_v2,gru_v2,4,mae,2.287776433621379,1.7098573152712286,0.1381464676233584,0.078125,1,7
GRU: contiguity graph added,spatial,gcn_v2,gru_v2,4,peak_mae,2.678814414142591,1.1715516124366554,0.2857895288100875,0.375,2,7
GRU: contiguity graph added,spatial,gcn_v2,gru_v2,6,mae,1.0098909834128265,1.2462682304082129,0.25911722825209704,0.296875,3,7
GRU: contiguity graph added,spatial,gcn_v2,gru_v2,6,peak_mae,0.9982198984142135,0.5351983556454355,0.6117576151482533,0.8125,3,7
GRU: contiguity graph added,spatial,gcn_v2,gru_v2,8,mae,0.25368966375261487,0.17636380371089352,0.865810396869151,0.8125,3,7
GRU: contiguity graph added,spatial,gcn_v2,gru_v2,8,peak_mae,-1.1651496448954508,-0.38653708749051885,0.7124353049667272,0.578125,4,7
GRU: contiguity graph added,spatial,gcn_v2,gru_v2,10,mae,0.4010298511184201,0.5132125572476194,0.6261453967828998,0.578125,2,7
GRU: contiguity graph added,spatial,gcn_v2,gru_v2,10,peak_mae,0.831338083988326,0.3816776540573097,0.7158518400563507,0.6875,5,7
GRU: contiguity graph added,spatial,gcn_v2,gru_v2,12,mae,0.6769867999240294,0.5744148029312,0.586561664057015,0.46875,2,7
GRU: contiguity graph added,spatial,gcn_v2,gru_v2,12,peak_mae,0.6454132650944503,0.1984895080190447,0.8492168394631449,0.296875,1,7
GRU: learned graph added,spatial,adaptive_v2,gru_v2,1,mae,0.4897608692322046,2.529097066209679,0.04473418545557173,0.078125,2,7
GRU: learned graph added,spatial,adaptive_v2,gru_v2,1,peak_mae,0.33608965782369843,0.8300789532513574,0.4382670902824036,0.46875,3,7
GRU: learned graph added,spatial,adaptive_v2,gru_v2,2,mae,5.578200051723971,1.1886424914271083,0.27948827893913697,0.046875,1,7
GRU: learned graph added,spatial,adaptive_v2,gru_v2,2,peak_mae,5.789945497370472,1.0321158669410595,0.34181428318444385,0.578125,4,7
GRU: learned graph added,spatial,adaptive_v2,gru_v2,3,mae,3.4430379835778475,1.676807459549054,0.14459367598162148,0.015625,0,7
GRU: learned graph added,spatial,adaptive_v2,gru_v2,3,peak_mae,4.428811596502646,1.643984371447514,0.15128379944783724,0.15625,2,7
GRU: learned graph added,spatial,adaptive_v2,gru_v2,4,mae,1.6111808765019062,2.1748377073588587,0.07257610250863031,0.046875,1,7
GRU: learned graph added,spatial,adaptive_v2,gru_v2,4,peak_mae,2.3224369917862897,0.9305341399319463,0.38800230181277234,0.8125,4,7
GRU: learned graph added,spatial,adaptive_v2,gru_v2,6,mae,1.232780349044763,1.2580916723844542,0.2551013905633343,0.21875,1,7
GRU: learned graph added,spatial,adaptive_v2,gru_v2,6,peak_mae,1.619018733826503,0.5326695881857856,0.6134030272207351,0.578125,3,7
GRU: learned graph added,spatial,adaptive_v2,gru_v2,8,mae,1.6117017793329447,0.8865473100980181,0.4094471106976001,0.296875,2,7
GRU: learned graph added,spatial,adaptive_v2,gru_v2,8,peak_mae,-0.3948838405571798,-0.12261374932040725,0.9064168458386157,0.578125,3,7
GRU: learned graph added,spatial,adaptive_v2,gru_v2,10,mae,0.9795288217727683,0.676982120414922,0.5236456789012595,0.578125,3,7
GRU: learned graph added,spatial,adaptive_v2,gru_v2,10,peak_mae,-0.08217133649135633,-0.02548122458445587,0.9804974627192574,0.6875,2,7
GRU: learned graph added,spatial,adaptive_v2,gru_v2,12,mae,1.2706731807665983,0.8152953543917898,0.44605179818376367,0.296875,1,7
GRU: learned graph added,spatial,adaptive_v2,gru_v2,12,peak_mae,-0.39743429902373506,-0.08777209676662823,0.9329139546124989,0.296875,1,7
GRU: level-weighted loss,other,gru_v2_lw,gru_v2,1,mae,-0.5961131429541882,-0.9802926668914977,0.36479958389652545,0.6875,4,7
GRU: level-weighted loss,other,gru_v2_lw,gru_v2,1,peak_mae,-0.9767585467001,-1.40369860734297,0.20999111877935142,0.078125,6,7
GRU: level-weighted loss,other,gru_v2_lw,gru_v2,2,mae,0.09411985026761828,0.6357368140727664,0.5484134489897621,0.8125,4,7
GRU: level-weighted loss,other,gru_v2_lw,gru_v2,2,peak_mae,-0.35504844237577515,-0.6989760236390079,0.5107391203666556,0.46875,4,7
GRU: level-weighted loss,other,gru_v2_lw,gru_v2,3,mae,-0.23241440065705124,-0.7427086756422289,0.4857083734169725,0.8125,3,7
GRU: level-weighted loss,other,gru_v2_lw,gru_v2,3,peak_mae,-0.17793243597874003,-0.316571269412771,0.7622935087613224,0.9375,4,7
GRU: level-weighted loss,other,gru_v2_lw,gru_v2,4,mae,0.16247832054468578,0.5571030268358605,0.5976091538398111,0.8125,4,7
GRU: level-weighted loss,other,gru_v2_lw,gru_v2,4,peak_mae,0.2712754430040794,0.4572891581998116,0.6635534283900555,0.8125,4,7
GRU: level-weighted loss,other,gru_v2_lw,gru_v2,6,mae,-1.0543249707275428,-0.9820168963546607,0.3640155480628882,0.8125,4,7
GRU: level-weighted loss,other,gru_v2_lw,gru_v2,6,peak_mae,-1.259965763402676,-0.8307334016712714,0.43792476755562465,0.6875,4,7
GRU: level-weighted loss,other,gru_v2_lw,gru_v2,8,mae,-0.5428786886214461,-0.8138584461079448,0.44681373253954604,0.8125,4,7
GRU: level-weighted loss,other,gru_v2_lw,gru_v2,8,peak_mae,-1.0247048487638304,-1.2329431081832567,0.26370931522373653,0.21875,6,7
GRU: level-weighted loss,other,gru_v2_lw,gru_v2,10,mae,-1.2440674028220104,-1.4555903972135829,0.19575216614122865,0.15625,5,7
GRU: level-weighted loss,other,gru_v2_lw,gru_v2,10,peak_mae,-0.7835134216748756,-0.6282343524673881,0.5529966567519736,1.0,3,7
GRU: level-weighted loss,other,gru_v2_lw,gru_v2,12,mae,-0.43134753357737765,-1.9884610852381441,0.09391612276996501,0.15625,5,7
GRU: level-weighted loss,other,gru_v2_lw,gru_v2,12,peak_mae,-0.2837123495420063,-0.307776659384577,0.768656344665427,0.6875,4,7
GRU: level-weighted pinball,other,gru_v2_quantile_lw,gru_v2,1,mae,-0.9425024020896589,-1.094065133557881,0.31589204534133186,0.296875,5,7
GRU: level-weighted pinball,other,gru_v2_quantile_lw,gru_v2,1,peak_mae,-1.9077063589062162,-1.921488814732654,0.10305317876992497,0.03125,6,7
GRU: level-weighted pinball,other,gru_v2_quantile_lw,gru_v2,2,mae,-0.5092843300712521,-0.8337588454847998,0.4363447772294474,0.8125,4,7
GRU: level-weighted pinball,other,gru_v2_quantile_lw,gru_v2,2,peak_mae,-1.7285083885092267,-1.715894703666095,0.13699922883851134,0.109375,5,7
GRU: level-weighted pinball,other,gru_v2_quantile_lw,gru_v2,3,mae,0.05488141075087606,0.08067333556572531,0.9383253737887481,0.9375,4,7
GRU: level-weighted pinball,other,gru_v2_quantile_lw,gru_v2,3,peak_mae,0.02441866386645738,0.015250160430604193,0.9883270555040286,0.578125,5,7
GRU: level-weighted pinball,other,gru_v2_quantile_lw,gru_v2,4,mae,-0.7207181851113338,-0.7051775539110852,0.5071381844926358,0.8125,2,7
GRU: level-weighted pinball,other,gru_v2_quantile_lw,gru_v2,4,peak_mae,-0.9444937796963043,-0.5670544019627085,0.5912440447152382,0.8125,3,7
GRU: level-weighted pinball,other,gru_v2_quantile_lw,gru_v2,6,mae,-0.9133615027900708,-0.5568893441664396,0.5977462617806384,0.9375,3,7
GRU: level-weighted pinball,other,gru_v2_quantile_lw,gru_v2,6,peak_mae,-0.36750871789525114,-0.14124116913754742,0.8923022547844229,0.9375,3,7
GRU: level-weighted pinball,other,gru_v2_quantile_lw,gru_v2,8,mae,-1.2267260841763468,-1.067273411160495,0.32689732861447357,0.375,5,7
GRU: level-weighted pinball,other,gru_v2_quantile_lw,gru_v2,8,peak_mae,-2.347577707082485,-1.7021102625686846,0.13963225368920198,0.078125,5,7
GRU: level-weighted pinball,other,gru_v2_quantile_lw,gru_v2,10,mae,-1.1339826640196695,-0.8458949005712862,0.43004875015099114,0.8125,4,7
GRU: level-weighted pinball,other,gru_v2_quantile_lw,gru_v2,10,peak_mae,-0.6030427060356678,-0.31977976611814235,0.7599772123233164,0.9375,3,7
GRU: level-weighted pinball,other,gru_v2_quantile_lw,gru_v2,12,mae,-0.16449106611230896,-0.36424335138294783,0.7281683666782274,0.6875,2,7
GRU: level-weighted pinball,other,gru_v2_quantile_lw,gru_v2,12,peak_mae,-0.8566477172489277,-0.7235151869000112,0.4965895795138684,0.6875,4,7
Chronos-2: joint 25-district,spatial,chronos2_joint,chronos2,1,mae,-0.07686413308565879,-0.9447464572913489,0.3812609890027233,0.46875,4,7
Chronos-2: joint 25-district,spatial,chronos2_joint,chronos2,1,peak_mae,0.42501146613264346,0.6800060747042913,0.5218586440684243,1.0,4,7
Chronos-2: joint 25-district,spatial,chronos2_joint,chronos2,2,mae,-0.2708529691708164,-0.9187533950955753,0.39365960556705526,0.8125,3,7
Chronos-2: joint 25-district,spatial,chronos2_joint,chronos2,2,peak_mae,0.441202143449691,0.6590334955613082,0.5343340735951714,0.296875,2,7
Chronos-2: joint 25-district,spatial,chronos2_joint,chronos2,3,mae,-0.565592130589624,-1.016514641821032,0.3486082138454929,0.375,5,7
Chronos-2: joint 25-district,spatial,chronos2_joint,chronos2,3,peak_mae,0.27478494493200195,0.32722889227971313,0.7546100413701694,0.375,2,7
Chronos-2: joint 25-district,spatial,chronos2_joint,chronos2,4,mae,-0.7756481539194213,-1.0247219839645583,0.3450206890917661,0.578125,5,7
Chronos-2: joint 25-district,spatial,chronos2_joint,chronos2,4,peak_mae,0.3621106290098375,0.3516387824240022,0.7371289130969716,0.296875,1,7
Chronos-2: joint 25-district,spatial,chronos2_joint,chronos2,6,mae,-1.073488968408159,-1.1040184701748879,0.3118824968856473,0.375,5,7
Chronos-2: joint 25-district,spatial,chronos2_joint,chronos2,6,peak_mae,-0.10006458892446293,-0.10200689753286134,0.9220748483899233,0.8125,3,7
Chronos-2: joint 25-district,spatial,chronos2_joint,chronos2,8,mae,-1.2427048374615641,-1.0038278952752855,0.35421262156343813,0.46875,5,7
Chronos-2: joint 25-district,spatial,chronos2_joint,chronos2,8,peak_mae,-0.5255144458615223,-0.48925419227878936,0.642031757220835,0.375,5,7
Chronos-2: joint 25-district,spatial,chronos2_joint,chronos2,10,mae,-1.4608752877208464,-0.9432132193722764,0.3819838505190641,0.578125,4,7
Chronos-2: joint 25-district,spatial,chronos2_joint,chronos2,10,peak_mae,-0.7465852089505367,-0.5670271456164736,0.5912614244718112,0.296875,5,7
Chronos-2: joint 25-district,spatial,chronos2_joint,chronos2,12,mae,-1.3399836310606046,-0.7461543010979562,0.48377235640946037,0.6875,4,7
Chronos-2: joint 25-district,spatial,chronos2_joint,chronos2,12,peak_mae,-0.441394326538429,-0.27842926865413187,0.7900295516935407,0.375,5,7
Chronos-2: LoRA fine-tuned,other,chronos2_ft,chronos2,1,mae,2.561387361782974,1.230223909234778,0.2646550754425343,0.03125,1,7
Chronos-2: LoRA fine-tuned,other,chronos2_ft,chronos2,1,peak_mae,5.701146337612166,2.674847416422994,0.03678797835893854,0.015625,0,7
Chronos-2: LoRA fine-tuned,other,chronos2_ft,chronos2,2,mae,1.7341328723663174,1.159018019986128,0.29048734618021976,0.15625,1,7
Chronos-2: LoRA fine-tuned,other,chronos2_ft,chronos2,2,peak_mae,4.399456245482091,2.8909567870493604,0.0276589818831667,0.015625,0,7
Chronos-2: LoRA fine-tuned,other,chronos2_ft,chronos2,3,mae,0.7331332868284309,0.838574269748951,0.4338385812201322,0.8125,3,7
Chronos-2: LoRA fine-tuned,other,chronos2_ft,chronos2,3,peak_mae,2.9105028462308318,3.420291002628368,0.01413868109137459,0.015625,0,7
Chronos-2: LoRA fine-tuned,other,chronos2_ft,chronos2,4,mae,-0.26132145111094573,-0.6079790830095522,0.5654885186863954,0.6875,4,7
Chronos-2: LoRA fine-tuned,other,chronos2_ft,chronos2,4,peak_mae,1.1894977839333534,3.309463919760933,0.01621555985796597,0.03125,1,7
Chronos-2: LoRA fine-tuned,other,chronos2_ft,chronos2,6,mae,-1.201923869889392,-2.0026251414317193,0.09209072088713444,0.109375,5,7
Chronos-2: LoRA fine-tuned,other,chronos2_ft,chronos2,6,peak_mae,-0.2630786854162953,-0.538772931761369,0.6094359473111247,0.6875,4,7
Chronos-2: LoRA fine-tuned,other,chronos2_ft,chronos2,8,mae,-2.2362908058514095,-2.1755938854885426,0.0725004612720892,0.046875,6,7
Chronos-2: LoRA fine-tuned,other,chronos2_ft,chronos2,8,peak_mae,-1.6131094243336281,-2.0799379984328925,0.08274188813371526,0.15625,5,7
Chronos-2: LoRA fine-tuned,other,chronos2_ft,chronos2,10,mae,-2.7908600085504323,-2.1929667430964703,0.07078480835112536,0.046875,6,7
Chronos-2: LoRA fine-tuned,other,chronos2_ft,chronos2,10,peak_mae,-2.1827523709820604,-3.171147568341613,0.01929071777620628,0.046875,6,7
Chronos-2: LoRA fine-tuned,other,chronos2_ft,chronos2,12,mae,-2.8753138955122703,-1.9680212537795545,0.0966148619260369,0.046875,6,7
Chronos-2: LoRA fine-tuned,other,chronos2_ft,chronos2,12,peak_mae,-0.6807934874645102,-0.7242865531857605,0.496149116673784,0.6875,4,7
Chronos-2 joint: LoRA fine-tuned,other,chronos2_joint_ft,chronos2_joint,1,mae,1.3609212738424823,1.2188204719366105,0.2686534978982371,0.109375,1,7
Chronos-2 joint: LoRA fine-tuned,other,chronos2_joint_ft,chronos2_joint,1,peak_mae,2.6921305929469552,2.0983462568178393,0.08066191436268777,0.046875,1,7
Chronos-2 joint: LoRA fine-tuned,other,chronos2_joint_ft,chronos2_joint,2,mae,0.7300051106823394,0.8430559091880305,0.4315155789158429,0.9375,3,7
Chronos-2 joint: LoRA fine-tuned,other,chronos2_joint_ft,chronos2_joint,2,peak_mae,1.682112704994166,1.6949023382269577,0.1410285536164885,0.109375,1,7
Chronos-2 joint: LoRA fine-tuned,other,chronos2_joint_ft,chronos2_joint,3,mae,0.09039689470989234,0.17685981325382974,0.865437546928399,0.375,5,7
Chronos-2 joint: LoRA fine-tuned,other,chronos2_joint_ft,chronos2_joint,3,peak_mae,0.22266285462598745,0.32088184177474083,0.7591822229933112,0.8125,5,7
Chronos-2 joint: LoRA fine-tuned,other,chronos2_joint_ft,chronos2_joint,4,mae,-0.04487077153559582,-0.11294105349607345,0.9137613269041547,0.6875,5,7
Chronos-2 joint: LoRA fine-tuned,other,chronos2_joint_ft,chronos2_joint,4,peak_mae,0.3578967203796779,0.5986855214875435,0.5712771836235555,0.6875,4,7
Chronos-2 joint: LoRA fine-tuned,other,chronos2_joint_ft,chronos2_joint,6,mae,-0.5626160397336911,-1.4396397134547119,0.20003143895962017,0.296875,5,7
Chronos-2 joint: LoRA fine-tuned,other,chronos2_joint_ft,chronos2_joint,6,peak_mae,-0.9104816604415359,-2.5565100478617118,0.04311083354012262,0.078125,6,7
Chronos-2 joint: LoRA fine-tuned,other,chronos2_joint_ft,chronos2_joint,8,mae,-1.0337353340521793,-2.3063071403507203,0.060574561492045514,0.046875,6,7
Chronos-2 joint: LoRA fine-tuned,other,chronos2_joint_ft,chronos2_joint,8,peak_mae,-2.0321713033473214,-3.8466413645218895,0.008493064724038275,0.03125,6,7
Chronos-2 joint: LoRA fine-tuned,other,chronos2_joint_ft,chronos2_joint,10,mae,-1.052341335307398,-1.864713506075517,0.1114929003541812,0.078125,5,7
Chronos-2 joint: LoRA fine-tuned,other,chronos2_joint_ft,chronos2_joint,10,peak_mae,-2.1711685011610706,-3.0557280074870556,0.022347086239682346,0.03125,6,7
Chronos-2 joint: LoRA fine-tuned,other,chronos2_joint_ft,chronos2_joint,12,mae,-1.122733362323913,-1.7964348633326495,0.12255600188028284,0.15625,5,7
Chronos-2 joint: LoRA fine-tuned,other,chronos2_joint_ft,chronos2_joint,12,peak_mae,-1.8053109919161574,-2.5621944348932364,0.04278209362086189,0.078125,6,7
Mixture NB+Chronos vs NB,ensemble,mix_nb_chronos,nb_shared_v2,1,mae,-0.8463218465779868,-3.941038076762482,0.007615549106119519,0.015625,7,7
Mixture NB+Chronos vs NB,ensemble,mix_nb_chronos,nb_shared_v2,1,peak_mae,-1.2421654568486002,-1.7958827265679214,0.12264974165589712,0.15625,6,7
Mixture NB+Chronos vs NB,ensemble,mix_nb_chronos,nb_shared_v2,2,mae,-1.042295823931809,-3.1947046500201965,0.018724764587791886,0.015625,7,7
Mixture NB+Chronos vs NB,ensemble,mix_nb_chronos,nb_shared_v2,2,peak_mae,-1.0112799561763803,-1.0831198133045816,0.32035049341857474,0.578125,3,7
Mixture NB+Chronos vs NB,ensemble,mix_nb_chronos,nb_shared_v2,3,mae,-1.3014936950129303,-3.608307137258664,0.011253767840944739,0.015625,7,7
Mixture NB+Chronos vs NB,ensemble,mix_nb_chronos,nb_shared_v2,3,peak_mae,-1.5870594471848207,-1.5982303377733964,0.1611070307919781,0.109375,5,7
Mixture NB+Chronos vs NB,ensemble,mix_nb_chronos,nb_shared_v2,4,mae,-1.3554967270351883,-4.653320579924841,0.0034915860269516493,0.015625,7,7
Mixture NB+Chronos vs NB,ensemble,mix_nb_chronos,nb_shared_v2,4,peak_mae,-1.3014241003231903,-1.4547411447135439,0.1959778562065618,0.296875,5,7
Mixture NB+Chronos vs NB,ensemble,mix_nb_chronos,nb_shared_v2,6,mae,-1.6567901774732137,-4.491349644063126,0.004141934563913237,0.015625,7,7
Mixture NB+Chronos vs NB,ensemble,mix_nb_chronos,nb_shared_v2,6,peak_mae,-1.3009821880242356,-1.3397404320102138,0.2288394726364657,0.296875,5,7
Mixture NB+Chronos vs NB,ensemble,mix_nb_chronos,nb_shared_v2,8,mae,-1.7684750071263322,-4.635317873715157,0.0035578518524537013,0.015625,7,7
Mixture NB+Chronos vs NB,ensemble,mix_nb_chronos,nb_shared_v2,8,peak_mae,-0.6531068946751668,-0.7446182357092418,0.484634780726017,0.8125,3,7
Mixture NB+Chronos vs NB,ensemble,mix_nb_chronos,nb_shared_v2,10,mae,-1.978754311502156,-5.44313050406415,0.0015976563707477713,0.015625,7,7
Mixture NB+Chronos vs NB,ensemble,mix_nb_chronos,nb_shared_v2,10,peak_mae,-0.32074932719986854,-0.33006255078322305,0.7525722777679204,0.9375,4,7
Mixture NB+Chronos vs NB,ensemble,mix_nb_chronos,nb_shared_v2,12,mae,-2.366201002616993,-5.942427153994539,0.001014526101258703,0.015625,7,7
Mixture NB+Chronos vs NB,ensemble,mix_nb_chronos,nb_shared_v2,12,peak_mae,-0.8551063521155307,-0.9128498739105995,0.396518251842185,0.296875,5,7
Mixture NB+Chronos vs Chronos-2 joint,ensemble,mix_nb_chronos,chronos2_joint,1,mae,-0.17525745001172868,-2.976869418936982,0.02473660791725902,0.015625,7,7
Mixture NB+Chronos vs Chronos-2 joint,ensemble,mix_nb_chronos,chronos2_joint,1,peak_mae,-0.2760154264137021,-1.009001795804595,0.3519183870874249,0.8125,4,7
Mixture NB+Chronos vs Chronos-2 joint,ensemble,mix_nb_chronos,chronos2_joint,2,mae,-0.277179046328723,-2.519519385641955,0.045316507024341965,0.03125,6,7
Mixture NB+Chronos vs Chronos-2 joint,ensemble,mix_nb_chronos,chronos2_joint,2,peak_mae,-0.7130885437422693,-2.3949835603030585,0.05366045701415147,0.078125,5,7
Mixture NB+Chronos vs Chronos-2 joint,ensemble,mix_nb_chronos,chronos2_joint,3,mae,-0.4415861173286161,-2.1087262218444893,0.07951268130799988,0.109375,6,7
Mixture NB+Chronos vs Chronos-2 joint,ensemble,mix_nb_chronos,chronos2_joint,3,peak_mae,-0.8699069588935571,-2.0091020448818226,0.09126799027786696,0.21875,4,7
Mixture NB+Chronos vs Chronos-2 joint,ensemble,mix_nb_chronos,chronos2_joint,4,mae,-0.6248022960533665,-1.9137253839018051,0.10416845884469654,0.109375,5,7
Mixture NB+Chronos vs Chronos-2 joint,ensemble,mix_nb_chronos,chronos2_joint,4,peak_mae,-1.226096904142003,-2.273099121887155,0.06339739367866494,0.03125,6,7
Mixture NB+Chronos vs Chronos-2 joint,ensemble,mix_nb_chronos,chronos2_joint,6,mae,-0.7976287782246969,-1.5352517401506431,0.17562494338159776,0.296875,5,7
Mixture NB+Chronos vs Chronos-2 joint,ensemble,mix_nb_chronos,chronos2_joint,6,peak_mae,-1.1970752532968691,-2.1298064321114776,0.0772300057942734,0.15625,6,7
Mixture NB+Chronos vs Chronos-2 joint,ensemble,mix_nb_chronos,chronos2_joint,8,mae,-1.0489935611253,-1.5385506456441227,0.17483476032255238,0.375,4,7
Mixture NB+Chronos vs Chronos-2 joint,ensemble,mix_nb_chronos,chronos2_joint,8,peak_mae,-1.3312098828224046,-2.176562565534463,0.07240368175902472,0.109375,6,7
Mixture NB+Chronos vs Chronos-2 joint,ensemble,mix_nb_chronos,chronos2_joint,10,mae,-1.0312473449799051,-1.2504376485408244,0.25769480390646077,0.375,4,7
Mixture NB+Chronos vs Chronos-2 joint,ensemble,mix_nb_chronos,chronos2_joint,10,peak_mae,-0.46886049347678443,-0.7441179872994479,0.48491587289989996,0.46875,5,7
Mixture NB+Chronos vs Chronos-2 joint,ensemble,mix_nb_chronos,chronos2_joint,12,mae,-0.9937304869714928,-0.9902012627041492,0.3603121538673457,0.8125,4,7
Mixture NB+Chronos vs Chronos-2 joint,ensemble,mix_nb_chronos,chronos2_joint,12,peak_mae,0.2514569436589836,0.329623705121794,0.7528877215920947,0.8125,3,7
