set,method,reference,horizon,delta,ci_low,ci_high,p_boot
headline,gru_v2_quantile_lw,persistence,1,-0.7280276551019129,-1.1427747837649138,-0.2861590660000054,0.003
headline,gru_v2_quantile_lw,persistence,2,-1.1545089686816448,-2.479738105879548,0.08986498870285416,0.084
headline,gru_v2_quantile_lw,persistence,3,-2.196095696452195,-4.742385483567316,-0.014929520594926651,0.049
headline,gru_v2_quantile_lw,persistence,4,-3.885129325133761,-7.512483253410094,-0.9904372379336102,0.005
headline,gru_v2_quantile_lw,persistence,6,-5.077684041240947,-11.4247027625864,-0.4679081726300143,0.024
headline,gru_v2_quantile_lw,persistence,8,-6.964017075512297,-14.529538300719617,-0.4854777253804946,0.027
headline,gru_v2_quantile_lw,persistence,10,-7.934567284220024,-16.005085638762207,-1.04818539321716,0.014
headline,gru_v2_quantile_lw,persistence,12,-8.531593986498693,-17.196659809156845,-1.1688649336102774,0.01
headline,nb_shared_v2,persistence,1,0.20114589812703,-0.7315195072223374,1.3015386499215067,0.717
headline,nb_shared_v2,persistence,2,-0.3274759831363606,-2.173387265138276,1.657887493458921,0.756
headline,nb_shared_v2,persistence,3,-1.4276805584352756,-3.966163797231519,0.9724301218032199,0.277
headline,nb_shared_v2,persistence,4,-2.6236706061234365,-6.523030912147152,0.6093736807819502,0.139
headline,nb_shared_v2,persistence,6,-4.768853410740204,-11.185462454212454,0.030204903586973024,0.054
headline,nb_shared_v2,persistence,8,-6.611263390697353,-13.745466584964902,-0.3957288167807045,0.029
headline,nb_shared_v2,persistence,10,-7.9025972769368975,-15.704455433044043,-1.180957645903065,0.011
headline,nb_shared_v2,persistence,12,-8.803199253576611,-16.825197139527138,-1.9059802706278515,0.004
headline,chronos2_joint,persistence,1,-0.46991849843922867,-1.3570392356421923,0.6572543308498234,0.352
headline,chronos2_joint,persistence,2,-1.092592760739446,-2.7058926427435503,0.5652548219576102,0.183
headline,chronos2_joint,persistence,3,-2.28758813611959,-4.135317476535064,-0.6444730502770039,0.004
headline,chronos2_joint,persistence,4,-3.3543650371052585,-6.3942368214234,-0.9100941669031801,0.003
headline,chronos2_joint,persistence,6,-5.62801480998872,-11.056926357842432,-1.8768040806325954,0.0
headline,chronos2_joint,persistence,8,-7.330744836698386,-13.474932002302218,-2.2677500954635206,0.0
headline,chronos2_joint,persistence,10,-8.850104243459151,-15.550650247257332,-3.2300631740804975,0.0
headline,chronos2_joint,persistence,12,-10.175669769222111,-17.564524480325236,-3.9801971098846614,0.0
headline,lgbm_v2,persistence,1,0.5654728668438186,-0.5598334350475717,1.7334613806299763,0.34
headline,lgbm_v2,persistence,2,0.8958483057520784,-1.5790011497100631,3.345941193933692,0.476
headline,lgbm_v2,persistence,3,-0.2767573593418981,-3.5628219276562114,2.5868040229921867,0.927
headline,lgbm_v2,persistence,4,-1.3120199183851575,-5.990538609741794,2.348292135905354,0.599
headline,lgbm_v2,persistence,6,-2.675029498965423,-9.496942397764833,2.487718910391527,0.453
headline,lgbm_v2,persistence,8,-3.7784592078424764,-11.250684808766747,2.5842574776462937,0.314
headline,lgbm_v2,persistence,10,-5.623374541606873,-13.42893250140667,1.0552508730675536,0.123
headline,lgbm_v2,persistence,12,-5.877182618055575,-14.219526869127751,1.1958934675674333,0.136
headline,ens_equal,persistence,1,-0.3795395822638153,-1.3510225470922748,0.6597912139955796,0.451
headline,ens_equal,persistence,2,-0.8876551914701655,-2.7985080600950485,0.9426892025685408,0.362
headline,ens_equal,persistence,3,-2.277321892544378,-4.751143673717566,-0.15569656868519582,0.033
headline,ens_equal,persistence,4,-3.462752709885642,-7.185537348176823,-0.4266070187125566,0.013
headline,ens_equal,persistence,6,-5.222779279504931,-11.622476471476993,-0.4456666466773221,0.021
headline,ens_equal,persistence,8,-6.874128573410224,-13.961609809394721,-0.8607261983707536,0.017
headline,ens_equal,persistence,10,-8.411668482772496,-16.16653199417583,-1.7998896657161212,0.003
headline,ens_equal,persistence,12,-9.655555071712017,-17.638551323673116,-2.8255621538641504,0.0
headline,gru_v2_shuffled,gru_v2,1,0.009114443506831873,-0.22541588068601148,0.2556100816500967,0.929
headline,gru_v2_shuffled,gru_v2,2,1.0286949150455789,0.5959469473152021,1.4928639167780355,0.0
headline,gru_v2_shuffled,gru_v2,3,1.9687886038966547,1.2278856663527147,2.7710373239491966,0.0
headline,gru_v2_shuffled,gru_v2,4,1.9090622083167539,1.0676859658024849,2.8275207301320338,0.0
headline,gru_v2_shuffled,gru_v2,6,1.1428449210532452,0.4020223109359035,1.9056494314177228,0.003
headline,gru_v2_shuffled,gru_v2,8,1.496596149413166,0.5695478017449587,2.550993075641952,0.003
headline,gru_v2_shuffled,gru_v2,10,2.2855404234278405,1.2016831424454375,3.4068561975760074,0.0
headline,gru_v2_shuffled,gru_v2,12,2.459533827646198,1.4025265127688553,3.4872679525343466,0.0
headline,gru_v2_climatology,gru_v2,1,0.43939924838133787,0.12968938419689505,0.8043606805045481,0.001
headline,gru_v2_climatology,gru_v2,2,1.0286426250431027,0.42164846555512425,1.7615759151775863,0.0
headline,gru_v2_climatology,gru_v2,3,1.6971818733050927,0.8909299921503795,2.600266541945445,0.0
headline,gru_v2_climatology,gru_v2,4,1.3165518239658098,0.495343766035173,2.1561942647783297,0.001
headline,gru_v2_climatology,gru_v2,6,1.0188380971149538,0.20594343681129448,1.8329846516027923,0.016
headline,gru_v2_climatology,gru_v2,8,1.4155079516236313,0.6821026609165176,2.282397870570858,0.0
headline,gru_v2_climatology,gru_v2,10,1.04621289543065,0.20924260249145107,1.7989116613186464,0.014
headline,gru_v2_climatology,gru_v2,12,1.4753711959311897,0.7242724306134468,2.2719806952353196,0.0
headline,gru_v2_noclimate,gru_v2,1,0.034222909489455874,-0.2913724943186322,0.33544890877195427,0.783
headline,gru_v2_noclimate,gru_v2,2,1.3201222033910704,0.45974158809165105,2.473510267705888,0.0
headline,gru_v2_noclimate,gru_v2,3,1.9175176815122872,1.039105274023329,2.9437151346697736,0.0
headline,gru_v2_noclimate,gru_v2,4,2.2217831607052005,1.2885006987817866,3.258513989272839,0.0
headline,gru_v2_noclimate,gru_v2,6,1.9167215785761147,1.1417135754885444,2.7753933803177793,0.0
headline,gru_v2_noclimate,gru_v2,8,1.935087547825363,1.0027220697237431,2.935543949445988,0.0
headline,gru_v2_noclimate,gru_v2,10,1.3446352382498854,0.3842571007209737,2.3569708779186906,0.006
headline,gru_v2_noclimate,gru_v2,12,2.4883144555913574,1.4648458812421972,3.463311500083831,0.0
headline,lgbm_v2_noclimate,lgbm_v2,1,0.40345090862569494,0.24064516789206436,0.5764756949496604,0.0
headline,lgbm_v2_noclimate,lgbm_v2,2,0.6378435698331932,0.3323801067115239,0.9676587377303146,0.0
headline,lgbm_v2_noclimate,lgbm_v2,3,0.4562906791598615,0.023956784476237808,0.8895710900181112,0.04
headline,lgbm_v2_noclimate,lgbm_v2,4,0.6303205939386795,-0.0034278051540075224,1.2527095448338283,0.052
headline,lgbm_v2_noclimate,lgbm_v2,6,0.6625331001068423,0.24342242872688943,1.096921429793218,0.001
headline,lgbm_v2_noclimate,lgbm_v2,8,0.466511037972161,-0.0503697840464629,1.020405703341921,0.087
headline,lgbm_v2_noclimate,lgbm_v2,10,0.8401543522865041,0.4245530313610096,1.2496584631888654,0.0
headline,lgbm_v2_noclimate,lgbm_v2,12,0.5241935378142998,0.08905318896344099,0.9837235753225673,0.013
headline,lgbm_v2_climatology,lgbm_v2,1,0.0657397003187801,-0.15436122913178854,0.2815322053300556,0.572
headline,lgbm_v2_climatology,lgbm_v2,2,0.3421170695296345,-0.02950620458332321,0.7141351123975678,0.067
headline,lgbm_v2_climatology,lgbm_v2,3,0.29290618257917495,-0.10842138422850586,0.6737920026970131,0.16
headline,lgbm_v2_climatology,lgbm_v2,4,0.18103368074662216,-0.4658576944086311,0.7828835290658553,0.583
headline,lgbm_v2_climatology,lgbm_v2,6,0.4840602743565806,0.0018114003520371318,0.9839129926516926,0.05
headline,lgbm_v2_climatology,lgbm_v2,8,0.4599314928288976,-0.019062662867986087,0.9820186001702221,0.062
headline,lgbm_v2_climatology,lgbm_v2,10,0.8280813212133882,0.43821161966446576,1.2194334247180008,0.0
headline,lgbm_v2_climatology,lgbm_v2,12,0.24621482724495097,-0.14115545072911076,0.6597945927806329,0.218
headline,chronos2_climate,chronos2,1,0.6825062688763675,0.1110498312927429,1.380386049268619,0.016
headline,chronos2_climate,chronos2,2,0.21956529069538636,-0.5906524127070266,1.0589559066188783,0.61
headline,chronos2_climate,chronos2,3,-0.2894773900891345,-1.4885960842416956,0.8706187456579565,0.685
headline,chronos2_climate,chronos2,4,-0.9609605045544098,-2.7036763744129333,0.5187927079178114,0.246
headline,chronos2_climate,chronos2,6,-1.2420400039574584,-3.71065832594711,0.804998545730746,0.301
headline,chronos2_climate,chronos2,8,-1.5968056495433707,-4.199715944936132,0.8154873026966715,0.207
headline,chronos2_climate,chronos2,10,-1.8780987960329276,-4.838255180333088,0.6152451226716501,0.158
headline,chronos2_climate,chronos2,12,-1.775711985747238,-4.361194347145152,0.6604128807925101,0.167
headline,nb_shared_v2_shuffled,nb_shared_v2,1,0.8059734605017626,0.27996297749869165,1.4100815018315016,0.001
headline,nb_shared_v2_shuffled,nb_shared_v2,2,1.330203193033382,0.5445292129254395,2.2145922069843893,0.0
headline,nb_shared_v2_shuffled,nb_shared_v2,3,1.5918999239753955,0.6861031490970844,2.6173867924528293,0.0
headline,nb_shared_v2_shuffled,nb_shared_v2,4,1.8368850646209136,0.7469502398230701,2.994917136636947,0.0
headline,nb_shared_v2_shuffled,nb_shared_v2,6,2.2237894809592924,0.8594470246734398,3.6917096916508005,0.001
headline,nb_shared_v2_shuffled,nb_shared_v2,8,2.4152429331674616,1.0044195976262844,3.9240013477088937,0.0
headline,nb_shared_v2_shuffled,nb_shared_v2,10,2.6577158062063724,1.2159055468341182,4.17718295395081,0.0
headline,nb_shared_v2_shuffled,nb_shared_v2,12,2.496376390904693,1.043632783882784,4.013610408459464,0.002
headline,nb_shared_v2_climatology,nb_shared_v2,1,0.29666804893219995,0.04364155016142884,0.5546648351648352,0.021
headline,nb_shared_v2_climatology,nb_shared_v2,2,0.5764551800400859,0.16815862114076408,1.016761559195521,0.008
headline,nb_shared_v2_climatology,nb_shared_v2,3,0.7330078098002624,0.19348600579564204,1.310829680202995,0.01
headline,nb_shared_v2_climatology,nb_shared_v2,4,0.99348054461262,0.3292006802721088,1.7096978703920194,0.003
headline,nb_shared_v2_climatology,nb_shared_v2,6,1.2449823761144516,0.4620662932081397,2.1264898378799995,0.005
headline,nb_shared_v2_climatology,nb_shared_v2,8,1.3495010021425118,0.37963757718471963,2.401554533830948,0.006
headline,nb_shared_v2_climatology,nb_shared_v2,10,1.4710290966894743,0.5036185769576337,2.569425724275724,0.003
headline,nb_shared_v2_climatology,nb_shared_v2,12,1.2611894394913261,0.24459541709862434,2.353830681662775,0.012
headline,nb_shared_v2_noclimate,nb_shared_v2,1,1.4541751330430575,0.5832878604997878,2.499997390973802,0.0
headline,nb_shared_v2_noclimate,nb_shared_v2,2,1.764036906489737,0.7204981116047074,2.9620953222810917,0.0
headline,nb_shared_v2_noclimate,nb_shared_v2,3,1.9470419517589332,0.7803758477237048,3.210276257557033,0.0
headline,nb_shared_v2_noclimate,nb_shared_v2,4,2.307678485036976,0.9650208894878707,3.7235385257150755,0.0
headline,nb_shared_v2_noclimate,nb_shared_v2,6,2.696787614900822,1.0489820355834643,4.45791358974359,0.0
headline,nb_shared_v2_noclimate,nb_shared_v2,8,3.011878498859631,1.468666292517007,4.741218460896691,0.0
headline,nb_shared_v2_noclimate,nb_shared_v2,10,3.3524224203469486,1.8863150059733615,4.993611895629079,0.0
headline,nb_shared_v2_noclimate,nb_shared_v2,12,3.26284954039671,1.8432914356413599,4.810061890939249,0.0
headline,nb_shared_v2_wxlag1,nb_shared_v2,1,-0.010198355104015443,-0.1670359216255443,0.16071162485313417,0.9
headline,nb_shared_v2_wxlag1,nb_shared_v2,2,0.16536180800331754,-0.06807259115547516,0.42634896650968096,0.192
headline,nb_shared_v2_wxlag1,nb_shared_v2,3,0.19346879535558775,-0.09369669021454738,0.5283959720782355,0.217
headline,nb_shared_v2_wxlag1,nb_shared_v2,4,0.26599004768816104,-0.0805716420820868,0.6797758686551534,0.149
headline,nb_shared_v2_wxlag1,nb_shared_v2,6,0.2697166355656922,-0.13101563317634746,0.7540985937916526,0.216
headline,nb_shared_v2_wxlag1,nb_shared_v2,8,0.03140369064897362,-0.40592225743708227,0.5803896912611196,0.908
headline,nb_shared_v2_wxlag1,nb_shared_v2,10,-0.14258898334370035,-0.593872952519179,0.35362287889415517,0.602
headline,nb_shared_v2_wxlag1,nb_shared_v2,12,-0.20569631626235413,-0.7482690423861853,0.3782167425431709,0.499
headline,gru_v2_quantile,gru_v2,1,-0.7119714872662506,-1.6391375004089932,0.04299261376877865,0.078
headline,gru_v2_quantile,gru_v2,2,-0.27939713890534834,-1.043588153454036,0.4650755891320485,0.462
headline,gru_v2_quantile,gru_v2,3,0.10095064243504223,-0.698199799528463,0.8840911576984516,0.788
headline,gru_v2_quantile,gru_v2,4,-0.23936470994866932,-1.0103364268252608,0.5497320272375271,0.587
headline,gru_v2_quantile,gru_v2,6,-1.3664120169982072,-2.934392758945766,0.10839463284988005,0.084
headline,gru_v2_quantile,gru_v2,8,-1.0501434221625439,-1.9431643424990412,-0.12863680957533905,0.027
headline,gru_v2_quantile,gru_v2,10,-1.0348753977536846,-1.8071732989654186,-0.21436614419073363,0.015
headline,gru_v2_quantile,gru_v2,12,-0.3375208582750381,-0.8620533006982868,0.1933844964727464,0.213
headline,gru_v2_nb,gru_v2,1,-0.6985399899209132,-1.252367849400709,-0.20640929059642735,0.004
headline,gru_v2_nb,gru_v2,2,-0.2568446128928222,-0.6895249005513723,0.16038710819481478,0.248
headline,gru_v2_nb,gru_v2,3,0.13651653632740537,-0.5343866047384123,0.8465601911784048,0.659
headline,gru_v2_nb,gru_v2,4,-0.22965894084010557,-0.9830927121873528,0.5909632690232041,0.559
headline,gru_v2_nb,gru_v2,6,-1.0164494568494191,-2.9051237419122584,0.8025335192510729,0.284
headline,gru_v2_nb,gru_v2,8,-2.389411614234582,-4.288324135579557,-0.6363075891241338,0.007
headline,gru_v2_nb,gru_v2,10,-0.2073799938019946,-2.0981333544443292,1.6545305379683868,0.848
headline,gru_v2_nb,gru_v2,12,2.150101054327913,-0.17073916293113767,4.7108057246252475,0.078
headline,gru_v2_nb,gru_v2_quantile,1,0.013431497345337315,-0.4330540048997834,0.5619700460429765,0.981
headline,gru_v2_nb,gru_v2_quantile,2,0.02255252601252621,-0.6035348889443617,0.7167945383253101,0.93
headline,gru_v2_nb,gru_v2_quantile,3,0.035565893892363025,-0.5754186925806507,0.7117567847750571,0.917
headline,gru_v2_nb,gru_v2_quantile,4,0.00970576910856388,-0.499271371631411,0.5912005255321884,0.993
headline,gru_v2_nb,gru_v2_quantile,6,0.34996256014878735,-0.2950629298344669,1.0019275071229108,0.287
headline,gru_v2_nb,gru_v2_quantile,8,-1.3392681920720384,-2.5107374057937597,-0.2523425684514488,0.014
headline,gru_v2_nb,gru_v2_quantile,10,0.8274954039516906,-0.7854602921503412,2.5278523776027173,0.352
headline,gru_v2_nb,gru_v2_quantile,12,2.487621912602951,0.19174715087122993,4.973385262066354,0.034
headline,nb_shared_v2,gru_v2_nb,1,0.6852111410601978,0.2133292902066487,1.2051555670744347,0.008
headline,nb_shared_v2,gru_v2_nb,2,0.5745932683668532,-0.07600822941658528,1.326009353741496,0.09
headline,nb_shared_v2,gru_v2_nb,3,0.6867800124403899,0.006418027210884264,1.4860715927942363,0.048
headline,nb_shared_v2,gru_v2_nb,4,0.7703994747390974,0.08334033228676081,1.629185011830134,0.029
headline,nb_shared_v2,gru_v2_nb,6,0.41191858456009406,-0.3542708919562018,1.273195768517197,0.282
headline,nb_shared_v2,gru_v2_nb,8,1.5154392148731766,0.6752497591061422,2.4699010761084224,0.0
headline,nb_shared_v2,gru_v2_nb,10,-0.8946326629345499,-2.133826484207616,0.35326102380395663,0.152
headline,nb_shared_v2,gru_v2_nb,12,-2.586197387518142,-4.584907075817264,-0.6032388900407772,0.014
headline,nb_shared_v3,nb_shared_v2,1,0.5378637086184257,0.06928404453836,1.0578836996336998,0.023
headline,nb_shared_v3,nb_shared_v2,2,0.7071760315156542,0.1214224684794092,1.3677116227797355,0.016
headline,nb_shared_v3,nb_shared_v2,3,0.7308203745939595,0.07087047826387458,1.4376318252816365,0.034
headline,nb_shared_v3,nb_shared_v2,4,0.7955090192826042,-0.0031375568456700207,1.6324577693196292,0.053
headline,nb_shared_v3,nb_shared_v2,6,0.6794920174165456,-0.2974663196192845,1.6537203676826315,0.206
headline,nb_shared_v3,nb_shared_v2,8,0.4525627202985692,-0.4977679879644166,1.4124346533969174,0.348
headline,nb_shared_v3,nb_shared_v2,10,0.21295182804616775,-0.6879923333629532,1.105681588851399,0.625
headline,nb_shared_v3,nb_shared_v2,12,-0.1338026124818578,-1.040906556776557,0.6982963108320238,0.77
headline,nb_shared_v4,nb_shared_v2,1,0.6380026263045131,0.06045852956567241,1.350524762299695,0.026
headline,nb_shared_v4,nb_shared_v2,2,0.9071283433547584,0.11160697007395126,1.8151155857843866,0.026
headline,nb_shared_v4,nb_shared_v2,3,1.0081546755131663,0.10648272168083492,1.985463802787889,0.035
headline,nb_shared_v4,nb_shared_v2,4,1.0910684912571704,-0.00398648218358454,2.224015214547357,0.052
headline,nb_shared_v4,nb_shared_v2,6,1.0788319856244384,-0.14784081899232848,2.3376789688299113,0.096
headline,nb_shared_v4,nb_shared_v2,8,0.8903815052871656,-0.20674360702190903,2.0898240375976216,0.128
headline,nb_shared_v4,nb_shared_v2,10,0.6594609164420486,-0.35114945839874423,1.7000648591076488,0.186
headline,nb_shared_v4,nb_shared_v2,12,0.40155850438869306,-0.522177586564379,1.3573327943968245,0.407
headline,nb_shared_v4_tsel,nb_shared_v4,1,-0.14578339899094614,-0.4159825060474117,0.07268286237571941,0.251
headline,nb_shared_v4_tsel,nb_shared_v4,2,-0.24540465823484695,-0.6251355965463109,0.0659956828885398,0.146
headline,nb_shared_v4_tsel,nb_shared_v4,3,-0.36094754302301457,-0.759208767759644,-0.011290204081632725,0.042
headline,nb_shared_v4_tsel,nb_shared_v4,4,-0.28589052456976993,-0.7034398220826791,0.07709169199594726,0.126
headline,nb_shared_v4_tsel,nb_shared_v4,6,-0.3464752228903173,-0.8232658085329058,0.07661277682335586,0.133
headline,nb_shared_v4_tsel,nb_shared_v4,8,-0.44604188264565625,-0.8253222406524294,-0.0815131808891919,0.01
headline,nb_shared_v4_tsel,nb_shared_v4,10,-0.45726587877531266,-0.8093193317239814,-0.11714250881194303,0.007
headline,nb_shared_v4_tsel,nb_shared_v4,12,-0.54077752436243,-0.944550262630451,-0.13235448979591863,0.009
headline,nb_shared_v2_mean,nb_shared_v2,1,-0.016189579434764408,-0.41662077024527366,0.3489227175284732,0.959
headline,nb_shared_v2_mean,nb_shared_v2,2,0.2442543600584801,-0.32118802193906465,0.7783027662189815,0.389
headline,nb_shared_v2_mean,nb_shared_v2,3,0.44264365457915444,-0.20486217887376076,1.0642901514749152,0.196
headline,nb_shared_v2_mean,nb_shared_v2,4,0.6794958297809338,-0.11335738763911049,1.4552454987533643,0.103
headline,nb_shared_v2_mean,nb_shared_v2,6,1.0312819930623116,0.014035690524086488,2.027421067865092,0.05
headline,nb_shared_v2_mean,nb_shared_v2,8,1.365741697336596,0.1383056725929814,2.6069870516966045,0.035
headline,nb_shared_v2_mean,nb_shared_v2,10,1.7008045788535766,0.29984578317967014,3.0249659866298555,0.014
headline,nb_shared_v2_mean,nb_shared_v2,12,1.8707848516362635,0.3536263962515501,3.407328707782029,0.019
headline,gru_v2_nb_mean,gru_v2_nb,1,0.10440698801758481,-0.2650332696637957,0.45213302594181237,0.578
headline,gru_v2_nb_mean,gru_v2_nb,2,0.4683979297236275,-0.03549633554231313,0.917941391335032,0.07
headline,gru_v2_nb_mean,gru_v2_nb,3,0.6520615085163964,0.022813061996109225,1.249712188147024,0.041
headline,gru_v2_nb_mean,gru_v2_nb,4,0.9598452496738512,0.2641114326836644,1.6433706758824185,0.006
headline,gru_v2_nb_mean,gru_v2_nb,6,1.7512926244451477,0.6494552459017549,2.848234130612978,0.002
headline,gru_v2_nb_mean,gru_v2_nb,8,0.9972913376801502,-0.10272164904527459,2.08999266309879,0.07
headline,gru_v2_nb_mean,gru_v2_nb,10,4.155991824458214,2.037904273164129,6.209293232563529,0.0
headline,gru_v2_nb_mean,gru_v2_nb,12,6.573321493601938,3.76897877878215,9.39697378913268,0.0
headline,gru_v1,gru_v2,1,0.1617349807413615,-0.08365173660926191,0.43240550668242506,0.206
headline,gru_v1,gru_v2,2,0.8925375070302415,0.29129463222243684,1.5765830445449531,0.005
headline,gru_v1,gru_v2,3,0.6925816117056912,0.34101574105478805,1.0693203520492172,0.0
headline,gru_v1,gru_v2,4,0.6426338245024191,0.10480558722880097,1.1555530587590657,0.014
headline,gru_v1,gru_v2,6,-0.6632714370391307,-1.5313525911293617,0.10995411984101029,0.094
headline,gru_v1,gru_v2,8,-0.33701083593835274,-1.7040438997144876,1.0933133778717332,0.635
headline,gru_v1,gru_v2,10,-0.782053049435497,-2.3802710345883304,0.8243085489945273,0.345
headline,gru_v1,gru_v2,12,-0.3372448252953927,-1.5575395779517782,0.8923270782724001,0.595
headline,gcn_v2,gru_v2,1,1.2046937775733702,0.6627921318821264,1.8592937312448732,0.0
headline,gcn_v2,gru_v2,2,3.783389905329002,1.7077213964700546,6.202253704935213,0.0
headline,gcn_v2,gru_v2,3,3.1331870837095432,1.7423239107833648,4.622696414469346,0.0
headline,gcn_v2,gru_v2,4,2.2877764336213793,0.9123496450146704,3.642692160683543,0.001
headline,gcn_v2,gru_v2,6,1.009890983412826,0.149394347059141,1.8499503384636782,0.015
headline,gcn_v2,gru_v2,8,0.253689663752617,-0.9570294279737509,1.4600554451113352,0.69
headline,gcn_v2,gru_v2,10,0.4010298511184197,-0.558797806578849,1.4155391419091508,0.434
headline,gcn_v2,gru_v2,12,0.6769867999240288,-0.2658863258126121,1.6191929991388743,0.168
headline,adaptive_v2,gru_v2,1,0.4897608692322048,0.29289849260287165,0.6960565095848927,0.0
headline,adaptive_v2,gru_v2,2,5.578200051723971,2.9929405663384534,8.722510614871057,0.0
headline,adaptive_v2,gru_v2,3,3.4430379835778484,2.0672728890395575,4.978974784833,0.0
headline,adaptive_v2,gru_v2,4,1.6111808765019069,0.8132032681820861,2.4268902727751582,0.0
headline,adaptive_v2,gru_v2,6,1.232780349044766,-0.008083663915161845,2.3746488467007025,0.053
headline,adaptive_v2,gru_v2,8,1.6117017793329433,-0.3598825549958821,3.5929905573206193,0.109
headline,adaptive_v2,gru_v2,10,0.9795288217727691,-1.4508174822230198,3.5188496037065775,0.445
headline,adaptive_v2,gru_v2,12,1.2706731807665972,-0.3643104319860719,2.75719159739397,0.131
headline,gru_v2_lw,gru_v2,1,-0.5961131429541882,-1.2471511305973701,-0.09796664645635307,0.01
headline,gru_v2_lw,gru_v2,2,0.09411985026761806,-0.18448343652913102,0.3669047991600193,0.464
headline,gru_v2_lw,gru_v2,3,-0.23241440065705024,-0.6289975560549816,0.14092921616958182,0.257
headline,gru_v2_lw,gru_v2,4,0.16247832054468586,-0.16614273907183752,0.532673851794845,0.347
headline,gru_v2_lw,gru_v2,6,-1.0543249707275437,-2.31783942600277,0.15186191228632429,0.078
headline,gru_v2_lw,gru_v2,8,-0.5428786886214443,-1.2513793909375663,0.1585129544805249,0.136
headline,gru_v2_lw,gru_v2,10,-1.244067402822008,-2.006137939078858,-0.39039203518914867,0.006
headline,gru_v2_lw,gru_v2,12,-0.4313475335773778,-0.9563064570995069,0.05390735991858983,0.083
headline,gru_v2_quantile_lw,gru_v2,1,-0.9425024020896587,-1.953566177536258,-0.12664296609327924,0.014
headline,gru_v2_quantile_lw,gru_v2,2,-0.5092843300712533,-1.356749040853333,0.18791589540329084,0.189
headline,gru_v2_quantile_lw,gru_v2,3,0.05488141075087566,-0.6866138874544735,0.8230886057974796,0.842
headline,gru_v2_quantile_lw,gru_v2,4,-0.7207181851113323,-1.9229254572405208,0.38450287410477657,0.21
headline,gru_v2_quantile_lw,gru_v2,6,-0.9133615027900703,-2.6157059946618655,0.6705224093054212,0.277
headline,gru_v2_quantile_lw,gru_v2,8,-1.2267260841763488,-2.149903634935766,-0.3156073037361628,0.008
headline,gru_v2_quantile_lw,gru_v2,10,-1.1339826640196706,-2.09651865862362,-0.210894745348057,0.022
headline,gru_v2_quantile_lw,gru_v2,12,-0.16449106611231037,-0.8200607126147429,0.48741830493936084,0.631
headline,chronos2_joint,chronos2,1,-0.0768641330856593,-0.40252414501665523,0.24598345860444182,0.675
headline,chronos2_joint,chronos2,2,-0.27085296917081575,-0.7796886789640324,0.1845897613677488,0.282
headline,chronos2_joint,chronos2,3,-0.5655921305896238,-1.3560584686682844,0.11733656183797508,0.107
headline,chronos2_joint,chronos2,4,-0.7756481539194219,-2.1071698485284984,0.19428679126600334,0.155
headline,chronos2_joint,chronos2,6,-1.0734889684081597,-3.019755818029268,0.27841250379891225,0.196
headline,chronos2_joint,chronos2,8,-1.2427048374615663,-3.2280019917047094,0.4751076990449791,0.206
headline,chronos2_joint,chronos2,10,-1.4608752877208457,-3.8182761419258764,0.45325933866977314,0.204
headline,chronos2_joint,chronos2,12,-1.3399836310606041,-3.7406071174555895,0.6397571961586932,0.237
headline,chronos2_ft,chronos2,1,2.5613873617829737,1.2597257337673584,4.0839804884700195,0.0
headline,chronos2_ft,chronos2,2,1.7341328723663174,0.3578244374241449,3.1906495923254243,0.011
headline,chronos2_ft,chronos2,3,0.7331332868284299,-1.0732899979799604,2.2123348577192625,0.348
headline,chronos2_ft,chronos2,4,-0.2613214511109475,-2.566330877537305,1.449054112149545,0.884
headline,chronos2_ft,chronos2,6,-1.2019238698893921,-3.9893468152916802,0.934110065831916,0.372
headline,chronos2_ft,chronos2,8,-2.236290805851412,-5.093512753963285,0.22837810537941583,0.079
headline,chronos2_ft,chronos2,10,-2.790860008550431,-5.726555011144497,-0.37744384219438043,0.019
headline,chronos2_ft,chronos2,12,-2.8753138955122677,-5.488532452295143,-0.6237903696998011,0.006
headline,chronos2_joint_ft,chronos2_joint,1,1.3609212738424827,0.718997579278324,2.1277724215759997,0.0
headline,chronos2_joint_ft,chronos2_joint,2,0.7300051106823384,0.07759875784361105,1.4541974045044004,0.034
headline,chronos2_joint_ft,chronos2_joint,3,0.09039689470989284,-0.6922162261166768,0.7658185961958253,0.781
headline,chronos2_joint_ft,chronos2_joint,4,-0.04487077153559662,-0.6622358655431096,0.5178512531482737,0.918
headline,chronos2_joint_ft,chronos2_joint,6,-0.5626160397336917,-1.1400962718282146,-0.007815897940399212,0.048
headline,chronos2_joint_ft,chronos2_joint,8,-1.0337353340521784,-1.6211097776800305,-0.43541375649285885,0.002
headline,chronos2_joint_ft,chronos2_joint,10,-1.052341335307398,-1.5802568350422495,-0.5109269172422213,0.0
headline,chronos2_joint_ft,chronos2_joint,12,-1.1227333623239122,-1.6824139286467084,-0.6010632599377513,0.0
headline,mix_nb_chronos,nb_shared_v2,1,-0.8463218465779875,-1.1461611677922572,-0.5825416659361545,0.0
headline,mix_nb_chronos,nb_shared_v2,2,-1.0422958239318088,-1.5346112275028487,-0.6423571284464281,0.0
headline,mix_nb_chronos,nb_shared_v2,3,-1.3014936950129308,-1.970037490988826,-0.7704344788452637,0.0
headline,mix_nb_chronos,nb_shared_v2,4,-1.3554967270351874,-2.1523753034117146,-0.7028504687786289,0.0
headline,mix_nb_chronos,nb_shared_v2,6,-1.6567901774732143,-2.5131696763852633,-0.8759263003512782,0.0
headline,mix_nb_chronos,nb_shared_v2,8,-1.7684750071263304,-2.669841101447235,-0.9616360344726831,0.0
headline,mix_nb_chronos,nb_shared_v2,10,-1.9787543115021573,-2.9596292382884584,-1.0821120952892698,0.0
headline,mix_nb_chronos,nb_shared_v2,12,-2.366201002616993,-3.3949567774272755,-1.4097095821963153,0.0
headline,mix_nb_chronos,chronos2_joint,1,-0.17525745001172877,-0.38097573569154736,0.0368737123425554,0.098
headline,mix_nb_chronos,chronos2_joint,2,-0.2771790463287234,-0.6375425245088556,0.10137888576227165,0.138
headline,mix_nb_chronos,chronos2_joint,3,-0.4415861173286165,-1.1256632186413924,0.19288871500802485,0.203
headline,mix_nb_chronos,chronos2_joint,4,-0.6248022960533653,-1.4605720637910116,0.140219752755179,0.116
headline,mix_nb_chronos,chronos2_joint,6,-0.7976287782246972,-1.9204897580039004,0.2769170532686149,0.154
headline,mix_nb_chronos,chronos2_joint,8,-1.048993561125297,-2.323677412569439,0.21995589919267708,0.111
headline,mix_nb_chronos,chronos2_joint,10,-1.031247344979906,-2.2200465918973085,0.08320983924686831,0.071
headline,mix_nb_chronos,chronos2_joint,12,-0.9937304869714936,-2.1079634714889695,0.07082631239404104,0.068
