arm,parameters,fits,train_seconds_total,train_seconds_per_fit,inference_ms_per_origin,peak_gpu_mb,hardware
adaptive_v2,8657.0,264,382.3107520999838,1.4481467882575143,0.021522212259675565,145.32958984375,NVIDIA GeForce RTX 4070 Laptop GPU
chronos2,119477664.0,1,0.0,0.0,30.475595033116985,1472.7431640625,NVIDIA GeForce RTX 4070 Laptop GPU
chronos2_climate,119477664.0,1,0.0,0.0,170.11766192052357,1022.64794921875,NVIDIA GeForce RTX 4070 Laptop GPU
chronos2_ft,120684576.0,11,1244.0328905999995,113.0938991454545,39.36794069578799,2670.56298828125,NVIDIA GeForce RTX 4070 Laptop GPU
chronos2_joint,119477664.0,1,0.0,0.0,30.511104139082185,1122.83447265625,NVIDIA GeForce RTX 4070 Laptop GPU
chronos2_joint_ft,120684576.0,11,1980.135880599999,180.0123527818181,33.83654401293289,2910.82275390625,NVIDIA GeForce RTX 4070 Laptop GPU
chronos_bolt,47718016.0,1,0.0,0.0,38.516901324497155,2162.18115234375,NVIDIA GeForce RTX 4070 Laptop GPU
gcn_v2,8257.0,264,266.69418220013176,1.0102052356065596,0.020206367710864155,140.55419921875,NVIDIA GeForce RTX 4070 Laptop GPU
gru_v1,8193.0,264,662.6014379000262,2.509853931439493,0.037154301196227535,138.15966796875,NVIDIA GeForce RTX 4070 Laptop GPU
gru_v2,8257.0,264,328.3010987000307,1.2435647678031465,0.019756562033232894,140.55419921875,NVIDIA GeForce RTX 4070 Laptop GPU
gru_v2_climatology,8257.0,264,361.1475536000071,1.3679831575757844,0.020350369960302296,140.55419921875,NVIDIA GeForce RTX 4070 Laptop GPU
gru_v2_lw,8257.0,264,345.313044100003,1.308003954924254,0.020196289235732114,140.64208984375,NVIDIA GeForce RTX 4070 Laptop GPU
gru_v2_nb,8290.0,264,579.9652233000597,2.196837967045681,0.02484476457449307,140.66162109375,NVIDIA GeForce RTX 4070 Laptop GPU
gru_v2_noclimate,7745.0,264,352.7956404999277,1.3363471231057866,0.017695171900222392,122.36181640625,NVIDIA GeForce RTX 4070 Laptop GPU
gru_v2_quantile,8455.0,264,528.8539877000585,2.003234801894161,0.022941255607259358,140.64599609375,NVIDIA GeForce RTX 4070 Laptop GPU
gru_v2_quantile_lw,8455.0,264,498.35059939999337,1.8876916643939143,0.023013811657247845,140.64599609375,NVIDIA GeForce RTX 4070 Laptop GPU
gru_v2_shuffled,8257.0,264,377.4231556000159,1.4296331651515752,0.020418893877415942,140.55419921875,NVIDIA GeForce RTX 4070 Laptop GPU
lgbm_v2,,264,182.48430299997563,0.6912284204544531,,,CPU (LightGBM default threads)
lgbm_v2_climatology,,264,169.2692112000368,0.641171254545594,,,CPU (LightGBM default threads)
lgbm_v2_noclimate,,264,160.53274129999772,0.6080785655302944,,,CPU (LightGBM default threads)
nb_shared_v2,8752.0,33,79.50606970000808,2.4092748393941843,0.02280270203342157,143.42529296875,NVIDIA GeForce RTX 4070 Laptop GPU
nb_shared_v2_climatology,8752.0,33,79.46023579999746,2.4078859333332563,0.02336020633783886,143.42529296875,NVIDIA GeForce RTX 4070 Laptop GPU
nb_shared_v2_noclimate,8240.0,33,75.64303549998294,2.29221319696918,0.02076841071179064,124.044921875,NVIDIA GeForce RTX 4070 Laptop GPU
nb_shared_v2_shuffled,8752.0,33,79.57000850000622,2.4112123787880675,0.022614394498946377,143.42529296875,NVIDIA GeForce RTX 4070 Laptop GPU
nb_shared_v2_wxlag1,8752.0,33,72.81074690000241,2.2063862696970427,0.02306922132416517,143.42529296875,NVIDIA GeForce RTX 4070 Laptop GPU
nb_shared_v3,8848.0,33,79.46256920001906,2.40795664242482,0.0231928764400774,146.8720703125,NVIDIA GeForce RTX 4070 Laptop GPU
nb_shared_v4,9072.0,33,67.89652039999055,2.0574703151512286,0.023698845494166447,155.4111328125,NVIDIA GeForce RTX 4070 Laptop GPU
nb_shared_v4_t26,9072.0,33,68.70365139999922,2.0819288303030064,0.02332652911137524,155.4111328125,NVIDIA GeForce RTX 4070 Laptop GPU
nb_shared_v4_t27,9072.0,33,63.93045479996363,1.9372865090898068,0.02428808645155033,155.4111328125,NVIDIA GeForce RTX 4070 Laptop GPU
nb_shared_v4_t29,9072.0,33,74.01907349999965,2.243002227272717,0.024650429873515425,155.4111328125,NVIDIA GeForce RTX 4070 Laptop GPU
nb_shared_v4_t30,9072.0,33,73.43093670000235,2.225179900000071,0.02497091622513999,155.4111328125,NVIDIA GeForce RTX 4070 Laptop GPU
ridge_v2,,88,6.345714800016135,0.0721103954547288,,,CPU (LightGBM default threads)
