method,horizon,auc,sensitivity,precision,false_alarm_rate
adaptive_v2,1,0.9017152863079796,0.6211635710446283,0.7727775148854553,0.0741929573802138
adaptive_v2,2,0.878370429976361,0.5873825565076098,0.7161701351656852,0.05779106222910384
adaptive_v2,3,0.8627667722654075,0.5550977081935525,0.6897753227751042,0.07053127906533141
adaptive_v2,4,0.8426290668390984,0.5437257601161506,0.6457595875334227,0.0869739269255475
adaptive_v2,6,0.8039570268030295,0.5060249712775742,0.5914642509203697,0.09373120929658049
adaptive_v2,8,0.7573296323322259,0.45218717307651085,0.5320126489171232,0.11883425862242628
adaptive_v2,10,0.7088307256987079,0.3860940978277099,0.4942793828256244,0.12548698073658326
adaptive_v2,12,0.6863752449740677,0.3392994188812883,0.4669462960925885,0.11522603325545192
chronos2,1,0.9063676283019947,0.6330544304711504,0.7499216530864489,0.08631013263626845
chronos2,2,0.8880828071441701,0.602635367780304,0.7385344464779237,0.08361848847879809
chronos2,3,0.8647621863799341,0.5613132055761318,0.6941784262407037,0.08900737908587654
chronos2,4,0.8425324551809679,0.5202380700627397,0.6602151825806857,0.09254950290941286
chronos2,6,0.7999901557724404,0.4257918389404659,0.5909898615866712,0.09951179673686605
chronos2,8,0.7476250775174,0.347788164175679,0.525102633474017,0.1092367847292638
chronos2,10,0.7099113502814548,0.28500843002563764,0.4624022476474115,0.10726754746184851
chronos2,12,0.6833488768953169,0.2547440892773239,0.44271153697737986,0.11241194465880298
chronos2_climate,1,0.9062426247147796,0.6261041658654696,0.7849926818281588,0.07597545670580826
chronos2_climate,2,0.8896834065892477,0.5871747337296289,0.7652971718817125,0.07256991813317312
chronos2_climate,3,0.8680699601212298,0.5370226683280265,0.7216233815777563,0.081217519676004
chronos2_climate,4,0.8483581877411245,0.4969721167146292,0.6926872347791582,0.07870723952771355
chronos2_climate,6,0.809109643226517,0.40959855687814495,0.6440091422078282,0.08059840865265724
chronos2_climate,8,0.7633684597230548,0.3224181119819383,0.55495791439248,0.08587719759829952
chronos2_climate,10,0.7322611862932413,0.2697141142729453,0.5390727763273295,0.0786179417352801
chronos2_climate,12,0.7079755403466924,0.23087997349943737,0.6155603802068464,0.08133991505047997
chronos2_ft,1,0.9057544955280411,0.5608088321065691,0.810816141173589,0.05097424209550644
chronos2_ft,2,0.8894912461243726,0.5271972807995494,0.7762783178546796,0.05556936363160809
chronos2_ft,3,0.8698358033515595,0.5024097898930933,0.7357526269934268,0.055249167296749134
chronos2_ft,4,0.8517737944055696,0.47406778314501097,0.7108417545087808,0.06084490817976546
chronos2_ft,6,0.81528594441709,0.40029712835857983,0.6391784806468327,0.06775814034150304
chronos2_ft,8,0.7702105043089106,0.3333418730570169,0.5982645738035736,0.0712681714887068
chronos2_ft,10,0.7381637990154643,0.28417537915650076,0.5496226973408619,0.07024419850007162
chronos2_ft,12,0.7141572090251112,0.2284859152297488,0.5129452643952195,0.06610380147142879
chronos2_joint,1,0.9094207719719325,0.6292431385048204,0.7703323916903508,0.08724398708507627
chronos2_joint,2,0.8924188652652109,0.5934348681727272,0.746520378709876,0.08734051919013133
chronos2_joint,3,0.8704680470746481,0.5634290136101717,0.7134172512997924,0.08568254238672024
chronos2_joint,4,0.8491970858420582,0.5258722272664762,0.688732758388734,0.08683618953803328
chronos2_joint,6,0.8127810907822889,0.43769218100482316,0.6183803868727813,0.09377582719970798
chronos2_joint,8,0.7636686231432784,0.3501785755159079,0.560028332072305,0.1000023606367677
chronos2_joint,10,0.7222587620294367,0.2867726272395985,0.4879945197298024,0.10298589085124368
chronos2_joint,12,0.6941000051952574,0.24049993037433523,0.4929789721549401,0.10935543881656672
chronos2_joint_ft,1,0.90892185654965,0.611306473066027,0.797509792349935,0.07479404759200069
chronos2_joint_ft,2,0.8942743436323876,0.5699878276513739,0.7660498294172126,0.07523895151150709
chronos2_joint_ft,3,0.873298275107807,0.5440783957656281,0.7341666377778447,0.07575158762916694
chronos2_joint_ft,4,0.8535643193013353,0.5103334279269257,0.6943498789941209,0.07879331368182094
chronos2_joint_ft,6,0.8192686115405178,0.44582432014964485,0.6451564439195284,0.08516966044140029
chronos2_joint_ft,8,0.7767206700358932,0.35815048024121643,0.5866380211440075,0.09265545865669302
chronos2_joint_ft,10,0.7401636723006714,0.2976196213317346,0.5215176292322755,0.09408916416328772
chronos2_joint_ft,12,0.7124398278435625,0.25236088121355765,0.5039191241153823,0.09757967945035709
chronos_bolt,1,0.892522910881796,0.6014393138206829,0.7732067359004035,0.0770152385968579
chronos_bolt,2,0.8705333583240494,0.5435728722137733,0.7486772645219901,0.07183925745071813
chronos_bolt,3,0.8409238728855247,0.476248849711677,0.7080602975546603,0.07490144152541246
chronos_bolt,4,0.8119286552040922,0.4234236527263503,0.6930863810222772,0.0734193752356651
chronos_bolt,6,0.7589204256714537,0.31983254926053684,0.645903592523175,0.07280677757297704
chronos_bolt,8,0.7013548623781364,0.2527075524883401,0.54235248526785,0.07194651438833073
chronos_bolt,10,0.6612059972469969,0.20997244561105283,0.4998816293097366,0.06965911901795316
chronos_bolt,12,0.6423507370360733,0.17448644221838433,0.5088489592948616,0.06951845615809868
climatology,1,0.6513731453313437,0.03774369800331715,0.4626625958021307,0.013239103091328268
climatology,2,0.6513731453313437,0.03774369800331715,0.4626625958021307,0.013239103091328268
climatology,3,0.6513731453313437,0.03774369800331715,0.4626625958021307,0.013239103091328268
climatology,4,0.6513731453313437,0.03774369800331715,0.4626625958021307,0.013239103091328268
climatology,6,0.6513731453313437,0.03774369800331715,0.4626625958021307,0.013239103091328268
climatology,8,0.6513731453313437,0.03774369800331715,0.4626625958021307,0.013239103091328268
climatology,10,0.6513731453313437,0.03774369800331715,0.4626625958021307,0.013239103091328268
climatology,12,0.6513731453313437,0.03774369800331715,0.4626625958021307,0.013239103091328268
ens_equal,1,0.9101168820242952,0.6122725493936344,0.793465381602673,0.06854984971232526
ens_equal,2,0.8943035070046976,0.5839275429653819,0.7786213497164961,0.06821787293423967
ens_equal,3,0.8754293376672478,0.5350648168576513,0.7329963154712288,0.07012803843277922
ens_equal,4,0.855154582369083,0.4921205127253425,0.702827975980919,0.0680778613922079
ens_equal,6,0.817173736246049,0.4140917367312473,0.6432538493711959,0.07187359570734508
ens_equal,8,0.7693342052560196,0.3278929092078263,0.612817737016921,0.07332327057883946
ens_equal,10,0.7335584659448647,0.26051680280030853,0.5477253373721751,0.07321378092377977
ens_equal,12,0.7121869891468109,0.20690876604336128,0.5177275821369479,0.07104572965728313
ens_stacked,1,0.9090049188804974,0.6075634408089423,0.8021083982727971,0.06518824879695727
ens_stacked,2,0.8940835709148046,0.5727938438699861,0.7852306197141555,0.061828090545759044
ens_stacked,3,0.873383846992167,0.5200984327405183,0.729370160824616,0.0602317357712009
ens_stacked,4,0.8524912063007902,0.4733562364748348,0.6899299519931448,0.06120890067833479
ens_stacked,6,0.8139060916066575,0.3846089318573638,0.6252452961290571,0.06153636991228257
ens_stacked,8,0.7659190075129728,0.32480480065476763,0.6077643247941794,0.06536747842901432
ens_stacked,10,0.7270894653549508,0.2505132938192421,0.5562487543929302,0.06415289232289921
ens_stacked,12,0.7111041822570129,0.20075219138785366,0.519944800234453,0.060968200033628274
ens_top3,1,0.9075715127485966,0.6231892332656953,0.7846858164341708,0.07956700948865246
ens_top3,2,0.8917586350925595,0.5953928805196883,0.7535556542094405,0.06510557422652592
ens_top3,3,0.8703739261054935,0.5273857564814516,0.7050921190436495,0.07045052500908307
ens_top3,4,0.8491497285202279,0.51943517838785,0.6640268160096964,0.08190243041804064
ens_top3,6,0.8080622982982186,0.4185971110736852,0.6205302536479175,0.07841420140783766
ens_top3,8,0.7555679014854603,0.3410153504623629,0.5628724171951255,0.08363017757976113
ens_top3,10,0.7058102297050851,0.26991659877286583,0.5046908171262324,0.09683382717554134
ens_top3,12,0.6824227087393153,0.20671608023470833,0.4891985458207086,0.07643648979594896
gcn_v2,1,0.8896966030142897,0.6444991597951502,0.7183039911715331,0.087653796183082
gcn_v2,2,0.8763024265858704,0.6088149035991615,0.6966248710400414,0.07528760614721965
gcn_v2,3,0.85484051354064,0.573026553034033,0.6471244923472532,0.08605562379049511
gcn_v2,4,0.8376763162999803,0.532640623056678,0.6285219030241592,0.08774284723834713
gcn_v2,6,0.8035959491108619,0.5049256018077319,0.5787144561021643,0.1056223331466469
gcn_v2,8,0.7605705323091074,0.4463329538433637,0.5498009838764092,0.11260399060220953
gcn_v2,10,0.7208138364175484,0.35988800178438357,0.5141574173956724,0.10686329106286281
gcn_v2,12,0.7025517261553925,0.28389801331465797,0.4912132244526158,0.0855952667511334
gru_v1,1,0.905855064859879,0.6177567474798068,0.7848416658567626,0.06928302462251947
gru_v1,2,0.8933489820911683,0.5842028269223059,0.7660906023891118,0.07098629844938416
gru_v1,3,0.8732018822837923,0.541969362777496,0.7041203472814442,0.0787305714731777
gru_v1,4,0.8524402748471787,0.5036978209416404,0.6818857103325265,0.07713081286416769
gru_v1,6,0.8123702567761669,0.446993812717897,0.6163598318250545,0.08886581898197142
gru_v1,8,0.7630017599599174,0.373404299601165,0.5596361158731163,0.10686410471149455
gru_v1,10,0.7301862774026312,0.3322995231465164,0.519559110864507,0.10979809158318332
gru_v1,12,0.7097631764378668,0.27486617328222673,0.505582661007434,0.10222298019287482
gru_v2,1,0.9089069543184252,0.6046520556589118,0.7957856835518741,0.07057488542847488
gru_v2,2,0.8945683240541095,0.5670858199890118,0.7638327402445318,0.07329546535569256
gru_v2,3,0.8755686067026247,0.5347859273478709,0.729925556894694,0.07539299241669783
gru_v2,4,0.8557000973528711,0.4978414189935304,0.6746781783668669,0.07890934428419731
gru_v2,6,0.8143661005345347,0.4315459013770563,0.6260487579684143,0.07918519172271976
gru_v2,8,0.7703297255854844,0.33775138360321993,0.5703750814689263,0.0839857553108084
gru_v2,10,0.7227661654534093,0.2848600322758671,0.5276846352269284,0.08273431703157648
gru_v2,12,0.7010717740805548,0.23468449277785336,0.4858387125873253,0.09033871678674135
gru_v2_climatology,1,0.9061882840858354,0.5937143896436184,0.8058173210351106,0.06910426778170373
gru_v2_climatology,2,0.8910849715120329,0.5699998816594755,0.7808145546966205,0.06295395850803585
gru_v2_climatology,3,0.866746981169057,0.5194336164154035,0.727626097970232,0.06923387317051159
gru_v2_climatology,4,0.8434345940041414,0.4772157042846614,0.6954889846578224,0.06799763791080435
gru_v2_climatology,6,0.803706288032256,0.40791327827833257,0.6047161403546716,0.08038572822098981
gru_v2_climatology,8,0.7503070087941568,0.32171476426188284,0.5411204989796904,0.08139417525013112
gru_v2_climatology,10,0.7026036006768869,0.24483367696635364,0.47867986895920234,0.08042593280168418
gru_v2_climatology,12,0.6757586616025522,0.2089675282884754,0.468842068617611,0.06963663478418425
gru_v2_lw,1,0.9069986207893752,0.6146913394202006,0.7958058231821069,0.07677674631458539
gru_v2_lw,2,0.891093163826688,0.5740477031500654,0.7706611847650147,0.06851498874449609
gru_v2_lw,3,0.8716362676789089,0.5370864265805906,0.7082985858196499,0.08081863419034076
gru_v2_lw,4,0.8500315825642585,0.5175312562531875,0.6832252326406592,0.0826033664119192
gru_v2_lw,6,0.8154281014288162,0.45690349709623573,0.6277435868986918,0.08922442817177065
gru_v2_lw,8,0.7681167150206992,0.35408994218959833,0.5788276278125402,0.09218340658988423
gru_v2_lw,10,0.7278152135084957,0.303483471262724,0.5503066152315214,0.08437935009941351
gru_v2_lw,12,0.703498211653843,0.2402665882550514,0.5286385516096989,0.07836503329304227
gru_v2_nb,1,0.9118166830697755,0.6599465230586705,0.7618443997774144,0.09459248584063086
gru_v2_nb,2,0.8946657679414886,0.6433683871804063,0.7112929466682688,0.10428521782567549
gru_v2_nb,3,0.8747439460063323,0.6046786812506103,0.6606835064224227,0.10925287420305621
gru_v2_nb,4,0.8518996164784892,0.584727000012096,0.6474014265831808,0.11319446781862111
gru_v2_nb,6,0.8096203039387146,0.4863254962706195,0.5818414415615454,0.1228977697255402
gru_v2_nb,8,0.7607133325759758,0.40224752673055403,0.5589879694386674,0.11118542630785098
gru_v2_nb,10,0.7106174376859054,0.3301243337700411,0.48985441816874115,0.13774246382759275
gru_v2_nb,12,0.6797963919375325,0.2764026187691176,0.4639593263591658,0.14004623721316198
gru_v2_nb_mean,1,0.9152573446880476,0.7024688454289271,0.7117484638378363,0.11595332820214883
gru_v2_nb_mean,2,0.8986232291614812,0.7124105548078442,0.6569414695965522,0.14057191017984608
gru_v2_nb_mean,3,0.8778302703101141,0.6824429295613367,0.6090012424874832,0.1530664309532071
gru_v2_nb_mean,4,0.8561185253360107,0.6663529874548892,0.5821766436421895,0.17103717074978023
gru_v2_nb_mean,6,0.8169204298193076,0.6126963389803556,0.5279862658300906,0.19614037158903525
gru_v2_nb_mean,8,0.7716198685706821,0.5347839347877015,0.49855930904795936,0.19672925600346453
gru_v2_nb_mean,10,0.718846264908429,0.4884960001983708,0.4520619064875802,0.23807367629482584
gru_v2_nb_mean,12,0.6886678656076126,0.455802590792365,0.4335084719577757,0.2501487859095806
gru_v2_noclimate,1,0.906282065976466,0.6027323715205156,0.8000404762463399,0.07635232240565028
gru_v2_noclimate,2,0.8904891748849902,0.5689604584963929,0.769433361275742,0.06583202054180946
gru_v2_noclimate,3,0.8671504328616723,0.5235304102944451,0.7014389360106695,0.0783549844249646
gru_v2_noclimate,4,0.8409384052933397,0.483486658925625,0.683360230402043,0.06701774707000133
gru_v2_noclimate,6,0.7962083969649488,0.41467049269167816,0.6171730944619896,0.07809006547969162
gru_v2_noclimate,8,0.7406616675245187,0.34098180749590995,0.56174104640805,0.08894627959187462
gru_v2_noclimate,10,0.6987540817141663,0.26567680726883075,0.4909702192497042,0.09294641536736782
gru_v2_noclimate,12,0.6603010440100798,0.20180525987321543,0.4739713824626359,0.07975297749847865
gru_v2_quantile,1,0.9074608741363622,0.6463397296113307,0.7652101694184392,0.09605834188456046
gru_v2_quantile,2,0.8912507777394529,0.6074543153761865,0.7409857132415361,0.09443399128712003
gru_v2_quantile,3,0.8688491067866112,0.5550765540551993,0.6775116429560203,0.09526797516400935
gru_v2_quantile,4,0.8482101576668637,0.5236307324626386,0.6529675928877117,0.09079388358508167
gru_v2_quantile,6,0.815056031164331,0.482796135029533,0.6045944486510691,0.1013931584818111
gru_v2_quantile,8,0.770052580080986,0.3719127031652189,0.5572125307515726,0.09578431028475752
gru_v2_quantile,10,0.7252278810797839,0.31830766053217113,0.5275883038477998,0.0995193396624223
gru_v2_quantile,12,0.6940458957760827,0.23856320369274617,0.48132567745933974,0.0872745005565394
gru_v2_quantile_lw,1,0.9062224726111935,0.6369030686780633,0.7655215943549363,0.09435849002819759
gru_v2_quantile_lw,2,0.8918620278712395,0.6226146312179134,0.72455660319215,0.09987104888098644
gru_v2_quantile_lw,3,0.869248441117177,0.5622675433473835,0.6801249497414172,0.09603781221630624
gru_v2_quantile_lw,4,0.851934565788903,0.5400366535444683,0.6547345381613866,0.09988270176950335
gru_v2_quantile_lw,6,0.8092126685100334,0.47290686173978935,0.6178962050197387,0.10301324444179115
gru_v2_quantile_lw,8,0.7625110134035741,0.37901526812400654,0.5787091887454389,0.09544638278372007
gru_v2_quantile_lw,10,0.7181744514218046,0.30835852761145016,0.5427035541028259,0.09170457288867184
gru_v2_quantile_lw,12,0.6915966436632368,0.2501771453254219,0.501347470391618,0.086953242144812
gru_v2_shuffled,1,0.9048884040563172,0.5975358295387814,0.7992379431424793,0.07544996370129742
gru_v2_shuffled,2,0.8893706902908943,0.5653063630696733,0.7690316966932952,0.07158632653081264
gru_v2_shuffled,3,0.8672505621606553,0.5101819363349047,0.7259292529498272,0.07060993793027763
gru_v2_shuffled,4,0.8407309992990364,0.474143544287632,0.6807660908643338,0.07392666479182723
gru_v2_shuffled,6,0.801825820418891,0.4149809029725913,0.6138383752368697,0.07812949187739085
gru_v2_shuffled,8,0.7421802492535533,0.32791502350897234,0.5406526432961792,0.08805915787123716
gru_v2_shuffled,10,0.6925046092282346,0.2471813576479565,0.4574886075241121,0.083169443250346
gru_v2_shuffled,12,0.6565283718604752,0.19521812778160344,0.43389266153424766,0.07565025896943638
lgbm_v2,1,0.9057516546244183,0.5881727765194572,0.7936206511265462,0.06479933298238735
lgbm_v2,2,0.8889713371018343,0.5550222120029628,0.7690248601527001,0.05908797575046739
lgbm_v2,3,0.8681950230414903,0.5028975373777541,0.7163211279412055,0.05840508176583465
lgbm_v2,4,0.8456343372979948,0.45686887553283734,0.7099008932293192,0.05526000450936149
lgbm_v2,6,0.805190705269573,0.3812462315571021,0.6368117124348128,0.06137905245959201
lgbm_v2,8,0.7477851840380557,0.3044759366824028,0.5948001589079165,0.0693260472068654
lgbm_v2,10,0.716528055077415,0.23287287903698564,0.5738483990440708,0.06321622340661094
lgbm_v2,12,0.6924566070205086,0.18814627149217222,0.5271801135163422,0.0659229598568001
lgbm_v2_climatology,1,0.9038242588676132,0.5903076329720073,0.7862830375400888,0.06219481980789125
lgbm_v2_climatology,2,0.8872223657060266,0.5452560462754724,0.7667773214109151,0.05659730701395827
lgbm_v2_climatology,3,0.8656420271662482,0.5065254689532139,0.7297335780381154,0.05754864629868565
lgbm_v2_climatology,4,0.8424183397050043,0.45948272128983714,0.7104090160258434,0.05707560691741138
lgbm_v2_climatology,6,0.7986204443793626,0.38146870895742413,0.6398346805707126,0.06501833788135487
lgbm_v2_climatology,8,0.7441266039918567,0.3019633672393467,0.5944286765642053,0.06628523434918109
lgbm_v2_climatology,10,0.7030613374826727,0.2239450594678091,0.5227553420391404,0.06800977108832278
lgbm_v2_climatology,12,0.6762326863051825,0.19548447883374806,0.5078718914691361,0.07422645512486738
lgbm_v2_noclimate,1,0.9031425704866697,0.5851512291122238,0.7833775593504055,0.06031191697354046
lgbm_v2_noclimate,2,0.8860348073407763,0.539693314777007,0.7630990255652518,0.05589361131537054
lgbm_v2_noclimate,3,0.863720421931454,0.5065932448531892,0.7297784296238466,0.06018688742387036
lgbm_v2_noclimate,4,0.8404999651027417,0.45885030324309267,0.7196750718639349,0.05572743618802293
lgbm_v2_noclimate,6,0.7958716471415561,0.3777299232426952,0.6387236648947804,0.06508567279510533
lgbm_v2_noclimate,8,0.7407769323202357,0.3018085098449411,0.587847533662214,0.06758563952526818
lgbm_v2_noclimate,10,0.6996450606064443,0.22217350999606436,0.5294145342082579,0.06659118136101166
lgbm_v2_noclimate,12,0.6741134189221292,0.19515920194025174,0.5365012102021944,0.07330804707009933
mix_nb_chronos,1,0.9088456605912697,0.6375363807356768,0.765065294307453,0.08673945462796348
mix_nb_chronos,2,0.8944082623158206,0.6081390911115357,0.7500349466185331,0.08143049398642303
mix_nb_chronos,3,0.8738523758363544,0.5563137461110491,0.7050925540852823,0.08529395124092456
mix_nb_chronos,4,0.8535571056283173,0.5228951760579306,0.6894255844426385,0.08143672550475219
mix_nb_chronos,6,0.8206818029350211,0.4481367889240791,0.6382078654428305,0.08839142006390417
mix_nb_chronos,8,0.7754282796957549,0.3695707761208296,0.5805909480315098,0.09690100421784582
mix_nb_chronos,10,0.7387564465321572,0.2979900793993941,0.5245081293622865,0.09299001041189638
mix_nb_chronos,12,0.712807026473512,0.26360311116788343,0.514307469757607,0.09856692770599544
nb_shared_v2,1,0.9031009255532413,0.638095904971315,0.7510502426243323,0.08560803094421666
nb_shared_v2,2,0.8894806017581323,0.6116260675162241,0.7330411710503811,0.08675254901872366
nb_shared_v2,3,0.8681446440752815,0.5602277649791103,0.6780991049278294,0.08807558951778285
nb_shared_v2,4,0.8457448962050319,0.5386567439231807,0.6595922803050509,0.09059678611393815
nb_shared_v2,6,0.80879306866524,0.46311565184922576,0.599557436656866,0.09569814832755201
nb_shared_v2,8,0.7605989519301687,0.3966485202777466,0.5482672378580238,0.10284829859418135
nb_shared_v2,10,0.7229531530444967,0.34895944894570247,0.4955294386506402,0.11680658759706398
nb_shared_v2,12,0.695321107304541,0.30532728682458077,0.45602668166688914,0.12467758382048877
nb_shared_v2_climatology,1,0.9028755713078803,0.6400348768590982,0.7571779372386113,0.09182501932510388
nb_shared_v2_climatology,2,0.8867551168449875,0.6034769105015746,0.7291399434109719,0.0897106249801418
nb_shared_v2_climatology,3,0.8648821348023716,0.5571542009790006,0.6703382245574362,0.09544554161732217
nb_shared_v2_climatology,4,0.8394492999954754,0.5339003933302134,0.6455574382517699,0.09623801322183964
nb_shared_v2_climatology,6,0.7989389306943296,0.4674620409132867,0.5862089654174003,0.10117571370622101
nb_shared_v2_climatology,8,0.7480531635976163,0.3846430620261974,0.530501429260329,0.10526792310926199
nb_shared_v2_climatology,10,0.7038686414124253,0.3194926645741883,0.4804864115646679,0.10906155171340999
nb_shared_v2_climatology,12,0.6705200101033849,0.2752291542976945,0.43975049866868193,0.11358913871614083
nb_shared_v2_climatology_mean,1,0.9067499770270214,0.7015301793862481,0.6999283618155687,0.12431345804742508
nb_shared_v2_climatology_mean,2,0.8900580744024019,0.6914593221668491,0.6683709149143156,0.1314118376905943
nb_shared_v2_climatology_mean,3,0.868058034087064,0.6619308786072572,0.6154263610237932,0.14126673782903618
nb_shared_v2_climatology_mean,4,0.8435068603146981,0.627849705151314,0.5731106071743621,0.15352050509698428
nb_shared_v2_climatology_mean,6,0.8047735727317055,0.5856871778775784,0.5268757538909786,0.1699129843385449
nb_shared_v2_climatology_mean,8,0.7566675732675145,0.5247352665492878,0.47792689038185576,0.1852195091796439
nb_shared_v2_climatology_mean,10,0.7144100209505503,0.4788875664649067,0.43501965667883613,0.21212225306357949
nb_shared_v2_climatology_mean,12,0.6828180733282659,0.44497538593472935,0.402810953843014,0.23058980376261642
nb_shared_v2_mean,1,0.9062481337818896,0.706895767962222,0.6961583625929968,0.12617997108450113
nb_shared_v2_mean,2,0.8929856749531353,0.7013100061834053,0.6711543143040107,0.12767097412876285
nb_shared_v2_mean,3,0.8714199329236293,0.6572547512346681,0.6120106365464196,0.14258754548499525
nb_shared_v2_mean,4,0.8499907338682328,0.6381721997562048,0.5849622331071433,0.1510404350664209
nb_shared_v2_mean,6,0.8151078467535887,0.5757393990659997,0.5239892244451808,0.1796484091049059
nb_shared_v2_mean,8,0.7715936263448055,0.5212104687942491,0.48167189331231813,0.19773068995525112
nb_shared_v2_mean,10,0.7371381421295905,0.48400682968780295,0.44917233094919073,0.21802586810680544
nb_shared_v2_mean,12,0.7105924817628894,0.45842691727787194,0.419082934042161,0.23388738164309225
nb_shared_v2_noclimate,1,0.9011976545026563,0.6232687315098271,0.7620578154794437,0.077872301809125
nb_shared_v2_noclimate,2,0.8857838071309294,0.5895172382217541,0.7413486580442585,0.07684634013370058
nb_shared_v2_noclimate,3,0.8645816116883566,0.5486368757547064,0.6843703216390716,0.08037387301201233
nb_shared_v2_noclimate,4,0.8385789212229243,0.512075208409952,0.6532847345469575,0.08183074502441448
nb_shared_v2_noclimate,6,0.7987604254156551,0.4535768117213327,0.5937277121086864,0.08869941646770772
nb_shared_v2_noclimate,8,0.7458396668049705,0.39485381164536687,0.550266405497583,0.09763904759164725
nb_shared_v2_noclimate,10,0.7009394236723556,0.3159223012083851,0.4899839611628568,0.10219611192448265
nb_shared_v2_noclimate,12,0.666160279572751,0.26174170346746667,0.4454915250773039,0.10606747125232117
nb_shared_v2_noclimate_mean,1,0.9046818571078216,0.7007462703804377,0.6994546922620445,0.1163823494640062
nb_shared_v2_noclimate_mean,2,0.889415738114354,0.685257761886441,0.6674217237611454,0.12290891024771644
nb_shared_v2_noclimate_mean,3,0.867685692442416,0.6540932635122081,0.6193461844381868,0.13374922489046195
nb_shared_v2_noclimate_mean,4,0.8420220419322437,0.6306688163489464,0.5829323674227124,0.1442405854887511
nb_shared_v2_noclimate_mean,6,0.8032860140107768,0.5931017987940851,0.5322781843676495,0.1644886237459541
nb_shared_v2_noclimate_mean,8,0.7535285706581598,0.5284102882130226,0.4745665893213311,0.18980252832228156
nb_shared_v2_noclimate_mean,10,0.7096586538073544,0.4825921112744035,0.4394939659034319,0.21370028726770166
nb_shared_v2_noclimate_mean,12,0.6766849018352703,0.4574147474923204,0.4106005150842131,0.23063191461179988
nb_shared_v2_shuffled,1,0.9035726309089759,0.629167039790973,0.7575010807975145,0.08114224308579328
nb_shared_v2_shuffled,2,0.886793232263633,0.591020163612416,0.7351273544166878,0.07553771758567371
nb_shared_v2_shuffled,3,0.8643090922752659,0.5484297106645084,0.6789091745111023,0.08423643168183877
nb_shared_v2_shuffled,4,0.8381947129315349,0.5136875397165419,0.6532526651668478,0.08246263131932893
nb_shared_v2_shuffled,6,0.795634793984384,0.4507769739179504,0.5897878427615874,0.0904284489904992
nb_shared_v2_shuffled,8,0.7435136802766061,0.37226169690574457,0.5300033278292312,0.10050733510756013
nb_shared_v2_shuffled,10,0.7009006658797274,0.31176141626949816,0.4850672638173269,0.10259950947663263
nb_shared_v2_shuffled,12,0.664362137234165,0.26584878306338855,0.4455549848482269,0.10389690610178004
nb_shared_v2_shuffled_mean,1,0.9063841617338334,0.6832336491534686,0.6906925632293504,0.1151593382489384
nb_shared_v2_shuffled_mean,2,0.8896660286271338,0.6812172930672364,0.6697733825398907,0.11990650096072773
nb_shared_v2_shuffled_mean,3,0.8669633174661463,0.647936923920099,0.6074437092853628,0.13073749649132502
nb_shared_v2_shuffled_mean,4,0.8410900477142824,0.6229109168068778,0.5773000171729237,0.13933583318017045
nb_shared_v2_shuffled_mean,6,0.7990514207392792,0.5789986107623484,0.5210973156099771,0.16459083130993882
nb_shared_v2_shuffled_mean,8,0.7498882941002715,0.5286874770497411,0.4735983204817932,0.18919140975060714
nb_shared_v2_shuffled_mean,10,0.7080241586263731,0.47943241872262277,0.434509603216528,0.21119545484311097
nb_shared_v2_shuffled_mean,12,0.6726823966876264,0.44941498899870086,0.3947861684649971,0.2389905845847938
nb_shared_v2_wxlag1,1,0.9027483547670326,0.6371090780543713,0.7648725938442607,0.0795563440210473
nb_shared_v2_wxlag1,2,0.8879596914404307,0.6044535145269307,0.7285021205435198,0.0825906619452353
nb_shared_v2_wxlag1,3,0.8666700085151567,0.5529254872492503,0.6824040275646153,0.0867971478881044
nb_shared_v2_wxlag1,4,0.8437133122880167,0.5197298102798136,0.6592497980523194,0.08908475475789258
nb_shared_v2_wxlag1,6,0.8048853475951049,0.452137770757924,0.6064732662227641,0.09097730797585153
nb_shared_v2_wxlag1,8,0.7556115110943642,0.3808324205115622,0.546581968928282,0.09894508216086739
nb_shared_v2_wxlag1,10,0.7170532744404475,0.32898916488651114,0.5028094930365209,0.11266015040925913
nb_shared_v2_wxlag1,12,0.6890469346406337,0.2936447311808256,0.4677483308197041,0.11795333183810411
nb_shared_v2_wxlag1_mean,1,0.9066896421690603,0.7049993522192344,0.7011705565049998,0.11807705028576432
nb_shared_v2_wxlag1_mean,2,0.891657194503413,0.6917922963987265,0.6698729422900067,0.1278288045348181
nb_shared_v2_wxlag1_mean,3,0.8703316139779422,0.6542917302060276,0.6213909403514737,0.1376728673046134
nb_shared_v2_wxlag1_mean,4,0.8485002606257932,0.6325833983923245,0.5963184544572264,0.144254913493522
nb_shared_v2_wxlag1_mean,6,0.8125784590792317,0.5666139439058215,0.5355260461508632,0.16961760665372091
nb_shared_v2_wxlag1_mean,8,0.766321309041482,0.5086733453550273,0.4908110996716088,0.18783594022790515
nb_shared_v2_wxlag1_mean,10,0.732164545284651,0.4653010776667901,0.4485683843850664,0.21087583910147673
nb_shared_v2_wxlag1_mean,12,0.7062237903900404,0.4329541553069533,0.41575364974820284,0.22523850243887686
nb_shared_v3,1,0.9031444387948212,0.6339491630850015,0.7522643036020028,0.08220996790483269
nb_shared_v3,2,0.8892696273489833,0.5998513958553856,0.7274359983279386,0.0805015798865831
nb_shared_v3,3,0.8677647493145869,0.5609280582446468,0.6872694626071771,0.08736207516464638
nb_shared_v3,4,0.8451247793778955,0.5320217536511935,0.6711962930429831,0.08815843387771863
nb_shared_v3,6,0.806593802446376,0.454892909947223,0.6090216524140393,0.09896040424761834
nb_shared_v3,8,0.7629484995008996,0.3842317025252743,0.5547304640665908,0.1106684880507287
nb_shared_v3,10,0.7293836028200188,0.330550458292867,0.49953603600932056,0.11509327355447545
nb_shared_v3,12,0.7038088493064573,0.2923204216309347,0.47052352751160054,0.11384214122304462
nb_shared_v3_mean,1,0.9058759030068165,0.6930154317246726,0.7073792756902757,0.12068616180746604
nb_shared_v3_mean,2,0.8910900294661529,0.6719944624628651,0.6724096888145075,0.12910999873593887
nb_shared_v3_mean,3,0.8681957321037511,0.6482263343966765,0.6303201588162428,0.13922606483961839
nb_shared_v3_mean,4,0.8456640904137404,0.6156645411374235,0.6024693178914935,0.1503805004273815
nb_shared_v3_mean,6,0.8091622235994971,0.562507991419561,0.5444040336621498,0.17287126031106848
nb_shared_v3_mean,8,0.7701356990002104,0.5037603963958908,0.49030374915463487,0.19032304580013276
nb_shared_v3_mean,10,0.7403329744284456,0.4729595206439074,0.46510992547316693,0.203900081785568
nb_shared_v3_mean,12,0.7186594421095117,0.4378157152654488,0.4219177394391958,0.22144811811941476
nb_shared_v4,1,0.9010215839296765,0.6465665257331347,0.7498144207837375,0.08180593906495774
nb_shared_v4,2,0.8878409924456092,0.6106845999307572,0.7230496873137747,0.08017552434751352
nb_shared_v4,3,0.8669843912366375,0.5726542530151804,0.6803036115748762,0.08725620107918751
nb_shared_v4,4,0.8446213728534481,0.5374483832891508,0.6464217068827,0.09267830437097176
nb_shared_v4,6,0.8080922676327115,0.47134176369956454,0.5968549647692758,0.0980013922422915
nb_shared_v4,8,0.763270914667902,0.39679846124351276,0.5552097377195586,0.10401131401079744
nb_shared_v4,10,0.729614242054628,0.348417395234237,0.5070206705154235,0.11238541278890742
nb_shared_v4,12,0.7011142387251541,0.30455345952027574,0.46351936712982694,0.11409005985386407
nb_shared_v4_mean,1,0.9039379857660198,0.7073370568489317,0.6892039023006405,0.1261219126198127
nb_shared_v4_mean,2,0.8899035063180742,0.6930316442888124,0.6626381856399421,0.1309339084760366
nb_shared_v4_mean,3,0.867454992842872,0.6537642539306248,0.615263593069684,0.13830383834790871
nb_shared_v4_mean,4,0.8453322222669428,0.6362009880088976,0.588530673223316,0.14918812652515728
nb_shared_v4_mean,6,0.8106437709282653,0.586013135917489,0.5370316270431023,0.17323622320984303
nb_shared_v4_mean,8,0.7703994086132472,0.5308920611791172,0.4905743076384011,0.1947283237304125
nb_shared_v4_mean,10,0.7402573061731316,0.48450462624250246,0.4568689159028751,0.20564168413114547
nb_shared_v4_mean,12,0.7139649958873372,0.44648535122834737,0.41548004005775,0.22484124796894833
nb_shared_v4_t26,1,0.9015671770075153,0.6409740408890852,0.7572364138358482,0.07875256800008097
nb_shared_v4_t26,2,0.8890072884344248,0.6095607586175332,0.728569091099776,0.07645445021261836
nb_shared_v4_t26,3,0.8684631945997793,0.5651144275936549,0.679884590978421,0.0852393340982268
nb_shared_v4_t26,4,0.8460765679709964,0.5304570372383383,0.6492001952240238,0.08714531526999354
nb_shared_v4_t26,6,0.8085764370041335,0.45714994739085923,0.5897183407631861,0.09769140644479728
nb_shared_v4_t26,8,0.7634162943692714,0.4002260395448987,0.557602676810691,0.1035230264618865
nb_shared_v4_t26,10,0.7282943732852312,0.34786677726098025,0.5101836051950037,0.10902386642735114
nb_shared_v4_t26,12,0.7015525113081332,0.30599417435888504,0.4716810551129102,0.111605714330522
nb_shared_v4_t26_mean,1,0.9043102766007239,0.7076481478853486,0.6917081917593462,0.12034747110244379
nb_shared_v4_t26_mean,2,0.8915340554327879,0.6962091544933621,0.6702806100997769,0.12729782223023284
nb_shared_v4_t26_mean,3,0.8697417874307368,0.6510657537718644,0.6135391872861192,0.1392130316596041
nb_shared_v4_t26_mean,4,0.8480100229492594,0.640395142223033,0.5920267280892009,0.14636190394022244
nb_shared_v4_t26_mean,6,0.8127927760989888,0.5742717885858301,0.5309042076469838,0.1700140602318553
nb_shared_v4_t26_mean,8,0.7717160082846524,0.5337934962615247,0.497705991558025,0.18884925172882897
nb_shared_v4_t26_mean,10,0.7414326080419025,0.4847117894834746,0.4602517093161361,0.20191223217986312
nb_shared_v4_t26_mean,12,0.7175868626379287,0.4552651719496657,0.4315974810195012,0.22029184711526836
nb_shared_v4_t27,1,0.9008468077444901,0.6405760100570116,0.7586890053237514,0.0785879093320355
nb_shared_v4_t27,2,0.8882536832748155,0.6092660974781413,0.7323916024317514,0.07725574043610231
nb_shared_v4_t27,3,0.8667936980805672,0.5616599807051709,0.6862136905769622,0.08318791574212414
nb_shared_v4_t27,4,0.843331452443515,0.5248327193387167,0.6515957367087096,0.08650558006002276
nb_shared_v4_t27,6,0.8052596862319178,0.4480714767743926,0.5933222522699394,0.09425219154105349
nb_shared_v4_t27,8,0.759504208481074,0.38175432855186286,0.5593586886217581,0.09518271011340491
nb_shared_v4_t27,10,0.7222834353548213,0.3179852533731365,0.5068778499645802,0.10372039046741718
nb_shared_v4_t27,12,0.6950312828962791,0.2816546371313917,0.480126936978598,0.10389154816888067
nb_shared_v4_t27_mean,1,0.9035404414935667,0.7093527736593044,0.70025100783039,0.12022742207654943
nb_shared_v4_t27_mean,2,0.8901485884603183,0.6936352606457056,0.6756200491315927,0.1320085991922692
nb_shared_v4_t27_mean,3,0.8675988882437407,0.640616283051159,0.6132544601989808,0.13879922402637318
nb_shared_v4_t27_mean,4,0.8448305417431496,0.6300074557111852,0.5974459727832268,0.14603914116408054
nb_shared_v4_t27_mean,6,0.8085360661445414,0.5625402109290688,0.540747187172667,0.1658483382508949
nb_shared_v4_t27_mean,8,0.7670623918193417,0.5095302077761312,0.5036239322594692,0.18048581434187677
nb_shared_v4_t27_mean,10,0.7353608552247785,0.46621584844984776,0.46122876910166477,0.20099961294628452
nb_shared_v4_t27_mean,12,0.7095752178418532,0.43979482305698026,0.43421942554416,0.21635226781806707
nb_shared_v4_t29,1,0.9013247666454612,0.6376533254626627,0.7568924973921308,0.07970759367563349
nb_shared_v4_t29,2,0.8874307760066441,0.5974638772046653,0.7294012221932726,0.0786537317775605
nb_shared_v4_t29,3,0.8654856896028212,0.5592054468786853,0.681206132548778,0.08780238626509487
nb_shared_v4_t29,4,0.8432231537708894,0.5315376526783087,0.6534008177338212,0.09210017313553083
nb_shared_v4_t29,6,0.8053989453336013,0.46076573083033384,0.5996785077574095,0.09645324934704914
nb_shared_v4_t29,8,0.7628972568594138,0.39450666665365935,0.5540889289455162,0.10714548192791172
nb_shared_v4_t29,10,0.7294350943101383,0.3352450568856602,0.509188835993174,0.11157059620605762
nb_shared_v4_t29,12,0.7046418845509302,0.2934331590714879,0.47262447767717747,0.11148848977825251
nb_shared_v4_t29_mean,1,0.9040238201000336,0.6997542903918738,0.6924143229960347,0.12493512165952761
nb_shared_v4_t29_mean,2,0.8894786642751816,0.6801734990993306,0.6637685469687726,0.13368145151710903
nb_shared_v4_t29_mean,3,0.8662537541215041,0.6487013633107038,0.6220137837231172,0.13928889383025617
nb_shared_v4_t29_mean,4,0.8441449741772293,0.6255815333226776,0.5901619302042144,0.1507071221257446
nb_shared_v4_t29_mean,6,0.8085666281976315,0.5693157689197517,0.5354899207374284,0.1721296597656579
nb_shared_v4_t29_mean,8,0.7719080988813036,0.5106118070400525,0.49117617681931064,0.19165964207962563
nb_shared_v4_t29_mean,10,0.7436484873260808,0.4801359924449137,0.4642414609460687,0.20255311224906122
nb_shared_v4_t29_mean,12,0.7199551886785818,0.44405988468465807,0.43400191410533606,0.21304298910910874
nb_shared_v4_t30,1,0.9004494233692493,0.6415596055948914,0.7565378581400427,0.08255498439846366
nb_shared_v4_t30,2,0.8873358537366229,0.6082657007698361,0.7383359501875021,0.0786778987893357
nb_shared_v4_t30,3,0.8662220882063698,0.5632160031663783,0.6834228767092367,0.0890380448022433
nb_shared_v4_t30,4,0.843913019662005,0.5289283816376787,0.6532375258472074,0.09244663899369153
nb_shared_v4_t30,6,0.8060358573212445,0.4643393547139995,0.5973359871911593,0.09789764569359174
nb_shared_v4_t30,8,0.7623007864376197,0.39692749841524,0.5603187848155308,0.10482271283081414
nb_shared_v4_t30,10,0.7290314194975759,0.34985291571803095,0.5163806930470781,0.11271066086841741
nb_shared_v4_t30,12,0.7014241038128677,0.303357867643335,0.4732690001215931,0.11146003718433627
nb_shared_v4_t30_mean,1,0.9030962514768374,0.7036827633692779,0.6971624159713953,0.12491241308092542
nb_shared_v4_t30_mean,2,0.8890432316025311,0.6894973884615764,0.6744917172791978,0.13126326861800933
nb_shared_v4_t30_mean,3,0.8661891153865426,0.6470117875856572,0.619338848077746,0.1391902364022878
nb_shared_v4_t30_mean,4,0.8443748187201406,0.6293094399445158,0.5991370693271282,0.14990290847256219
nb_shared_v4_t30_mean,6,0.8088862128895791,0.5703674487956994,0.531593531923314,0.17410447532503395
nb_shared_v4_t30_mean,8,0.7700673103997691,0.5274108157079139,0.4932571975419048,0.19355384158739763
nb_shared_v4_t30_mean,10,0.7407927963764553,0.4819435626666163,0.4571602004068765,0.20691885879541713
nb_shared_v4_t30_mean,12,0.7156471876084121,0.44930368274943516,0.42424444470218825,0.21891200384879578
nb_shared_v4_tsel,1,0.9017966665524924,0.6391422736994506,0.7574430769194294,0.07863322201607334
nb_shared_v4_tsel,2,0.8887710473717341,0.6088468808334099,0.728082221070585,0.07691579853253418
nb_shared_v4_tsel,3,0.8680523430435969,0.5661186793110812,0.6825677660871865,0.08489796789662593
nb_shared_v4_tsel,4,0.8462076308048523,0.5280248290018464,0.6548518572973038,0.08747957401845252
nb_shared_v4_tsel,6,0.8069824204554994,0.452669447457374,0.5998906906676925,0.0962290095052758
nb_shared_v4_tsel,8,0.7618686231542833,0.383802027690408,0.5595991383175923,0.10156484081917243
nb_shared_v4_tsel,10,0.7285712381276529,0.33420593964170087,0.5150446412127956,0.10608303693219345
nb_shared_v4_tsel,12,0.703095457791305,0.2907190988114246,0.46947005359500477,0.10932693640441639
persistence,1,0.885399482918455,0.6882081444358892,0.6868505813240376,0.12427321038562834
persistence,2,0.870928448241898,0.6637899283576932,0.6622285006856641,0.1334543752541579
persistence,3,0.8424566727423206,0.6210835651150947,0.6196115817564317,0.14153886287291442
persistence,4,0.8115664820864258,0.5805165112561141,0.5797991934160909,0.1543989216168867
persistence,6,0.7593736667443344,0.5051067430064606,0.510621411629029,0.16369861064216978
persistence,8,0.6905524733104337,0.4302701604985374,0.45086743211372093,0.1793640756180673
persistence,10,0.6337379534987987,0.3657094453454474,0.3995292130515834,0.18492776953305828
persistence,12,0.6006720385207063,0.32105108888927447,0.36505949766956514,0.19772479462777195
qavg_nb_chronos,1,0.9089334038968772,0.6344515922173299,0.7726404058233192,0.08298337011527548
qavg_nb_chronos,2,0.8943935577290156,0.6033433157501024,0.7535719233163205,0.07925528887425008
qavg_nb_chronos,3,0.8741705061236659,0.5569645904345232,0.710017714075576,0.08194318940488556
qavg_nb_chronos,4,0.8538201911941938,0.5237951017594785,0.6897501904428716,0.08087631558268484
qavg_nb_chronos,6,0.8200323644793098,0.4481658148586586,0.6337157654313325,0.08923265625691366
qavg_nb_chronos,8,0.7743734130680283,0.3718437680796409,0.568474033309838,0.09984164037098338
qavg_nb_chronos,10,0.7374270866711401,0.3057316740321829,0.5271388989446631,0.09654808869253799
qavg_nb_chronos,12,0.7116595343857117,0.27354611906054593,0.5150568834095315,0.10168131871643256
ridge_v2,1,0.9050753177383152,0.5691521701279282,0.827389508115125,0.07493655587137428
ridge_v2,2,0.888462274584327,0.5164071277472461,0.8202901111741365,0.059685723531538004
ridge_v2,3,0.8636928176501705,0.4814832401798893,0.7747852563549478,0.055120432709129155
ridge_v2,4,0.8443197196578289,0.4344221668409394,0.7649377697484595,0.05658001185601792
ridge_v2,6,0.8024922585144452,0.3489940429793563,0.7155719373399014,0.05101664932228104
ridge_v2,8,0.753986713257981,0.23280896848843385,0.6667233442038353,0.038381765026153404
ridge_v2,10,0.7100272896666285,0.14708257030827634,0.6546817078622571,0.029881035770472426
ridge_v2,12,0.6772747333748458,0.08723432595888563,0.6804247537279211,0.022291926011352634
seasonal_naive,1,0.5755898935655165,0.258423998296487,0.3645309954325458,0.20820361690189965
seasonal_naive,2,0.5755898935655165,0.258423998296487,0.3645309954325458,0.20820361690189965
seasonal_naive,3,0.5755898935655165,0.258423998296487,0.3645309954325458,0.20820361690189965
seasonal_naive,4,0.5755898935655165,0.258423998296487,0.3645309954325458,0.20820361690189965
seasonal_naive,6,0.5755898935655165,0.258423998296487,0.3645309954325458,0.20820361690189965
seasonal_naive,8,0.5755898935655165,0.258423998296487,0.3645309954325458,0.20820361690189965
seasonal_naive,10,0.5755898935655165,0.258423998296487,0.3645309954325458,0.20820361690189965
seasonal_naive,12,0.5755898935655165,0.258423998296487,0.3645309954325458,0.20820361690189965
seasonal_persistence,1,0.863966661435947,0.6654431167225713,0.6242009437308402,0.13896454813167053
seasonal_persistence,2,0.8558133551289335,0.6571967246534659,0.6075176577328818,0.14693839771814718
seasonal_persistence,3,0.8358235110032587,0.6392344850114154,0.5786779585388537,0.15673312115636578
seasonal_persistence,4,0.814508216649679,0.6228885901861912,0.5619586437514177,0.16244383284274697
seasonal_persistence,6,0.793247016295492,0.5936163240406698,0.5285241438779273,0.17295006073073707
seasonal_persistence,8,0.7478513924720992,0.5338162821636797,0.49181917281653315,0.18541374451279263
seasonal_persistence,10,0.7116219351453462,0.4716617654232926,0.4557724492989609,0.18989472157321874
seasonal_persistence,12,0.6930042573076259,0.4546247337074889,0.43907430030182415,0.20247806034019109
