method,horizon,mae,peak_mae,rmse,mae_ens,peak_mae_ens,mae_2017,mae_ex2017,seed_sd,n_folds,skill,skill_ens,skill_yearly
adaptive_v2,1,17.129145423393908,28.52048767955809,35.66458992532889,16.72622338104459,27.913514714443455,44.23832880905005,12.610948192451218,1.0460643889817238,7,-0.04287607204469124,-0.018344914974146365,0.006944960216135364
adaptive_v2,2,25.09085640005117,39.36000229238168,53.84527301413,24.650167602578556,38.71594042400062,84.82669573300781,15.13488317789173,2.6111364147442715,7,-0.24471696287472722,-0.2228551016127136,-0.0837525480435296
adaptive_v2,3,25.768849182408363,43.4767273903618,56.57295039654337,24.57248736538177,41.62444689280382,75.21363064552968,17.528052271888146,2.8509450043782785,7,-0.048503525421266014,0.00017500010978899194,0.016880212941570844
adaptive_v2,4,26.915380559618605,45.90744639503794,58.67872643649993,26.354689507192184,44.882548691051134,73.9075170907445,19.083357804430953,1.2341134750193594,7,0.054559397828364053,0.07425445973039035,0.07237017269801879
adaptive_v2,6,32.082741451481304,54.20245588136379,68.99495580206779,31.33211898921215,52.75718384020433,90.4458373959945,22.355558794062432,1.5943072544195862,7,0.08372418009383031,0.10516178738483384,0.0843740079370167
adaptive_v2,8,35.9409772404125,59.79276915572113,76.83357901908592,35.198957015692706,58.54834090201392,98.66505034011861,25.486965057128156,1.5413985584270031,7,0.10296837431534589,0.1214880601886299,0.09300731440075873
adaptive_v2,10,37.93935888123237,64.15554253911101,79.18085634195954,37.346294521646385,63.35405756608857,102.38391394976759,27.198599703143174,1.746845443561435,7,0.13302103832972234,0.1465735689427754,0.12079743462336537
adaptive_v2,12,39.37406787597217,67.32057329549073,83.12466545903827,38.73141850881691,66.37726709745256,107.36211789207856,28.042726206621108,1.9060994617349025,7,0.15270827952655197,0.1665374700910972,0.14004210270112108
chronos2,1,16.03185544182039,26.375896222100597,33.49860634406041,16.03185544182039,26.375896222100597,39.70879351115284,12.085699096931648,,7,0.02393038196056918,0.02393038196056918,0.05894055794298725
chronos2,2,19.33614119536896,31.95965124992588,41.153156500175875,19.33614119536896,31.95965124992588,51.1146678546157,14.039720085494503,,7,0.04076518717920419,0.04076518717920419,0.07819354866983362
chronos2,3,22.85479230050362,38.46807225100871,49.56742263312971,22.85479230050362,38.46807225100871,62.852752977472086,16.18846552100888,,7,0.07006594938636546,0.07006594938636546,0.1084849582819802
chronos2,4,25.889893939953286,43.38157585752295,55.93514261531083,25.889893939953286,43.38157585752295,73.59255972900642,17.939449641777767,,7,0.09058105782562009,0.09058105782562009,0.12390210758951124
chronos2,6,30.459757799306853,51.254462656746064,65.03795540382328,30.459757799306853,51.254462656746064,88.77955897522946,20.739790936653087,,7,0.13007622512836692,0.13007622512836692,0.1563752147320306
chronos2,8,33.978526453178695,58.29545759270251,72.26974117778367,33.978526453178695,58.29545759270251,98.69558509235485,23.192350013316,,7,0.1519481337755053,0.1519481337755053,0.17713741971985902
chronos2,10,36.37118572392166,61.93668738492546,76.64146215108431,36.37118572392166,61.93668738492546,105.0875603373578,24.9184566216823,,7,0.16885646559407153,0.16885646559407153,0.1924338106608719
chronos2,12,37.634811477430446,63.6473670057754,79.49014829608578,37.634811477430446,63.6473670057754,109.2337689928954,25.70165189151962,,7,0.19013538893538617,0.19013538893538617,0.21370816660587108
chronos2_climate,1,16.714361710696757,27.764864512133816,35.16613126345535,16.714361710696757,27.764864512133816,43.86266881308877,12.189643860298089,,7,-0.017622739297866508,-0.017622739297866508,0.038762426219621705
chronos2_climate,2,19.55570648606435,32.58012017522064,41.45884408687278,19.55570648606435,32.58012017522064,53.76710699774325,13.85380640078453,,7,0.02987290684290944,0.02987290684290944,0.08141187687418408
chronos2_climate,3,22.56531491041449,38.43405312047479,48.14750629727927,22.56531491041449,38.43405312047479,63.60079290642188,15.72606857774659,,7,0.08184443673322783,0.08184443673322783,0.12976672036392659
chronos2_climate,4,24.92893343539888,42.44253878647613,53.42378996359644,24.92893343539888,42.44253878647613,72.33074020511542,17.028632307112787,,7,0.12433614726515618,0.12433614726515618,0.16521716628970293
chronos2_climate,6,29.21771779534939,51.030180474768734,62.74307039552609,29.21771779534939,51.030180474768734,86.17771359851155,19.72438516148904,,7,0.1655486059628869,0.1655486059628869,0.1973778781007625
chronos2_climate,8,32.38172080363532,58.415833091282934,69.56878494533998,32.38172080363532,58.415833091282934,94.76522636102584,21.984469877403566,,7,0.19180195183200888,0.19180195183200888,0.2195436144883718
chronos2_climate,10,34.49308692788873,63.14362715390546,73.99984118093137,34.49308692788873,63.14362715390546,99.86649557866586,23.597518819425876,,7,0.21177422151071912,0.21177422151071912,0.2367996814853251
chronos2_climate,12,35.85909949168321,66.4994585100207,76.73282485638943,35.85909949168321,66.4994585100207,103.04298863062277,24.661784635193282,,7,0.22834698719362045,0.22834698719362045,0.24938717284193185
chronos2_ft,1,18.593242803603363,32.077042559712766,40.61818607150553,18.593242803603363,32.077042559712766,54.685516395591776,12.577863871605295,,7,-0.1320149103943531,-0.1320149103943531,-0.02905032173217543
chronos2_ft,2,21.07027406773528,36.35910749540797,45.90554472611175,21.07027406773528,36.35910749540797,61.75807165352198,14.288974470104163,,7,-0.04526235080904217,-0.04526235080904217,0.03557483140282177
chronos2_ft,3,23.58792558733205,41.37857509723953,51.73351924149379,23.58792558733205,41.37857509723953,68.56721154027261,16.091377928508628,,7,0.040235636421980026,0.040235636421980026,0.1045564599431225
chronos2_ft,4,25.628572488842345,44.571073641456316,56.39932120991528,25.628572488842345,44.571073641456316,74.94924020278913,17.408461203184544,,7,0.09976034137880774,0.09976034137880774,0.1462903352240336
chronos2_ft,6,29.257833929417462,50.991383971329796,64.01188927383501,29.257833929417462,50.991383971329796,85.84220590114593,19.827105267462716,,7,0.16440289827171983,0.16440289827171983,0.19289518142220402
chronos2_ft,8,31.742235647327274,56.68234816836889,69.33932143460412,31.742235647327274,56.68234816836889,92.22143483347618,21.662369116302457,,7,0.20776251978003912,0.20776251978003912,0.22907231543664244
chronos2_ft,10,33.580325715371224,59.75393501394341,72.37832881651846,33.580325715371224,59.75393501394341,96.64427358949413,23.06966773635074,,7,0.23263236966126133,0.23263236966126133,0.2486064863658897
chronos2_ft,12,34.75949758191818,62.966573518310895,74.95334694468764,34.75949758191818,62.966573518310895,99.62202683308949,23.949076040056294,,7,0.25200935291350224,0.25200935291350224,0.2649042384839735
chronos2_joint,1,15.954991308734732,26.80090768823324,33.45245768310064,15.954991308734732,26.80090768823324,39.28029147254733,12.067441281432629,,7,0.0286101113464855,0.0286101113464855,0.06328624940705255
chronos2_joint,2,19.065288226198142,32.40085339337558,40.99090835053255,19.065288226198142,32.40085339337558,49.177788541741094,14.046538173607653,,7,0.05420176661661291,0.05420176661661291,0.08253953968287184
chronos2_joint,3,22.289200169914004,38.74285719594071,48.58595852678843,22.289200169914004,38.74285719594071,59.08659711697927,16.156300678736454,,7,0.09307921391657115,0.09307921391657115,0.11909572163268542
chronos2_joint,4,25.11424578603387,43.743686486532795,54.73496416667539,25.11424578603387,43.743686486532795,68.58420307734265,17.869252904149068,,7,0.11782679028296128,0.11782679028296128,0.13749260867953664
chronos2_joint,6,29.386268830898693,51.15439806782161,62.916595826595504,29.386268830898693,51.15439806782161,82.30803221904601,20.565974932874145,,7,0.1607348266127797,0.1607348266127797,0.17340637752562119
chronos2_joint,8,32.73582161571712,57.76994314684099,69.45908387105517,32.73582161571712,57.76994314684099,90.73207667667133,23.069779105558087,,7,0.18296413907602083,0.18296413907602083,0.19235440775191506
chronos2_joint,10,34.91031043620081,61.19010217597493,73.84374509992547,34.91031043620081,61.19010217597493,95.29919888686389,24.845495694423633,,7,0.2022399538085896,0.2022399538085896,0.20725910841586512
chronos2_joint,12,36.29482784636984,63.20597267923697,76.84127337561249,36.29482784636984,63.20597267923697,98.40080830529332,25.943831103215928,,7,0.21897053596017313,0.21897053596017313,0.2213127876491614
chronos2_joint_ft,1,17.31591258257721,29.493038281180194,36.97879039517608,17.31591258257721,29.493038281180194,47.28573577704338,12.320942050166186,,7,-0.05424704219770393,-0.05424704219770393,0.019411274413145354
chronos2_joint_ft,2,19.795293336880487,34.08296609836974,43.14479601557473,19.795293336880487,34.08296609836974,55.04741725985821,13.91993934971753,,7,0.017987389165163847,0.017987389165163847,0.07633193193137233
chronos2_joint_ft,3,22.379597064623887,38.96552005056669,49.17332311118118,22.379597064623887,38.96552005056669,62.088737872105376,15.761406930043647,,7,0.0894010728354726,0.0894010728354726,0.13254219895318892
chronos2_joint_ft,4,25.06937501449827,44.10158320691246,55.34945404135686,25.06937501449827,44.10158320691246,70.4932858157158,17.498723214295353,,7,0.11940293924977796,0.11940293924977796,0.1509612940856742
chronos2_joint_ft,6,28.823652791165,50.243916407380084,62.6619502524491,28.823652791165,50.243916407380084,82.94769342074028,19.802979352902458,,7,0.17680301311357982,0.17680301311357982,0.198582812310341
chronos2_joint_ft,8,31.702086281664947,55.73777184349366,68.44847763535796,31.702086281664947,55.73777184349366,90.56884400209556,21.890959994926504,,7,0.20876458632122896,0.20876458632122896,0.22646885063730884
chronos2_joint_ft,10,33.85796910089341,59.01893367481386,72.75674076054786,33.85796910089341,59.01893367481386,95.99969239418323,23.501015218678447,,7,0.22628774547169117,0.22628774547169117,0.23978937117251167
chronos2_joint_ft,12,35.17209448404593,61.40066168732081,75.48597392960176,35.17209448404593,61.40066168732081,99.62871392223697,24.42932457768076,,7,0.24313066808553274,0.24313066808553274,0.25586163569109033
chronos_bolt,1,16.601249240190747,28.55937317209786,34.07342120375049,16.601249240190747,28.55937317209786,39.9791053497562,12.704939888596506,,7,-0.010736097493805774,-0.010736097493805774,0.01790253750585088
chronos_bolt,2,20.19458676844618,34.9348783007731,42.00746248536025,20.19458676844618,34.9348783007731,52.508035889061595,14.809011915010279,,7,-0.0018209146850491909,-0.0018209146850491909,0.029841574521224157
chronos_bolt,3,23.633084897758945,41.476424789706584,49.88306511446091,23.633084897758945,41.476424789706584,64.23337759246047,16.866369448642025,,7,0.03839815831603044,0.03839815831603044,0.07365970945082011
chronos_bolt,4,26.406036785693967,46.596566572510355,55.65503137846616,26.406036785693967,46.596566572510355,73.65696639807179,18.530881850297664,,7,0.07245081434632938,0.07245081434632938,0.1006463010160059
chronos_bolt,6,30.504050075836936,54.591393877125746,63.87147070281685,30.504050075836936,54.591393877125746,87.09063309531372,21.072952905924144,,7,0.1288112477555795,0.1288112477555795,0.15171526740947527
chronos_bolt,8,33.42437315789236,61.42112001757432,70.01724499118164,33.42437315789236,61.42112001757432,94.66590230378107,23.217451633577586,,7,0.16577894944932825,0.16577894944932825,0.18654122610991536
chronos_bolt,10,35.36082130717207,65.55096237083629,74.19230029270942,35.36082130717207,65.55096237083629,98.68981960265968,24.80598825792413,,7,0.1919450131808753,0.1919450131808753,0.20980129660254557
chronos_bolt,12,36.68757865733665,68.09843896931864,77.18710030842651,36.68757865733665,68.09843896931864,102.28949656479634,25.753925672760033,,7,0.21051891974948223,0.21051891974948223,0.22674968340653234
climatology,1,41.14781166541305,77.72627593309032,87.15207240789293,41.14781166541305,77.72627593309032,118.25735017597675,28.296221913652445,,7,-1.5052077696914226,-1.5052077696914226,-1.279942087865322
climatology,2,41.14781166541305,77.72627593309032,87.15207240789293,41.14781166541305,77.72627593309032,118.25735017597675,28.296221913652445,,7,-1.0412766447067052,-1.0412766447067052,-0.8956723448951097
climatology,3,41.14781166541305,77.72627593309032,87.15207240789293,41.14781166541305,77.72627593309032,118.25735017597675,28.296221913652445,,7,-0.6742550390651039,-0.6742550390651039,-0.5749170932903941
climatology,4,41.14781166541305,77.72627593309032,87.15207240789293,41.14781166541305,77.72627593309032,118.25735017597675,28.296221913652445,,7,-0.44537476454482805,-0.44537476454482805,-0.3888804923099233
climatology,6,41.14781166541305,77.72627593309032,87.15207240789293,41.14781166541305,77.72627593309032,118.25735017597675,28.296221913652445,,7,-0.175172169376137,-0.175172169376137,-0.15010801217027603
climatology,8,41.14781166541305,77.72627593309032,87.15207240789293,41.14781166541305,77.72627593309032,118.25735017597675,28.296221913652445,,7,-0.026986220900203195,-0.026986220900203195,-0.008837579079659747
climatology,10,41.14781166541305,77.72627593309032,87.15207240789293,41.14781166541305,77.72627593309032,118.25735017597675,28.296221913652445,,7,0.059702428173315836,0.059702428173315836,0.07456493576122492
climatology,12,41.14781166541305,77.72627593309032,87.15207240789293,41.14781166541305,77.72627593309032,118.25735017597675,28.296221913652445,,7,0.11453903494231188,0.11453903494231188,0.12343945163286485
ens_equal,1,16.04537022491014,27.1705553534069,33.40534385363467,16.04537022491014,27.1705553534069,41.19478845306285,11.853800520218025,,7,0.023107559598168903,0.023107559598168903,0.06963522556721781
ens_equal,2,19.27022579546742,32.60405445306115,41.00987486646971,19.27022579546742,32.60405445306115,52.3284129196157,13.760527941442712,,7,0.044035143973980895,0.044035143973980895,0.09059016463742567
ens_equal,3,22.29946641348921,38.886685459228424,48.177800465649206,22.29946641348921,38.886685459228424,61.940226990366554,15.692672984009649,,7,0.09266149279502467,0.09266149279502467,0.13454126758543714
ens_equal,4,25.00585811325348,43.179396403990964,53.92796745474404,25.00585811325348,43.179396403990964,71.43976563309302,17.266873526613562,,7,0.1216340597508585,0.1216340597508585,0.15716833709029862
ens_equal,6,29.79150436138249,51.81024717126072,64.58043938531584,29.79150436138249,51.81024717126072,87.39120342853039,20.191554516857835,,7,0.14916139176430576,0.14916139176430576,0.17737717105588988
ens_equal,8,33.19243787900528,59.634419559670455,72.2045119470775,33.19243787900528,59.634419559670455,97.02357293521727,22.553915369636616,,7,0.17156769801011473,0.17156769801011473,0.19733056075624938
ens_equal,10,35.34874619688747,63.94305823609101,76.60941352916886,35.34874619688747,63.94305823609101,102.18577713782301,24.20924104006488,,7,0.1922209500149522,0.1922209500149522,0.21361280674158675
ens_equal,12,36.814942543879944,66.92657814296743,79.60424908096613,36.814942543879944,66.92657814296743,105.41249606308531,25.38201695734571,,7,0.2077781725425799,0.2077781725425799,0.2255256559620656
ens_stacked,1,16.50069814166946,27.924369867970267,33.94911470464863,16.50069814166946,27.924369867970267,43.549153389643294,11.992622267007158,,7,-0.004614231395194457,-0.004614231395194457,0.052290840240860455
ens_stacked,2,20.010896639669717,33.69851677881737,42.45642205150705,20.010896639669717,33.69851677881737,56.75284943248508,13.88723784086716,,7,0.007291656665852964,0.007291656665852964,0.07178703422756202
ens_stacked,3,23.188826847720147,39.99913784139551,49.789836462784784,23.188826847720147,39.99913784139551,67.74925613624077,15.762088632966703,,7,0.05647448482813755,0.05647448482813755,0.11742326628797835
ens_stacked,4,25.373152334149182,43.55961112120998,54.4787314288378,25.373152334149182,43.55961112120998,73.69378708182637,17.319713209536317,,7,0.10873233359437295,0.10873233359437295,0.15075398138299997
ens_stacked,6,30.37553872110958,52.19165114600163,65.30944061532037,30.37553872110958,52.19165114600163,92.474545822568,20.025704204199837,,7,0.1324815029018903,0.1324815029018903,0.1733501533141679
ens_stacked,8,33.32109354365989,59.335449588623476,72.75651637508837,33.32109354365989,59.335449588623476,100.9915511871664,22.042683936408803,,7,0.16835665009545486,0.16835665009545486,0.20330992258297398
ens_stacked,10,35.59866888051685,63.57687724069984,76.8027674191043,35.59866888051685,63.57687724069984,105.66407508205072,23.9211011802612,,7,0.18650979107235777,0.18650979107235777,0.21358687652279995
ens_stacked,12,36.95569884146387,66.63154954727699,79.62992629629973,36.95569884146387,66.63154954727699,110.68395198330744,24.66765665115661,,7,0.20474923365003195,0.20474923365003195,0.2315105871803928
ens_top3,1,15.920987250245231,27.100550411204065,33.08865595140322,15.920987250245231,27.100550411204065,39.410805409575204,12.006017557023569,,7,0.030680385027662682,0.030680385027662682,0.0646902301884922
ens_top3,2,19.871914830030324,32.923257562949495,42.643013189781264,19.871914830030324,32.923257562949495,56.229190047848995,13.812368960393874,,7,0.014186320332607139,0.014186320332607139,0.07563268826468672
ens_top3,3,23.139804748497337,39.81956588445716,50.707650089999255,23.139804748497337,39.81956588445716,66.12625429157461,15.97539649131779,,7,0.05846913517107,0.05846913517107,0.109682765033327
ens_top3,4,25.14916772697919,42.94040875203853,55.466737362817135,25.14916772697919,42.94040875203853,70.42346984313393,17.603450707620066,,7,0.1166001079849639,0.1166001079849639,0.1406391348046159
ens_top3,6,29.624310047097,50.93598927175314,65.3451304557192,29.624310047097,50.93598927175314,85.02991390893644,20.390042736790427,,7,0.15393642346280523,0.15393642346280523,0.17083659325934591
ens_top3,8,32.577348726031325,57.20160632807779,71.66219164144061,32.577348726031325,57.20160632807779,90.43969154531402,22.933624922817543,,7,0.1869193791606436,0.1869193791606436,0.1901935374188308
ens_top3,10,36.006346880699844,62.3721288679959,77.8543071007009,36.006346880699844,62.3721288679959,96.35768849653188,25.94778994472784,,7,0.17719365448710533,0.17719365448710533,0.17296314683195307
ens_top3,12,36.48407213236304,65.65493510706717,78.92214997331807,36.48407213236304,65.65493510706717,100.50452503525143,25.81399664854831,,7,0.21489818262411364,0.21489818262411364,0.217521081499507
gcn_v2,1,17.844078331735073,28.962192618795605,37.64248481487067,17.7153484844686,28.694777232868834,46.464439305648774,13.07401816941612,0.4966807819610298,7,-0.0864034287689821,-0.07856595210836459,-0.03184794282266201
gcn_v2,2,23.296046253656204,36.83901023904021,50.61440577756929,23.148565978479088,36.6118978018308,71.42731720753586,15.274167761342921,0.8389495759963255,7,-0.15567932307726995,-0.1483630642268141,-0.05148721835069021
gcn_v2,3,25.45899828254006,42.412499343463466,56.142840333446934,25.242999351622046,42.11843220447156,71.9578162257002,17.709195292013373,0.7765254152733683,7,-0.035896064429618235,-0.027107327340444298,0.010942732984898229
gcn_v2,4,27.591976116738074,46.26382381739423,60.662828586449045,27.094950539221774,45.46646545016724,78.71583047961029,19.071333722926045,1.624173261154296,7,0.030793027164097708,0.04825174970606039,0.058913977277140615
gcn_v2,6,31.85985208584936,53.581657045951495,69.75492376549741,31.28520002639059,52.55215260826401,87.86710202421587,22.525310429454947,2.141683558035188,7,0.09008984982787194,0.10650178232240759,0.08301074197385334
gcn_v2,8,34.58296512483218,59.02250335138286,75.62654970145827,33.973582016994555,58.19251291533057,95.79588235220895,24.380812253602716,1.3700306618973228,7,0.1368622722911843,0.15207153931338724,0.12401739289935199
gcn_v2,10,37.36085991057803,65.0690519595907,81.63051755042275,36.97768073705975,64.62841459096096,106.51017900134366,25.835973395450424,1.1023434624855355,7,0.14624072500063579,0.15499702167477092,0.1500934400537331
gcn_v2,12,38.780381495129596,68.36342085960892,83.87708273519482,38.32373141244311,67.96053335889403,109.3890662593256,27.0122673677636,1.6896072513813194,7,0.16548383415378243,0.1753105006651664,0.16138563220512087
gru_v1,1,16.80111953490307,28.377960934488986,35.674227828490906,16.71174361685369,28.20855375552613,43.66756452866854,12.32337870260882,0.3420577149633014,7,-0.022904827615235268,-0.017463341537159893,0.02868905324663102
gru_v1,2,20.405193855357435,34.01225565918438,43.6309247291647,20.205319082652473,33.65765642984381,56.72922567185683,14.351188552607544,0.5187956350141492,7,-0.012268792963908481,-0.002353327502311542,0.04229893516337483
gru_v1,3,23.018392810536206,39.678561942481956,49.750785436747044,22.71808509011334,39.187387081343346,61.37837412137251,16.62506259206349,0.9073852177699998,7,0.06340924111368929,0.07562840159484696,0.08732202523722607
gru_v1,4,25.946833507619118,44.19638315806007,56.74488584170506,25.630489682712106,43.59445718186963,73.23724377059784,18.06509846378933,0.831317307420089,7,0.08858097541838317,0.09969299724734748,0.11635669094456737
gru_v1,6,30.186689665397406,51.38753231820937,66.04637083934705,29.78356377535109,50.73238986442761,85.61621568022629,20.948435329592588,1.5428723226930585,7,0.13787498910452256,0.14938817310054098,0.1466441142831704
gru_v1,8,33.9922646251412,58.171316989303854,74.071539409493,33.586781553219915,57.581999186132975,90.75496007804686,24.53181538299026,1.4505777059813254,7,0.15160525009020565,0.16172548518454188,0.1414990479595271
gru_v1,10,36.17777701002411,61.412036490070825,78.81713177881258,35.768683192208385,60.795891641939704,93.54743750322324,26.616166927824263,1.543825271720468,7,0.1732761840842496,0.18262467451356612,0.15192065189041
gru_v1,12,37.76614986991018,65.75522002675676,81.55174536399771,37.20476287678413,65.04928926063486,100.4513273359109,27.318620292243395,1.5557823186271669,7,0.1873091142187654,0.19938961737519578,0.17079964172134224
gru_v2,1,16.639384554161705,28.1843980217344,34.64973912294966,16.506701489008428,27.946046005467732,42.94419496848033,12.2552494851086,0.49817972464220667,7,-0.013057894959889849,-0.004979734001263392,0.03662152706743094
gru_v2,2,19.512656348327198,33.570056795011205,41.15431088967889,19.270541662538616,33.035141951124054,51.14676225588872,14.240305363733611,0.40971956436604895,7,0.03200855481925424,0.044019474317463,0.06892810460260597
gru_v2,3,22.325811198830515,39.047915793859154,48.062420225855014,22.121621560983076,38.65718366624494,59.58842434815872,16.115375673942484,0.615536334306926,7,0.09158955511898437,0.09989778625581314,0.11820681289804114
gru_v2,4,25.3041996831167,43.58500940325165,54.48982885317269,24.90963240580619,42.88461024014076,68.89775622074421,18.038606926845446,0.8049028096909779,7,0.11115439245284175,0.12501412307903048,0.13187183676547518
gru_v2,6,30.84996110243654,52.58343714753728,67.47865557958025,30.222389238814195,51.663430442340726,89.75390356941101,21.03263735794079,2.2099317459130274,7,0.11893210728401282,0.13685541738393758,0.14576550915782033
gru_v2,8,34.329275461079554,60.18765299627832,75.56600948616071,33.765565091017926,59.50995140309311,98.57624982429621,23.62144640054345,1.766060867055213,7,0.1431939769071493,0.15726332249809505,0.16162406309579186
gru_v2,10,36.959830059459605,64.23771387560238,81.08458383982945,36.47880738374619,63.666757067690085,106.34252450219742,25.396047652336645,0.8290344983857098,7,0.1554049400578762,0.16639712738595924,0.17322442223713108
gru_v2,12,38.103394695205566,67.71800759451448,82.66134043006504,37.503823206967965,67.13718285116099,105.56643813051092,26.859554122654682,1.408108671259687,7,0.1800519329403314,0.19295412936605738,0.18418071783791654
gru_v2_climatology,1,17.078783802543043,29.05193133223434,35.92346391927551,16.97675280166946,28.878998411723725,44.826020196523416,12.454244403546312,0.565149271760342,7,-0.03980989868714446,-0.03359793149393542,0.01727331103853832
gru_v2_climatology,2,20.5412989733703,34.89882816019079,43.613443775395,20.322793340420212,34.554606692849525,56.60725452386416,14.530306381621324,0.853998485690067,7,-0.019020748593622683,-0.008181036170889389,0.0353140665581138
gru_v2_climatology,3,24.022993072135613,42.05230213082779,51.95515012221294,23.8343578146293,41.737576147937844,65.16146943838169,17.16658034442793,0.6446240976105423,7,0.022533262971631607,0.03020860505284262,0.06010212616718634
gru_v2_climatology,4,26.620751507082506,47.08386601948305,57.97448715105045,26.37406331048115,46.72460557969246,73.34292963462762,18.833721819158317,0.4571828424191443,7,0.06490865773312293,0.07357392763806847,0.09219557555789025
gru_v2_climatology,6,31.868799199551486,55.12445040032969,69.59122509515134,31.559021724211217,54.64657731671779,88.79405454811376,22.381256641457778,1.3991340958307743,7,0.08983432228962818,0.09868149673184723,0.10346418773363067
gru_v2_climatology,8,35.74478341270319,62.325651406196485,77.63205185405552,35.379121157432316,61.83490038240238,101.34986989240997,24.810602332752058,1.931436461164876,7,0.10786507111471644,0.11699143974690629,0.1214977939023704
gru_v2_climatology,10,38.006042954890255,67.09271547698802,82.03077560087483,37.61417318677807,66.52491626369567,105.83406932805401,26.701371892696297,0.9608688986945169,7,0.13149719368277302,0.14045208524357744,0.14010172211687824
gru_v2_climatology,12,39.57876589113676,70.49451017269429,83.99611952916132,39.24905139024042,70.14504164556146,109.56511231613274,27.9143748203041,1.1603159022150653,7,0.1483033769395845,0.15539851294660068,0.15322677412432825
gru_v2_lw,1,16.043271411207517,27.207639475034302,32.8195612610934,15.934012840415878,27.01615507748378,38.70703023650707,12.265978273657588,0.3032040515892375,7,0.023235341956018174,0.02988734626376288,0.053356329482558765
gru_v2_lw,2,19.60677619859482,33.21500835263544,41.136450320657325,19.445006019431336,32.879386275945805,51.57343398025021,14.27899990165225,0.28862578857350696,7,0.02733942068116646,0.0353645786463469,0.06717159630263606
gru_v2_lw,3,22.09339679817347,38.869983357880415,47.18331619366774,21.84938385052511,38.42248764607604,57.873845282873276,16.129988717390166,0.4282204029583895,7,0.1010462179572279,0.11097481174295265,0.12289682918561902
gru_v2_lw,4,25.46667800366138,43.85628484625572,55.164722633725304,25.10650507348501,43.177697103595754,68.8848858873976,18.230310023038683,1.323661381544404,7,0.105447112896629,0.11809869369956794,0.12501268325610052
gru_v2_lw,6,29.795636131708996,51.323471384134606,64.93860275150492,29.35110083910565,50.66942887609925,82.96128053401144,20.93469539799192,1.0657864359452711,7,0.14904338934081252,0.16173921648274614,0.1614579849116333
gru_v2_lw,8,33.78639677245811,59.162948147514484,73.74318733990529,33.20333477347855,58.34921166845424,94.77984723620307,23.62082169516729,1.5240407380221386,7,0.15674339570414508,0.17129572824983563,0.1698818217342908
gru_v2_lw,10,35.7157626566376,63.4542004539275,77.82470261341011,35.128622372700626,62.68671574552777,100.32677217656602,24.94726106998286,1.2021804729447891,7,0.18383399887573637,0.19725115427142959,0.1939087227374236
gru_v2_lw,12,37.67204716162819,67.43429524497246,81.92719246670218,37.26365932326178,67.03703512540928,105.22859772084041,26.412622068426156,1.0431858710212025,7,0.1893341131559494,0.19812222301749294,0.19500348334047682
gru_v2_nb,1,15.940844564240791,26.69271921634621,33.38305039149437,15.779531370205316,26.453329788281177,37.52384615384616,12.343677632639896,0.30409727647479806,7,0.02947140950032756,0.03929266245874674,0.05136163210935718
gru_v2_nb,2,19.255811735434374,31.804367803351738,41.176354327557526,18.94265810767354,31.322826605046597,48.677948717948716,14.352122238348654,0.6846231165195872,7,0.04475020227015736,0.06028524923088496,0.06943902962259098
gru_v2_nb,3,22.462327735157924,37.91122932777561,48.887001590388046,22.172524682650938,37.54476754641941,57.3551282051282,16.646860990162878,0.6823860031459891,7,0.08603486120912573,0.09782659936865734,0.09973236206849956
gru_v2_nb,4,25.07454074227659,42.59844778484092,54.59730136995821,24.75651875063187,42.057424785460746,64.02076923076923,18.583502660861154,0.4662407343682993,7,0.11922148579529046,0.1303924555914785,0.12010244675553486
gru_v2_nb,6,29.833511645587116,50.841498629891824,65.07678676065605,29.31595685844479,50.033599825294935,76.66435897435898,22.02837042412514,1.2932535674439056,7,0.1479616732541269,0.1627429206002231,0.12732945487775044
gru_v2_nb,8,31.93986384684498,55.062593186748806,69.14599519509835,31.36089633904322,54.43689589043208,83.64025641025641,23.32313175294307,0.9393071660390989,7,0.20283002326196553,0.21728016359254165,0.1879429646138185
gru_v2_nb,10,36.75245006565762,62.33816652204523,78.90691051135505,36.23100424444579,61.72679964815057,93.57358974358975,27.28226011933559,2.6763145387246436,7,0.16014392608714656,0.17205985113102407,0.14223358388766932
gru_v2_nb,12,40.253495749533485,66.33236519391576,84.78868308393801,39.632984290305096,65.83659682604714,101.50307692307693,30.04523222060958,1.891853234861976,7,0.13378384534390098,0.14713664961902007,0.11065015147614086
gru_v2_nb_mean,1,16.045251552258378,25.650689361971413,32.93496993249887,15.799556252517604,25.315682364219036,36.68348585168521,12.605545835687238,0.3848846957563383,7,0.023114784761238627,0.03807348484697426,0.03377627850783289
gru_v2_nb_mean,2,19.724209665158007,30.668764996902905,41.076185899541784,19.2889446248259,29.993340214611553,48.012088602689595,15.009563175569406,0.6010062005746584,7,0.02151373559852876,0.04310653300685563,0.027120953595331714
gru_v2_nb_mean,3,23.114389243674317,36.6177915305276,49.26585510804106,22.75704165530618,36.051157942434,55.873210077224634,17.654585771415935,0.6415064815828279,7,0.059503261538866425,0.07404330574311302,0.04788060742066275
gru_v2_nb_mean,4,26.034385991950444,41.28657908346604,55.264898569108034,25.679949102687765,40.66676422192551,62.45833476115496,19.963727863749693,0.8274343502189285,7,0.08550557125218616,0.0979556655495375,0.058872532811525345
gru_v2_nb_mean,6,31.58480427003227,49.334005282039456,67.3993344108209,30.811961115532004,48.067116696782854,75.08421766646397,24.33490203729365,2.4932637779984064,7,0.0979451530703438,0.12001737829210413,0.04137726614475241
gru_v2_nb_mean,8,32.93715518452513,50.75826337917284,69.53100694960551,32.29262298384865,49.940657014149465,80.3051640697473,25.042487036988096,1.0429630213883774,7,0.17793916222787687,0.19402569665657432,0.13425520839880678
gru_v2_nb_mean,10,40.90844189011582,60.04120840003994,85.3991591744062,40.24803035663763,59.139449343148875,89.3038620627385,32.84253852801205,5.125530631996098,7,0.06517243518877713,0.08026396341840225,-0.006089599681856184
gru_v2_nb_mean,12,46.826817243135416,64.84204106417961,95.66277458668809,46.04716057973076,64.1272157011393,96.1448802054234,38.60714008275409,3.2185131189436675,7,-0.007667652506994083,0.009109802080517482,-0.10181308086271593
gru_v2_noclimate,1,16.67360746365116,28.698655259042305,35.10647199721743,16.594573043077972,28.5683568098037,41.81504796028137,12.483367380879457,0.2399999576968837,7,-0.015141492976026738,-0.010329629684170616,0.027477937436417577
gru_v2_noclimate,2,20.83277855171827,35.924071908380895,45.4107321419571,20.66871216248151,35.71326809888599,56.72445472983213,14.850832522032626,0.9863802867601571,7,-0.03348058088139405,-0.025341511633833802,0.020144940729161114
gru_v2_noclimate,3,24.2433288803428,43.032806653241884,53.47646309404509,24.08852876343339,42.754839724043926,65.46706768586085,17.3727057460898,0.38583221410221397,7,0.013568063554053711,0.019866694399622964,0.0494654634129729
gru_v2_noclimate,4,27.5259828438219,48.44754231760423,60.5679806740099,27.21092924420704,47.9778027375396,77.17535126973421,19.251088106169846,1.2478137460624077,7,0.0331111337034774,0.04417783455418367,0.06616277260298806
gru_v2_noclimate,6,32.76668268101265,56.96824361343764,71.50199724995224,32.12228795694356,56.09164764251134,93.55839447457056,22.634730715419664,1.3798661255692861,7,0.06419097368738313,0.08259474086646101,0.0856077696619965
gru_v2_noclimate,8,36.26436300890492,63.91246305482423,79.31869633508859,35.96748871351339,63.56521232908856,102.38046413295542,25.24501282156317,1.1045708736010713,7,0.09489716190246078,0.10230668863952497,0.1107046965050583
gru_v2_noclimate,10,38.30446529770949,68.13139545489811,82.95231711349616,38.03227658214438,67.82829163030377,105.38007796268687,27.12519652021326,0.9269329340246383,7,0.12467773493212408,0.1308977106237993,0.12832884115892787
gru_v2_noclimate,12,40.59170915079693,72.83625504588277,87.1157000258561,40.202186984620916,72.28253203282611,111.49576476499438,28.774366548430688,1.5252752996406804,7,0.12650582125082632,0.1348879601596492,0.13304422728454043
gru_v2_quantile,1,15.927413066895454,26.582008393292462,32.70938540660337,15.844710306444316,26.432373277942027,38.28371670372975,12.201362460756405,0.258236011447247,7,0.030289161165512946,0.03532436448912668,0.057956685363872995
gru_v2_quantile,2,19.233259209421853,31.979002663685016,40.431208724855544,19.075313338354537,31.72546126719565,49.205830412140266,14.23783067563545,0.3067002761934442,7,0.04586899675193534,0.05370443695369387,0.07292744824418348
gru_v2_quantile,3,22.426761841265563,38.454188808220245,47.75387487151686,22.184318119722175,38.047957834096394,57.73354099774972,16.5422986485182,0.4293383677829558,7,0.08748199471776363,0.09734673857788256,0.10044192209177902
gru_v2_quantile,4,25.064834973168026,43.11054813880061,54.294319496583576,24.824205941734338,42.70727852731979,63.8644382865918,18.598234420930734,1.0414518639746173,7,0.11956241458766681,0.12801484779308703,0.11710416150555658
gru_v2_quantile,6,29.48354908543833,50.311954107230115,64.75946203252067,29.152756867270476,49.87587423652217,77.94553427213278,21.40655155432259,1.0568468062638166,7,0.15795652460502307,0.1674038753365279,0.14671598691171095
gru_v2_quantile,8,33.27913203891702,57.3243682210376,73.65612491137846,32.894839398242986,56.75454651778909,90.52713754618014,23.737797787706494,1.176588827628123,7,0.16940394484662125,0.1789952993024725,0.16871765397578045
gru_v2_quantile,10,35.92495466170592,62.39006891961895,78.73243410841549,35.42264793310542,61.701125952884766,98.03839209418265,25.572715089626467,1.2431309227566185,7,0.17905360530315095,0.1905321694867298,0.1788478427732049
gru_v2_quantile,12,37.76587383693054,66.28574666623469,82.77368160183262,37.25531140375813,65.56483252281778,107.02382224874525,26.22288243496142,1.017806480672347,7,0.1873150541805434,0.19830186214192624,0.192490748209369
gru_v2_quantile_lw,1,15.696882152072046,26.276691662828178,32.26312202576694,15.584140500236035,26.110104746096653,36.86147849985422,12.169449427441682,0.20715936294605974,7,0.044324605958197205,0.05118867115913783,0.06379676279677514
gru_v2_quantile_lw,2,19.00337201825595,31.841548406501982,39.769853875288234,18.78142440747364,31.52249267147129,47.100162413823305,14.32057361899472,0.3509298261022312,7,0.05727332994126566,0.06828379333898749,0.07571362085969016
gru_v2_quantile_lw,3,22.380692609581395,39.07233445772561,48.319032106199934,22.198151616688953,38.77872646077948,56.95616032757439,16.61811465658256,0.556060591217543,7,0.0893564964268766,0.09678387020002455,0.10501680049337041
gru_v2_quantile_lw,4,24.583481498005366,42.64051562355534,52.655056917038756,24.32977120477248,42.24734512125519,62.281671719914065,18.300449794353913,0.7094843901791051,7,0.13647063248958913,0.14538256341621758,0.13477966240364922
gru_v2_quantile_lw,6,29.936599599646467,52.21592842964203,65.70368655335945,29.63736259760674,51.76234059253144,79.99157490037955,21.594103716190954,1.205911199098074,7,0.14501750466519792,0.1535636455803957,0.14504382949196
gru_v2_quantile_lw,8,33.10254937690321,57.84007528919584,72.70569599416801,32.69581139403168,57.179832433558154,90.75898211994233,23.49314391973003,0.9913757887616612,7,0.17381117705164495,0.1839627327971214,0.17546159360976296
gru_v2_quantile_lw,10,35.82584739543994,63.63467116956671,78.5616362637802,35.466695542419494,63.282165953611916,97.40866649786442,25.562044211702528,0.8294613564483643,7,0.1813183751183246,0.18952560660023698,0.18023896797787847
gru_v2_quantile_lw,12,37.93890362909326,66.86135987726556,83.2788911322241,37.46147204159747,66.36936810516802,105.75616088397611,26.63602741994612,1.0242680902432806,7,0.18359162101238502,0.1938654853347589,0.18597517965656785
gru_v2_shuffled,1,16.648498997668536,28.723821106239804,34.86183566918528,16.491514290192956,28.487590975699167,40.6560125875473,12.64724673268874,0.36923064945145284,7,-0.013612810853726343,-0.004055089726575201,0.019916297519053123
gru_v2_shuffled,2,20.54135126337278,35.13821727633828,43.70719813305277,20.336013233801403,34.838375314031396,54.92809182964839,14.810227835660177,0.5005520204936433,7,-0.019023342616402816,-0.008836853783353638,0.02578833952737006
gru_v2_shuffled,3,24.294599802727173,43.17642142499648,53.12843457165092,23.959331999377323,42.666098078699214,64.9178703648616,17.5240547090381,0.5884771014603228,7,0.011481911297463454,0.025123555566643363,0.045942670571534415
gru_v2_shuffled,4,27.213261891433458,47.44928658455796,59.21598400528321,26.797368112076867,46.72612730314018,75.55669561840784,19.15602293693772,0.5962863238192184,7,0.044095897039181264,0.05870475104826256,0.07066804836730504
gru_v2_shuffled,6,31.992806023489784,55.33125503014461,69.65346915438518,31.607295978185203,54.76896769731512,89.96388257175302,22.330959932112574,0.7619416678033719,7,0.08629271552108375,0.09730279498632255,0.10146019216505207
gru_v2_shuffled,8,35.82587161049273,62.994490910054296,77.88440611594937,35.39475071022124,62.43289399239341,100.55741428593414,25.037281164585824,0.7431643980604764,7,0.10584123416113456,0.11660135009928241,0.11829767543968743
gru_v2_shuffled,10,39.24537048288745,68.9093010755584,84.23296515987828,38.958679181571874,68.69822653372442,110.57951501697158,27.356346393873427,0.47740115823323037,7,0.10317644907672974,0.1097278335509001,0.12262181910258528
gru_v2_shuffled,12,40.56292852285177,71.83949668425427,86.15948690562153,40.08453217210728,71.47629053780993,113.05133297964453,28.48152778005297,0.9664545087891152,7,0.12712515242698974,0.1374197775179845,0.14110187449922995
lgbm_v2,1,16.990382674017777,28.791943986452164,34.742652932198716,16.94198502269212,28.71564658538633,45.17100984990597,12.29361147803641,0.29783747273449224,7,-0.034427760851194034,-0.031481160115248485,0.023942880279524355
lgbm_v2,2,21.05372929268967,35.079526614393,44.28911667117207,20.994982491843018,34.99179876267711,60.31300245074126,14.510517099681069,0.20769040463401447,7,-0.04444159117382385,-0.041527257029043474,0.0239636786073605
lgbm_v2,3,24.30003094669169,41.98087294929756,52.18273080889135,24.262332952758033,41.94362125439395,69.72637966172817,16.728972827518945,0.2094876109592108,7,0.011260924572229492,0.012794810670943346,0.06770551495806983
lgbm_v2,4,27.156590904753973,46.42224838318452,57.653055343324056,27.106658571733067,46.333130631104645,79.67610522193023,18.403338518557927,0.17858691863882697,7,0.046086545161478254,0.047840488595216946,0.09230303780300904
lgbm_v2,6,32.33925414192199,55.731092729212115,68.83666925618954,32.28276355189976,55.66935911182206,94.60827056646347,21.961084737831744,0.21756136528548525,7,0.07639823582858352,0.07801159426828785,0.10461439650611186
lgbm_v2,8,36.28810724457303,63.954296425153075,77.58890232372694,36.234602642644326,63.88750779562455,103.5927393984718,25.070668552256567,0.2966994717919928,7,0.09430454222549634,0.09563993496478296,0.11353023438011993
lgbm_v2,10,38.13704013805308,68.36742907482612,80.70393580973497,38.07463693818774,68.29923329015438,106.71473457604645,26.70742439838752,0.4089093173453801,7,0.1285036849575526,0.12992970434795725,0.1420449519964103
lgbm_v2,12,40.59331499753638,71.57300342021125,85.6625212091017,40.53394533759438,71.51669616429422,112.78546701352566,28.561289661538165,0.35719658087156875,7,0.12647126498778105,0.12774884243989082,0.13575550613668413
lgbm_v2_climatology,1,17.056122374336557,29.020056670714467,34.94538242915434,17.01542745381804,28.948795814987992,45.029813793576686,12.393840471129868,0.33529533988436555,7,-0.03843019989594709,-0.03595256555906068,0.01782065945507762
lgbm_v2_climatology,2,21.395846362219306,36.20362184094274,45.24920680956187,21.35272766091713,36.15213101735547,61.04707253804574,14.787308666248231,0.26860618068947917,7,-0.06141346781856294,-0.059274418514218,0.007505794613230675
lgbm_v2_climatology,3,24.592937129270865,42.78917250284855,53.32891389195665,24.541977302797935,42.72268866199168,69.94225036732661,17.034718256261574,0.2389347597362878,7,-0.0006570762231496996,0.0014164179144232625,0.05377553058034076
lgbm_v2_climatology,4,27.33762458550059,47.332607881859644,58.99092149343792,27.29470670511091,47.25688794505384,78.51683206041655,18.807756673014595,0.21579206862079245,7,0.039727482477623255,0.04123503339594181,0.08057990206614851
lgbm_v2_climatology,6,32.82331441627857,56.60536181914472,70.07333724110548,32.7739265113955,56.536497224461584,95.20011968068587,22.427180205544023,0.38446820133685955,7,0.0625735841715287,0.06398409153445528,0.09017429166020677
lgbm_v2_climatology,8,36.748038737401934,64.81911525228858,78.18563506364966,36.70351428886081,64.778791972672,104.21772704107639,25.503090686789523,0.31641156080233007,7,0.08282535811883884,0.08393662001331648,0.10118109557684406
lgbm_v2_climatology,10,38.96512145926648,68.96571477164471,81.86430500151343,38.91413498064115,68.88965437957685,109.4696695039364,27.214363451821495,0.449521818755424,7,0.10958061653429352,0.11074574440153528,0.12744129511391353
lgbm_v2_climatology,12,40.83952982478133,71.35206472577934,85.992323082624,40.78429652942394,71.30159172152779,113.10532668005006,28.795230348903207,0.43621448221959974,7,0.12117296090501306,0.12236152780641119,0.1319362402399859
lgbm_v2_noclimate,1,17.393833582643474,29.545886856466286,35.53183088550962,17.36899170209934,29.51364083290693,46.976386688290496,12.463408065035635,0.08701838848096952,7,-0.058991116958603484,-0.057478665393524864,0.006811575994932333
lgbm_v2_noclimate,2,21.69157286252286,36.48439367261242,45.893386499994065,21.647782958132655,36.42221799146835,62.856854240512234,14.830692632857966,0.3023918766304769,7,-0.07608398306246134,-0.07391163645427445,4.490884612538627e-05
lgbm_v2_noclimate,3,24.756321625851548,42.878584424144826,53.81905300669336,24.70304776642647,42.81645141719205,70.32102762735808,17.1622039589338,0.26540156215202065,7,-0.0073049951678951786,-0.005137345808601257,0.04892256911284565
lgbm_v2_noclimate,4,27.78691149869265,47.88578134455266,59.77571200537335,27.73854645869449,47.80311226652735,80.18390916188558,19.054078554827157,0.3664375987525909,7,0.023945647670745918,0.02564453773245734,0.07049624677798567
lgbm_v2_noclimate,6,33.00178724202883,56.87342367961529,70.37837078738228,32.97049404634611,56.81979128316571,95.35583363675154,22.60944617624172,0.21656706609445736,7,0.05747644074341485,0.05837016731522404,0.08482315636294693
lgbm_v2_noclimate,8,36.754618282545195,64.29059468084009,78.06474388217465,36.70682406699761,64.2350603548133,104.20649641210451,25.512638594285306,0.45365479220722765,7,0.0826611427710856,0.08385401303123985,0.10143753052680875
lgbm_v2_noclimate,10,38.97719449033959,69.07844105805043,82.09386389349959,38.928081154082285,69.02550318509164,108.84116552213446,27.333199318373783,0.3979052244067631,7,0.10930472721373996,0.11042705058788604,0.12510773658845833
lgbm_v2_noclimate,12,41.11750853535068,71.33589419260728,86.73799314199894,41.052716548084724,71.28195893967184,113.9723675248065,28.97503203710804,0.4971822916996946,7,0.11519112888615213,0.11658538955884645,0.12632909632057265
mix_nb_chronos,1,15.779733858723,26.524892261819534,33.177118039754944,15.779733858723,26.524892261819534,39.143126896512904,11.88583501909135,,7,0.03928033432300282,0.03928033432300282,0.07546636685130913
mix_nb_chronos,2,18.788109179869423,31.687764849633304,40.39505297170131,18.788109179869423,31.687764849633304,49.2220376041454,13.715787775823424,,7,0.06795217255007047,0.06795217255007047,0.10089705049578766
mix_nb_chronos,3,21.847614052585385,37.87295023704714,47.921947904788006,21.847614052585385,37.87295023704714,59.160575239666336,15.628787188071891,,7,0.11104682269563237,0.11104682269563237,0.14186649273855015
mix_nb_chronos,4,24.4894434899805,42.517589582390784,53.78730773421598,24.4894434899805,42.517589582390784,67.95175439033007,17.24572500658891,,7,0.13977384979826202,0.13977384979826202,0.1634968590035611
mix_nb_chronos,6,28.588640052674002,49.957322814524744,62.50549129296149,28.588640052674002,49.957322814524744,80.75091576605462,19.894927433777227,,7,0.1835149236270528,0.1835149236270528,0.19756641685730983
mix_nb_chronos,8,31.686828054591825,56.43873326401858,68.95158484353824,31.686828054591825,56.43873326401858,88.571663562817,22.206022136554296,,7,0.2091454082489388,0.2091454082489388,0.21902268743199807
mix_nb_chronos,10,33.87906309122091,60.72124168249814,73.4431084344543,33.87906309122091,60.72124168249814,93.1524077560698,24.00017231374609,,7,0.22580571186936116,0.22580571186936116,0.23167291416039631
mix_nb_chronos,12,35.301097359398355,63.45742962289595,76.468877058563,35.301097359398355,63.45742962289595,96.67927095924055,25.07140175942465,,7,0.24035465143041645,0.24035465143041645,0.2433043611336577
nb_shared_v2,1,16.62605570530099,27.767057718668134,34.95228698761107,16.383038259589178,27.469843685906046,40.29538461538461,12.681167553620384,0.8468419195586036,7,-0.01224639285624396,0.002549271081323967,0.019450450550836478
nb_shared_v2,2,19.83040500380123,32.699044805809685,42.55890656221097,19.52105118147261,32.28248282692982,51.22461538461538,14.59803660699887,1.0092780125867193,7,0.016245555936587275,0.03159210067157603,0.048392203392489
nb_shared_v2,3,23.149107747598315,39.46000968423198,50.80911716434717,22.797586578616407,39.043133128847316,61.223846153846154,16.803318013223674,1.0988629253840094,7,0.05809060731034488,0.0723935815071649,0.08461099200178376
nb_shared_v2,4,25.844940217015687,43.81901368271398,56.894097300821436,25.513916681872196,43.396887269665626,69.59358974358975,18.553498629253344,1.3561149428707466,7,0.09216012057711409,0.10378778787707366,0.10844389727612344
nb_shared_v2,6,30.245430230147214,51.25830500254898,66.34030902936283,29.813123931061693,50.82997667375213,81.6351282051282,21.680480567650378,1.533490684932935,7,0.13619737189686343,0.14854394175730468,0.1356761769628456
nb_shared_v2,8,33.45530306171816,57.09184015869374,72.90682279019111,32.956314891554825,56.53754818503774,89.06589743589744,24.18687066602161,1.6777748564697093,7,0.16500698652451573,0.17746096534887923,0.15827709058523037
nb_shared_v2,10,35.857817402723065,61.041991009698,77.50077978926689,35.33805240803769,60.48381193620059,93.9302564102564,26.179077568134172,1.7790287147154769,7,0.18058780600655655,0.19246532130183458,0.1695878480210847
nb_shared_v2,12,37.667298362015345,64.31253597501149,81.01039936009026,37.12563136244331,63.796737847767595,97.74435897435897,27.65445492662474,1.7281480574554386,7,0.18943630271398104,0.2010924507512316,0.17171858912707844
nb_shared_v2_climatology,1,16.922723754233186,28.33159705701737,35.94754516196086,16.715385295451366,28.0403564515542,41.90282051282051,12.759374294468634,0.5070281904980227,7,-0.03030847370874401,-0.017685058346593285,0.010708414822488918
nb_shared_v2_climatology,2,20.406860183841314,34.04567816844821,44.08419791091073,20.167381319567887,33.71358923452889,53.58923076923077,14.876465086276406,0.744197949001664,7,-0.012351456835421493,-0.0004712961960859907,0.030027930151947286
nb_shared_v2_climatology,3,23.882115557398578,41.12184131843022,52.61980231043209,23.617616279070344,40.75206265428145,64.1048717948718,17.17832285115304,0.8582636825810065,7,0.02826539985554044,0.03902755783300493,0.06445432769245878
nb_shared_v2_climatology,4,26.838420761628303,46.05215568684557,59.00921908574444,26.57192549734492,45.715710002331384,73.16102564102565,19.117986615062083,1.0299691986219475,7,0.05726271898682922,0.0666237400053461,0.08281134506602547
nb_shared_v2_climatology,6,31.490412606261664,53.71585879388132,68.78760139396609,31.209624705940847,53.35870747288286,86.52538461538461,22.31791727140784,1.2645935292876032,7,0.10064095758083158,0.10866019633495339,0.1095428033085594
nb_shared_v2_climatology,8,34.804804063860665,59.763300115958565,75.55888191038228,34.50579514864147,59.34569296399093,94.77025641025641,24.81056200612805,1.3918445882441237,7,0.13132551287627536,0.13878831644778455,0.1341301356025405
nb_shared_v2_climatology,10,37.328846499412535,64.37942781390566,80.2348659964152,37.057366790635356,64.08815014497875,99.66282051282052,26.939850830511208,1.3914581105801325,7,0.14697228596503342,0.15317605964415637,0.14320029015386165
nb_shared_v2_climatology,12,38.92848780150667,67.51352013749873,83.32163739528474,38.682469399018565,67.28512753007026,102.83076923076923,28.278107563296242,1.284500818821005,7,0.16229673020662394,0.16759080741929322,0.15253988024511145
nb_shared_v2_climatology_mean,1,16.960374914190634,26.70472003359576,35.13982609328939,16.743392458563335,26.409572234406472,40.16284306614827,13.09329688886436,0.5714656120691057,7,-0.03260079436069696,-0.019390222237340327,-0.00829304045360654
nb_shared_v2_climatology_mean,2,20.651851255697743,32.38797345418744,43.53966243394708,20.39095192598519,32.05352700112323,51.41853247144283,15.52407105307356,0.8832806383487435,7,-0.024505069212396258,-0.011562273792499633,-0.005470110198440713
nb_shared_v2_climatology_mean,3,24.317006503361732,39.376515409368515,52.61221595012396,24.016741794655243,38.91085089078807,61.84221476319508,18.062805126722832,1.0557444971914027,7,0.010570209558589116,0.022787619944663606,0.02095032644645483
nb_shared_v2_climatology_mean,4,27.546979309101456,44.2953690538065,59.31847748747066,27.227039741797057,43.78321937142131,70.76545678001183,20.343899730616396,1.25359461105103,7,0.032373603326249056,0.043611930664805176,0.02844585240495003
nb_shared_v2_climatology_mean,6,32.497602969455365,51.23462296129835,69.64723917233576,32.13387754222793,50.69681345755367,83.5011756853721,23.997007516802583,1.5800360195911072,7,0.07187582922568314,0.08226374493910649,0.04818046587947421
nb_shared_v2_climatology_mean,8,36.1304912745675,56.52822763176539,76.69651243964607,35.734164029082436,55.90841796911692,91.15470009348331,26.959789804748194,1.7241632666590951,7,0.09823839491019593,0.1081301146300715,0.06763374993167351
nb_shared_v2_climatology_mean,10,38.91162825701722,60.07961789661956,81.48791955411095,38.50981253580195,59.42423505125647,95.23233259844476,29.52484420011263,1.6800836658233949,7,0.11080302730532587,0.11998520083262654,0.07089576101372146
nb_shared_v2_climatology_mean,12,40.60726805356861,61.79284675916442,84.2366289612986,40.19573079492253,61.145484037883314,97.35256079167891,31.149719263883565,1.677469795048509,7,0.12617100876613152,0.13502689109496635,0.07724475876923739
nb_shared_v2_mean,1,16.609866125866226,26.09128971465199,34.07050845549639,16.340980280378954,25.755233033065164,38.41903093444996,12.975005324435605,0.7042403234386081,7,-0.011260720507060729,0.005109892704454833,0.0052654350549846685
nb_shared_v2_mean,2,20.074659363859713,30.958685092628976,41.95602474575879,19.7550036420131,30.517478948825396,49.122890581351065,15.23328749427782,0.768285148747589,7,0.004128490645014082,0.019986096018006938,0.014271331478026426
nb_shared_v2_mean,3,23.59175140217747,37.53462939602417,50.71547981384542,23.227477855442,37.035189918836,58.873013337086405,17.711541079692644,0.8801757952010335,7,0.040079968610637895,0.054901821742930235,0.04176862548140624
nb_shared_v2_mean,4,26.524436046796627,41.87891377099624,57.19775272742724,26.08959027006669,41.1960408866453,66.41639126771535,19.875776843310167,1.044051734208918,7,0.06829187375599943,0.08356644333129104,0.05340605140719158
nb_shared_v2_mean,6,31.276712223209522,48.585873735554514,67.28181003420676,30.794101322731702,47.981655207543035,77.76225312153498,23.52912207348861,1.2279146347409167,7,0.10674419205633567,0.12052744992411213,0.0728463901508885
nb_shared_v2_mean,8,34.82104475905475,53.633122696874565,74.38387273097791,34.26021782445556,52.86657857003981,84.27003550326214,26.579546301686857,1.4870677020114367,7,0.13092017005226841,0.14491754951989133,0.08856821783673127
nb_shared_v2_mean,10,37.55862198157664,57.14728176701868,79.49288080204487,36.95226437534469,56.3404254597094,88.39367536258239,29.086113084742347,1.6401827052668916,7,0.14172152488687328,0.15557782882436288,0.091625679950361
nb_shared_v2_mean,12,39.53808321365161,59.33017560412644,83.1245425940848,38.89000382814224,58.389985168316684,91.46234985645002,30.884038773185207,1.6169738722037987,7,0.14917882866858645,0.16312486795721948,0.08948149638483492
nb_shared_v2_noclimate,1,18.080230838344047,29.864332184952634,39.42874465818665,17.936910641841774,29.66419349049752,49.66102564102564,12.816765037897113,0.6271274256728473,7,-0.10078113369286723,-0.09205535083105354,-0.028952473476406282
nb_shared_v2_noclimate,2,21.59444191029096,35.75869133784818,47.46370468804867,21.442640114345604,35.557815613311014,61.6176923076923,14.923900177390744,0.5319901188355567,7,-0.07126547300702235,-0.06373483047352768,-0.002379941813954654
nb_shared_v2_noclimate,3,25.096149699357248,43.01354881691334,55.954547873297884,24.935350725280216,42.798981843499746,72.08846153846154,17.264097726173198,0.5670855158703941,7,-0.021132191352934315,-0.014589474213707598,0.03626573451912026
nb_shared_v2_noclimate,4,28.152618702052667,48.11053667441444,62.692166222913386,27.95316880806727,47.806698750577404,81.64384615384616,19.23741412675375,0.6813482547571338,7,0.011099667737549668,0.018105625816237647,0.05634694940698396
nb_shared_v2_noclimate,6,32.942217845048035,55.95478542009151,72.87314762072529,32.690663488188356,55.544866114085224,95.15871794871795,22.572801161103047,0.9015537842498202,7,0.059177729211622676,0.06636206459428151,0.08280582057953963
nb_shared_v2_noclimate,8,36.46718156057779,62.519687488884124,80.22412961268273,36.17657680908884,62.14481988086648,103.20102564102564,25.344874213836476,1.1863811944942562,7,0.08983512216132794,0.09708817070578157,0.10286122827160746
nb_shared_v2_noclimate,10,39.21023982307002,67.3559255748593,85.2138856953198,38.914241467241105,67.0479979700624,108.09564102564103,27.729339622641508,1.352269444904269,7,0.10397924448154028,0.11074331100137824,0.10758659229716316
nb_shared_v2_noclimate,12,40.93014790241205,70.24808292620283,88.21448313216253,40.6545918842662,70.02067034162793,111.20179487179486,29.21820674084825,1.3946205745979672,7,0.1192229478369301,0.12515264586653319,0.11583681360656865
nb_shared_v2_noclimate_mean,1,17.90018722244115,28.06355628508752,38.16299202842364,17.713142649633937,27.784268952137346,46.70760814973941,13.098950401224775,0.7209443764845157,7,-0.0898195139326019,-0.07843165396849305,-0.03554558102040796
nb_shared_v2_noclimate_mean,2,21.674624563462647,34.03413198596194,46.63221421368517,21.49938204621727,33.755574416222764,58.37588823963434,15.557747284100698,0.6606552831635554,7,-0.07524320525098416,-0.0665497062984437,-0.031003014827592712
nb_shared_v2_noclimate_mean,3,25.49706436155727,41.28418481220996,55.845802263111366,25.286719989328127,40.93897673241852,69.06369859820757,18.235958655448886,0.6609848910089593,7,-0.037444927468319955,-0.028886267581197833,-0.007638937761859929
nb_shared_v2_noclimate_mean,4,28.94310358219457,46.472802579904794,63.13839016564252,28.708777707017617,46.083833854124954,78.58724517840606,20.669079982825984,0.8341576232543412,7,-0.016667225598158808,-0.008436199622472884,-0.004680460300932958
nb_shared_v2_noclimate_mean,6,34.216440184318465,53.92823919779856,74.3294758985435,33.89704524198213,53.35634991527092,91.94677370448908,24.5947179309567,1.2036316117194688,7,0.022786228179099033,0.03190807529760953,0.009773799328821386
nb_shared_v2_noclimate_mean,8,38.208749819932166,60.00796668240982,82.47048812475737,37.85327041007931,59.45165826277138,99.46407368519367,27.999529175721914,1.5644098231799626,7,0.04636825156180391,0.055240472002131225,0.019914869628114507
nb_shared_v2_noclimate_mean,10,41.22538494379426,63.6379803656207,87.8753330917652,40.861707225297714,63.170468018173246,103.73102472497867,30.807778313596867,1.8309260379169872,7,0.057929746653977654,0.06624040186962821,0.02025557629891212
nb_shared_v2_noclimate_mean,12,43.024293626428,64.86708770556405,90.7239962827877,42.64126421619729,64.44262560780389,105.69596217826391,32.57901553445534,1.9413646977466266,7,0.07415896463324456,0.08240138573661127,0.026669961245325058
nb_shared_v2_shuffled,1,17.432029165802753,29.108641969210442,37.26598526138174,17.14513165239826,28.69804682003559,44.91256410256411,12.851940009675857,0.5868892696127873,7,-0.061316583801812374,-0.04384936378218196,-0.011697180752021894
nb_shared_v2_shuffled,2,21.160608196834612,35.14585547019734,45.86432227874169,20.851998075795397,34.66871061014091,57.792307692307695,15.0553249475891,0.5381066585628674,7,-0.049743681419033736,-0.034434030506857116,0.00126969848023027
nb_shared_v2_shuffled,3,24.74100767157371,42.44647407209099,54.56538001932499,24.443873119136864,41.98744419889589,68.62897435897436,17.426346557006937,0.5666062029715749,7,-0.006681888760046162,0.005408159326664053,0.03517943392954611
nb_shared_v2_shuffled,4,27.681825281636602,47.398619584692234,61.10622780589545,27.334873846604044,46.817709114140904,78.00410256410255,19.294779067892275,0.6133624243423131,7,0.027636948862394983,0.039824106050639574,0.0588206606586666
nb_shared_v2_shuffled,6,32.469219711106504,55.296241966705736,71.20362306360099,32.09140646801094,54.7016123601927,91.87743589743589,22.567850346718274,0.6571562507409009,7,0.07268644864717311,0.08347670918685701,0.08750192078403356
nb_shared_v2_shuffled,8,35.870545994885624,61.71693932023322,78.30656977883443,35.4409088167835,61.12220393636561,100.18871794871795,25.150850669246903,0.9227381188410463,7,0.10472623009793514,0.11544931460811847,0.11237936091698919
nb_shared_v2_shuffled,10,38.51553320892943,66.5944703890279,83.18680028738983,38.07399612309557,66.02101040268039,105.47384615384617,27.355814384776647,1.243811870115664,7,0.11985447370928082,0.12994434806413002,0.12123659470820325
nb_shared_v2_shuffled,12,40.16367475292004,69.8047521749904,86.25665170138562,39.747569958428585,69.3665598845963,108.48769230769231,28.776338493791325,1.5249816368645692,7,0.13571670600221486,0.14467087726875716,0.13076451650375953
nb_shared_v2_shuffled_mean,1,17.408359111164135,27.56475793140658,36.40605938216689,17.131688614565444,27.176014838866077,42.43636300334564,13.237025129133883,0.8980554824967434,7,-0.05987547667145354,-0.04303090949594024,-0.03195265144228775
nb_shared_v2_shuffled_mean,2,21.262709403650074,33.30061830296048,45.17776593475729,20.932821253571685,32.73748125188565,55.003329328619515,15.639272749488503,0.9919020391425363,7,-0.05480875779693406,-0.03844353814452317,-0.029306388228474995
nb_shared_v2_shuffled_mean,3,25.135394507723184,40.646308853987655,54.5054789698459,24.76714976149082,40.07488977380108,65.90670957287152,18.34017533019846,1.0526118019641488,7,-0.022729015473208047,-0.00774557900270878,-0.009253915773677734
nb_shared_v2_shuffled_mean,4,28.38974735089892,45.69653165365138,61.4014886687873,27.976501322046875,44.948065533011004,75.21503368606933,20.58553296170385,1.171526755480151,7,0.00277019039426063,0.017286038442461127,0.0013220675544173435
nb_shared_v2_shuffled_mean,6,33.61013444049028,53.037583838281776,72.24904653846855,33.14538581998936,52.25211345140285,88.72119159641939,24.42495824783543,1.2688378169772778,7,0.04010218272058175,0.053375297923150544,0.018368976931260255
nb_shared_v2_shuffled_mean,8,37.430673243275564,58.5289951959906,79.85857581716697,36.85854832183306,57.667892807658596,96.62935223469367,27.56422674470588,1.4307336539132682,7,0.06578784863610454,0.08006720851392135,0.03584222640612137
nb_shared_v2_shuffled_mean,10,40.41781184652569,62.15455860622025,85.12027560003627,39.818489287093094,61.2706947581183,101.36229170062603,30.26039853750895,1.788893901263227,7,0.07638416723431862,0.09007970837166446,0.0382128031900349
nb_shared_v2_shuffled_mean,12,42.26427633935508,63.74197884455959,88.14480291153949,41.628425622476286,62.85094472790674,103.36997658054035,32.0799929658242,2.1812339980274795,7,0.09051379890594491,0.10419668911595736,0.04329373863914676
nb_shared_v2_wxlag1,1,16.615857350196972,27.60445260215386,35.19375563495179,16.339318542050027,27.199450622455238,40.57769230769231,12.622218190614419,0.45406592296898635,7,-0.011625485026384164,0.005211064543352961,0.022216416557749752
nb_shared_v2_wxlag1,2,19.995766811804547,33.11919064809875,43.040001384893166,19.674753606075225,32.660008369544634,52.427435897435906,14.590488630865991,0.457059057323446,7,0.008042223051028863,0.023967171012441058,0.04643239663469635
nb_shared_v2_wxlag1,3,23.3425765429539,39.84494905593515,51.30557643262234,22.987624545356567,39.43619017132102,62.572820512820506,16.804202547976132,0.49375719215430197,7,0.05021859437901777,0.06466116487185114,0.0832322311493204
nb_shared_v2_wxlag1,4,26.110930264703846,44.54447608436031,57.3705733841266,25.738050332735078,44.011606774208154,71.28794871794872,18.58142718916304,0.6108352978010582,7,0.08281684600215788,0.09591477811712057,0.10640012893693974
nb_shared_v2_wxlag1,6,30.5151468657129,51.98756379393002,66.67620983115397,30.096541599765583,51.457347091369165,84.02333333333333,21.597115787776165,0.9576375065335936,7,0.12849432595332944,0.14044959741455953,0.13789256824482496
nb_shared_v2_wxlag1,8,33.486706752367134,57.55334782067386,72.93416385212413,33.05232016904131,57.01153910232311,91.15205128205127,23.875815997419775,1.2289808712103318,7,0.16422319860781798,0.1750648209824659,0.16751036831263472
nb_shared_v2_wxlag1,10,35.71522841937936,61.51732405301844,77.30190304170267,35.25736815877353,60.94443811947144,96.01538461538462,25.665202386711815,1.540251506317399,7,0.18384620710690036,0.19430909380387318,0.18223987579644105
nb_shared_v2_wxlag1,12,37.46160204575299,64.81617143352966,80.73519569096764,36.96893497998848,64.24518963637453,99.64794871794872,27.097210933720365,1.4840331131737832,7,0.1938626877715265,0.20446440479723804,0.18521613186826016
nb_shared_v2_wxlag1_mean,1,16.554632111928044,25.9050205710202,34.299816276532155,16.233090938544485,25.450140170957958,38.65733744772581,12.870847889295083,0.5365241869072441,7,-0.007897900583747619,0.011678534060850287,0.00895552437663286
nb_shared_v2_wxlag1_mean,2,20.141995954440755,31.317082451810514,42.3439618662563,19.76024942694587,30.76962274684707,50.051346476781056,15.157104200717376,0.5378358186963745,7,0.0007880308702650218,0.01972586107882024,0.016510140160770286
nb_shared_v2_wxlag1_mean,3,23.70534458293519,37.7891035880089,51.117348462929336,23.254549706780068,37.14528181806606,60.39043155471484,17.591163420971913,0.6295548209551622,7,0.03545799850847309,0.05380030062467156,0.0455783525308221
nb_shared_v2_wxlag1_mean,4,26.717781258243892,42.42720272572162,57.54100016053328,26.261738517093022,41.80548909542813,68.65926745280241,19.72753355915081,0.8054272017535503,7,0.061500351238500395,0.07751949400538949,0.05775073003754273
nb_shared_v2_wxlag1_mean,6,31.470503993812592,49.27422575123125,67.44029058157682,30.99109429619315,48.60772709950512,80.86091166811111,23.238769381429506,1.2158718517391016,7,0.10120954303736296,0.11490137527749533,0.08144246578738763
nb_shared_v2_wxlag1_mean,8,34.71157445277021,53.98025796550534,74.0537018163667,34.25142493406532,53.398130217984324,87.20850686991825,25.96208571657887,1.5964364249024086,7,0.13365238086984754,0.1451370065677191,0.10663813202064172
nb_shared_v2_wxlag1_mean,10,37.235565075514764,57.45143112008141,78.75376793290447,36.70071105590023,56.81904579130592,91.31565549807671,28.222216671754435,1.9857953091184686,7,0.14910392536060635,0.16132625057232652,0.11409381911332055
nb_shared_v2_wxlag1_mean,12,39.15622949459701,59.80910413963553,82.22216610683824,38.50699152589252,58.94869867850967,94.48718117096485,29.934404215202363,1.9841722336175078,7,0.15739595003908113,0.17136692091344186,0.11394180934474221
nb_shared_v3,1,17.163919413919412,28.447828388287654,36.919622764677634,16.913222078557034,28.05675370290709,43.867948717948714,12.713247863247863,0.921225730010861,7,-0.04499322160190311,-0.029729981906493785,0.005248757353616454
nb_shared_v3,2,20.537581035316883,34.014911094904406,44.98374814934034,20.238158809802062,33.61646094192732,54.88153846153846,14.81358813094662,1.077646610602643,7,-0.01883630767665201,-0.003982453459095758,0.026295954231145675
nb_shared_v3,3,23.879928122192275,40.655222312800255,53.13526095279366,23.545294085975236,40.29423663160623,64.98897435897436,17.028420416061927,1.2774463332803097,7,0.028354403967024155,0.041970261012710175,0.06783396899951942
nb_shared_v3,4,26.64044923629829,45.08884018487485,59.373308771630796,26.316677050877843,44.69708703276887,74.01692307692308,18.74437026286083,1.5008974245659528,7,0.06421674728697724,0.07558970072794002,0.0939593384458518
nb_shared_v3,6,30.92492224756376,52.06245885407885,68.38649471302084,30.509362077897208,51.590763266139895,86.83,21.607409288824385,1.6093208936126921,7,0.1167912339793914,0.12865953818143105,0.1312808073839972
nb_shared_v3,8,33.90786578201673,57.666406334403135,74.46347706169298,33.48166631455772,57.249050135313006,94.41769230769232,23.82289469440413,1.517119227954618,7,0.15371171566979835,0.16434900019891263,0.16155410730489037
nb_shared_v3,10,36.07076923076924,61.372234206296916,78.59408562023432,35.678178171565335,60.807682034278265,99.08974358974359,25.567606837606842,1.4009972233081238,7,0.17572149407589843,0.18469286836651688,0.17674785569539095
nb_shared_v3,12,37.533495749533486,64.15347032975994,81.3842876958018,37.154009933384366,63.755114093878426,101.71102564102564,26.837240767618123,1.384569062814941,7,0.19231560505304113,0.2004817714515218,0.18484366026430502
nb_shared_v3_mean,1,17.071072836566568,26.62592568269193,35.94297949357227,16.796964528560885,26.18103742058133,40.668076899143365,13.138238826137103,0.6440308928430479,7,-0.03934043090515971,-0.02265185780347001,-0.017071321039730254
nb_shared_v3_mean,2,20.58751708593427,31.95898040643195,44.08740129783972,20.211846549952643,31.397990938786485,51.54874580383301,15.42731229961781,0.8972355077595064,7,-0.02131355469729601,-0.0026771446388647036,-0.003896048355619963
nb_shared_v3_mean,3,24.124400247074792,38.41704154671857,52.65025689285953,23.673700509538,37.8372233439229,61.6955271990177,17.86254575508431,1.053363757285582,7,0.018407126811103125,0.036745557851181054,0.030991531991366252
nb_shared_v3_mean,4,27.00066701464394,42.58921314056461,59.153135546836275,26.495450235717275,41.885898979619704,70.26274720849135,19.79032031566938,1.2956529245264694,7,0.051563591129007436,0.06931004114250894,0.05202014249670274
nb_shared_v3_mean,6,31.730996622144144,49.129311169910565,68.955638716175,31.16489892569056,48.409135329741886,82.71293786094738,23.23400641567694,1.508122845829345,7,0.09376993264855105,0.10993755447567677,0.07671296555104593
nb_shared_v3_mean,8,34.995731023872345,54.02055094027113,75.56768549991918,34.29496662404968,53.10960506804458,89.73046996483436,25.873274533712006,1.430214667867368,7,0.12656026901045947,0.14405027281837046,0.10229792681712757
nb_shared_v3_mean,10,37.38755893451922,57.490436157223954,80.0982059871116,36.75824964116712,56.58509631998641,93.79556335657071,27.986224864177302,1.4183715574169493,7,0.1456306068347858,0.16001139591000002,0.11192462838629447
nb_shared_v3_mean,12,38.76191153167232,59.00741279275594,82.7367741501442,38.207541371415985,58.14075491544789,95.53085835452264,29.300420394530608,1.4961958633513623,7,0.16588128983867878,0.1778107975629587,0.12254132025239808
nb_shared_v4,1,17.2640583316055,28.369989531172017,37.14398314274232,17.016484895415037,28.017928691001035,44.69769230769231,12.691786002257702,0.44708433306238227,7,-0.051089992839109755,-0.03601694591849092,0.0036183468555948278
nb_shared_v4,2,20.737533347155992,33.748158924972884,45.39598581524858,20.463149522728024,33.42975130080978,56.7297435897436,14.738831640058054,0.4709757999985699,7,-0.02875561972977314,-0.01514388025151292,0.026624721588696554
nb_shared_v4,3,24.15726242311148,40.64413712870295,53.6917630264932,23.82694244586597,40.22434537916105,67.3051282051282,16.965951459442024,0.4277490280935029,7,0.017070004334908018,0.030510327502130563,0.06666142370161743
nb_shared_v4,4,26.93600870827286,44.9669634690912,59.94356427412613,26.580286812336272,44.46128782108122,76.25794871794871,18.71568537332688,0.47906277663104235,7,0.05383480509068517,0.06633003705498797,0.09219748372766316
nb_shared_v4,6,31.32426221577165,51.986934943394935,68.97977593565791,30.868887275406966,51.39633563818539,89.0648717948718,21.700827285921623,0.5624467251707765,7,0.1053861750524806,0.11839158007618722,0.1261686996607469
nb_shared_v4,8,34.34568456700533,57.40849520184763,75.15919665041785,33.83387032473858,56.74996987870101,96.67102564102565,23.958127721335273,0.6337589618263104,7,0.142784430809775,0.1555585287069482,0.1554635177010336
nb_shared_v4,10,36.517278319165115,61.2287542549566,79.3677307377868,35.969948186394326,60.43182395037223,101.01205128205129,25.768149492017418,0.9213795051861607,7,0.1655180009951207,0.17802542663944831,0.17106219031996453
nb_shared_v4,12,38.06885686640403,64.32532252163813,82.33030177670807,37.524477847875616,63.695787890741386,103.67820512820514,27.13396548943719,1.1123515988238495,7,0.18079515349043684,0.1925096615430849,0.17634693301042215
nb_shared_v4_mean,1,17.166832800967978,26.638022340358223,36.048914071795714,16.88223632259356,26.149698545675896,41.12057056206923,13.174543174117767,0.571484737987195,7,-0.045170597738683815,-0.027843471945267595,-0.020580125404592562
nb_shared_v4_mean,2,20.80991292419863,31.759816653809022,44.469537926593446,20.49260665398155,31.31864826919312,52.82462525777328,15.474127535269522,0.5810988755376532,7,-0.032346253938276615,-0.016605201075493126,-0.008989307495120771
nb_shared_v4_mean,3,24.42318217680792,38.508538862847494,53.36051656114057,24.034290319528047,37.90161016610021,63.355558102864485,17.934452855798497,0.6374159307533592,7,0.00625004892067027,0.022073591542974613,0.023422322583123854
nb_shared_v4_mean,4,27.434785493589526,42.84906385519444,60.04176632691503,27.000440091262483,42.051605614531866,72.0307059096373,20.0021320909149,0.6891147172353287,7,0.03631456891143103,0.051571562131978665,0.039615762953697856
nb_shared_v4_mean,6,32.27155603946668,49.293230023867565,70.08838491018444,31.785290351862756,48.38825002706743,84.4646822796418,23.572701666104162,0.93163203752202,7,0.07833167828165877,0.09221931604089861,0.06309469154435192
nb_shared_v4_mean,8,35.59666582840027,54.18059641794219,76.87068982162727,34.988607301379595,53.1145540545499,91.3187524381662,26.309651393439285,0.9985408604769292,7,0.11156185867146484,0.1267380661895916,0.0878165642177313
nb_shared_v4_mean,10,37.97295009222495,57.63064387795226,81.47348934171052,37.33966280700506,56.41625146933911,95.04355147062203,28.461183195825427,1.1684396141073692,7,0.13225342195226175,0.14672511491622808,0.10031364117692329
nb_shared_v4_mean,12,39.550250766598666,59.59723419502569,84.28823478956791,38.871404984182604,58.528640403538574,96.84956229368845,30.000365512083704,1.3114132238016367,7,0.14891699474015074,0.16352509702542284,0.1064564744648477
nb_shared_v4_t26,1,17.087137328080725,28.02826348669945,36.084160061188776,16.859497547565397,27.79719869322298,43.84846153846154,12.626916626350587,0.5067735479938607,7,-0.04031848750959477,-0.02645906403708964,0.01057902061407431
nb_shared_v4_t26,2,20.40858317782846,33.26930270387701,43.94853295439168,20.140007613133758,32.930572828531645,55.42948717948718,14.571765844218675,0.5040773636572435,7,-0.012436931791259598,0.0008866692791477115,0.03804718690486451
nb_shared_v4_t26,3,23.631214320270924,39.73025569817656,51.84042315205809,23.33275967868431,39.360025065505944,65.41538461538461,16.667185937751977,0.5766190187959638,7,0.03847426986749636,0.05061803079631311,0.08253089368734247
nb_shared_v4_t26,4,26.399201050521803,44.211291782358494,58.1533072588905,26.099781614124232,43.80167347804756,74.63102564102564,18.360563618771167,0.7334149945899894,7,0.07269092915961028,0.0832084580358069,0.10654817496386401
nb_shared_v4_t26,6,30.615885686640404,51.1016734512938,67.26447999652044,30.250291665933727,50.703112770900404,87.34461538461538,21.161097403644575,0.9744164075693137,7,0.12561724807389318,0.13605853039331106,0.1429509429924026
nb_shared_v4_t26,8,33.58512336719884,56.494008910068366,73.68349764685838,33.12081621587474,55.949152996764454,94.71717948717948,23.396447347202066,1.1880042535716122,7,0.16176687096245834,0.17335526478890528,0.1707710739298218
nb_shared_v4_t26,10,35.81916649388347,60.24179176497495,78.20626377351823,35.31217361335312,59.641027718677705,99.2646153846154,25.244925012094825,1.3973740912339871,7,0.18147104509655443,0.19305669583230955,0.1836680955106257
nb_shared_v4_t26,12,37.3529615039049,63.33105378525486,81.32849210604948,36.821215001651474,62.752777354211936,102.10589743589743,26.56080551523948,1.4142427361151861,7,0.19620052677524824,0.2076431953399811,0.1892065189964642
nb_shared_v4_t26_mean,1,16.98319916664897,26.25596737396474,35.05704068425978,16.712493024352685,25.8136637231451,40.22647738065475,13.109319464314675,0.5760460701469873,7,-0.03399040640278961,-0.017508967815038856,-0.014710082011439434
nb_shared_v4_t26_mean,2,20.49067217557442,31.322806930250312,43.07527101429723,20.2019760447308,30.841186171074124,51.48134509804921,15.325560021828622,0.5865525109150443,7,-0.016509234718296018,-0.0021874847768861283,0.00015659845234447127
nb_shared_v4_t26_mean,3,23.913074332239407,37.59579018831604,51.467160699236004,23.582832074763864,37.044262724691016,61.52889624082125,17.643770680809105,0.6762983641392453,7,0.0270057244880626,0.04044288533118501,0.037459840008874576
nb_shared_v4_t26_mean,4,26.935912655577006,42.057251454745035,58.18445897402508,26.564865802775376,41.433277307748014,70.56663317120992,19.664125902971524,0.7852790241485617,7,0.05383817907673771,0.06687172170748823,0.051614197589948084
nb_shared_v4_t26_mean,6,31.55291272197161,48.273401475488306,68.02172932985397,31.121340148861716,47.67267496727569,82.89049243237729,22.996649436903994,0.8272711140343824,7,0.09885596845036826,0.11118158326334504,0.07972408628458595
nb_shared_v4_t26_mean,8,34.85131687582128,53.04985755903793,75.0795110648138,34.302840424354905,52.23216535235982,89.84075208174876,25.686411008166704,1.0188498368944572,7,0.13016462448281008,0.14385375484834229,0.10292818269060504
nb_shared_v4_t26_mean,10,37.268923857965,56.19478184674,80.13327136152778,36.66008901583241,55.26241569643063,93.67505644408557,27.867901760278244,1.4151108872359486,7,0.14834162037116716,0.16225453336775209,0.11231553019435565
nb_shared_v4_t26_mean,12,38.80403378939314,58.279619857419824,83.2941404738621,38.11891613350638,57.211244627739816,95.69912025882648,29.32151937782092,1.6047137751903675,7,0.16497485974039883,0.179717926654683,0.11964196116486295
nb_shared_v4_t27,1,17.2651738198908,28.420688064560636,36.94918579562248,17.022323631949376,28.057995868548797,45.063589743589745,12.63210449927431,0.18846034309121937,7,-0.05115790726289626,-0.03637242650273076,0.006240556716087332
nb_shared_v4_t27,2,20.576869859700047,33.49575547950747,44.744097797955654,20.32196077950727,33.12285554129129,56.67974358974359,14.559724238026126,0.2908214725433836,7,-0.020785362957245423,-0.00813973416531244,0.036338601173966686
nb_shared_v4_t27,3,23.920983481926875,40.301581038050145,52.797632887042234,23.64553942266457,39.9209872140975,67.15564102564103,16.715207224641187,0.3301355585393009,7,0.026683910685991186,0.03789139865522617,0.07757070876010834
nb_shared_v4_t27,4,26.682099661344946,44.83845932780895,59.08177201996835,26.38936623352971,44.36152822865465,76.25282051282052,18.420312852765683,0.5497500112133716,7,0.06275371752042469,0.07303639094041836,0.10308155304814562
nb_shared_v4_t27,6,31.001839104291935,51.989662985142935,68.42341345607431,30.693763898329298,51.67610098574695,89.22025641025641,21.298769553297856,0.7746892308143325,7,0.11459450599497656,0.12339306400982308,0.13781691444326213
nb_shared_v4_t27,8,34.07262699564586,57.51833911398664,74.9773489584302,33.68860184881324,57.05404273468224,97.15897435897436,23.55823576842445,1.043314702942687,7,0.14959952867157356,0.15918420689172252,0.1647482934833471
nb_shared_v4_t27,10,36.30321307623195,61.52945413773303,79.41042136171562,35.87643028567509,61.047323597651825,101.58564102564104,25.4228084179971,1.273376287156181,7,0.17040975635210698,0.1801624699331148,0.17747681537745846
nb_shared_v4_t27,12,37.85169396641095,64.45031591744878,82.32126601857938,37.39939320922269,64.03313587908906,104.38871794871795,26.76218996935978,1.3597459096738105,7,0.18546828829931006,0.1952013615478415,0.18363272822177462
nb_shared_v4_t27_mean,1,17.082031581435377,26.54286508626175,35.67913092289997,16.80815382593188,26.04226378361713,41.10117670364869,13.078840727733157,0.37017739788280357,7,-0.04000763364766868,-0.02333309730507782,-0.014563375076318568
nb_shared_v4_t27_mean,2,20.556397487157565,31.470940200569725,43.61724850241301,20.296840647628837,31.019768875085692,52.19185913434395,15.283820545959836,0.35439794122834944,7,-0.019769761537842934,-0.006893564893120097,0.0022943500589420107
nb_shared_v4_t27_mean,3,24.080144925510467,38.1113549423031,52.20940174151224,23.74061739323608,37.52342498198676,62.722342198353545,17.63977871336996,0.4266749707473173,7,0.020207822695905153,0.03402279021918542,0.03713426169243044
nb_shared_v4_t27_mean,4,27.071105753446577,42.57161975640728,58.86443014849865,26.712621617703032,41.90769177101158,71.639761291131,19.642996497165843,0.5567294657348606,7,0.04908933134723459,0.061681590870209635,0.05340245100244791
nb_shared_v4_t27_mean,6,31.720528013200212,49.079289882483614,68.90485259591354,31.32953348383552,48.45563131649886,84.1698347815642,22.978976885139545,0.7944765968297457,7,0.09406891374584547,0.10523562883203152,0.08101892910424953
nb_shared_v4_t27_mean,8,35.023097697994395,53.904867979175826,75.96623511404368,34.529270515502695,53.07090429742113,91.45554395420429,25.61768998862608,0.9918014767701486,7,0.12587723882980872,0.13820240732354983,0.10445948080271807
nb_shared_v4_t27_mean,10,37.39075453526692,57.21754144130299,80.75467431765061,36.89263303838279,56.491478640774254,95.32124529620012,27.735672741778057,1.2736710580070103,7,0.14555758191555002,0.15694050642690438,0.11448103939114847
nb_shared_v4_t27_mean,12,38.945148381837434,59.00792780368467,83.51657143122779,38.36326310295362,58.17338111156313,97.27428988774618,29.22362479751931,1.3873192089524353,7,0.16193821069025072,0.17445981705860136,0.12096802775377609
nb_shared_v4_t29,1,17.126919621259244,28.4517918583986,36.762527736554254,16.88141683122756,28.04217108185757,43.738461538461536,12.691662635058861,0.4865614727103496,7,-0.04274055823299938,-0.027793578741857727,0.008359328745787311
nb_shared_v4_t29,2,20.536048102840557,33.850026377924145,44.7922376611574,20.256701925136777,33.465722540637664,55.234102564102564,14.753039025963554,0.4673756068785165,7,-0.01876026136616349,-0.004902347536589913,0.031084558194274154
nb_shared_v4_t29,3,23.86312806690165,40.46227487615615,52.868476148539244,23.55027161108429,40.057720037695226,65.03692307692307,17.000828898564748,0.48695675644472297,7,0.02903797804030961,0.04176773149391888,0.07132446098823907
nb_shared_v4_t29,4,26.709788513373418,44.89982962120772,59.21531064231023,26.38769301265781,44.405375161120624,73.99564102564102,18.828813094662152,0.5343373845341957,7,0.0617811076449204,0.07309516517714854,0.09327880341685693
nb_shared_v4_t29,6,31.098666113760455,52.048363720067236,68.45623044509928,30.70081278844139,51.61035331086972,86.5571794871795,21.855580551523946,0.6025715386375854,7,0.111829148563661,0.12319174930681831,0.12544260459876883
nb_shared_v4_t29,8,34.05499066970765,57.299275686315504,74.75500891963452,33.568026818986155,56.78243451698324,93.8974358974359,24.08124979841961,0.788825493996029,7,0.1500397042967836,0.1621935745641505,0.15495424669519448
nb_shared_v4_t29,10,36.232649803027165,61.050387596906944,79.00694598783691,35.71048653196057,60.41404439077401,98.59435897435897,25.839031607805193,0.9158500832853939,7,0.17202224731503146,0.18395456730991722,0.16995561334598902
nb_shared_v4_t29,12,37.7244163383786,63.9711785037901,81.92641365962702,37.16655603494513,63.4142960638903,101.57358974358975,27.08288743751008,0.9862985824496038,7,0.18820717930678754,0.2002117915243743,0.17742549269246183
nb_shared_v4_t29_mean,1,16.9705533194841,26.547544186590237,35.56120687200484,16.68844248428116,26.047648136428958,40.404274566173555,13.064933111702524,0.5149874152459336,7,-0.03322048758354934,-0.01604469553872967,-0.010153350775671255
nb_shared_v4_t29_mean,2,20.529710925429615,31.717963554238423,43.761594394064,20.217082319263167,31.249834776189942,51.394821528838236,15.385525824861517,0.4863876417534215,7,-0.018445884204444374,-0.0029368827191675884,-4.3643971927369894e-05
nb_shared_v4_t29_mean,3,24.063447578736657,38.21762906724755,52.458542992204634,23.693110575458515,37.61729609867174,61.214574738526956,17.87159305210494,0.5639102357762221,7,0.020887217682991843,0.035955785579929955,0.031798644675917025
nb_shared_v4_t29_mean,4,27.138255781678193,42.670734613751094,59.26346695920709,26.748251416794044,41.958590540906336,69.79784077332569,20.02832494973694,0.6432853710554178,7,0.046730592150271866,0.060430044059149535,0.04355022135520321
nb_shared_v4_t29_mean,6,31.91081917225256,49.28494133278203,69.43223696030951,31.49192283997502,48.615555847829576,81.79273633817832,23.59716631126493,0.9144752115202681,7,0.08863424139886833,0.10059782564847941,0.06640379215251914
nb_shared_v4_t29_mean,8,35.16426473428446,53.941913619936095,76.30454091485183,34.59265279175828,53.02737973068179,88.53909538823825,26.268459625292152,1.1170289179292718,7,0.12235392628298192,0.13662048299442464,0.09050308961272736
nb_shared_v4_t29_mean,10,37.54047061614188,57.212954704610866,81.03697026874656,36.865610391525536,56.09257526460201,92.7113501060926,28.345324034483426,1.0870677190730231,7,0.14213631449907493,0.1575580199275206,0.10203198759035446
nb_shared_v4_t29_mean,12,39.07546319990643,59.10499904568012,83.94164766726287,38.381925097030155,58.02699880682866,94.98160452015888,29.75777297986436,1.1764372465543178,7,0.15913396230137034,0.17405822906118174,0.1093899881906746
nb_shared_v4_t30,1,17.040898472596584,28.132255374476653,36.664583664915135,16.77209619846367,27.69198978910325,43.9251282051282,12.560193517174648,0.3514171385832464,7,-0.03750332103215426,-0.02113779590668252,0.014591781881380788
nb_shared_v4_t30,2,20.384848987490496,33.408096243708414,44.6244152243297,20.092824666186498,32.97821767546888,55.612307692307695,14.513605870020966,0.39172623765697656,7,-0.01125951684604054,0.0032273392621600117,0.04156275309007965
nb_shared_v4_t30,3,23.652579307484967,40.00071867525201,52.55203058373071,23.308504414385457,39.5473098823354,65.41461538461539,16.69223996129657,0.5105598680644775,7,0.03760495419662824,0.05160494837060414,0.08355392305276096
nb_shared_v4_t30,4,26.432124542124548,44.35655226392671,58.78133056896707,26.062338064451904,43.80138604911879,74.43256410256411,18.432051282051283,0.6002327730921909,7,0.07153444520585217,0.08452371538731407,0.10824031930062435
nb_shared_v4_t30,6,30.80558089709033,51.44459064745952,67.93818170908263,30.370523874973724,50.95859413659975,87.21666666666665,21.40373326882761,0.738595510856951,7,0.12019959588384777,0.13262472577022866,0.13970591282855868
nb_shared_v4_t30,8,33.8521874352063,56.85579736188022,74.26249636890988,33.31040431684882,56.180511105064525,94.75461538461538,23.701782776971456,0.8874480875880428,7,0.15510136174482592,0.1686234367896372,0.1658334058294851
nb_shared_v4_t30,10,36.07765982445228,60.66960935428745,78.50719611672571,35.50106297197757,59.886770657754575,99.40923076923076,25.522398000322525,0.9822147775137323,7,0.1755640322754679,0.18874025230664415,0.1787979654942504
nb_shared_v4_t30,12,37.62426567143548,63.66820050253533,81.44587540087699,37.0285631288157,62.96582780097236,102.21948717948719,26.858395420093533,1.0627301594678138,7,0.19036232444363488,0.20318126491523236,0.18423201893546898
nb_shared_v4_t30_mean,1,16.902052209515105,26.285564381363713,35.45319298355954,16.584375410891347,25.697978919417192,40.607542537083994,12.951137154920291,0.4571821588074395,7,-0.029049925262465637,-0.009708765867787905,-0.0037529188727819995
nb_shared_v4_t30_mean,2,20.396014959789095,31.33520508747152,43.56945474973762,20.047749094563397,30.78747876312642,51.88348904270392,15.148102612636622,0.4746302617408188,7,-0.011813442742608427,0.00546346575047052,0.01141336301420716
nb_shared_v4_t30_mean,3,23.85744435552286,37.8341171265502,52.08329359384606,23.44186183613698,37.138241086095704,61.67688935512151,17.55420352225642,0.6175404998950588,7,0.029269241430302406,0.046178795038812503,0.04569331269923444
nb_shared_v4_t30_mean,4,26.86454517414652,42.112109197772575,58.752324227933876,26.3945186000285,41.250276896284824,70.37227054112996,19.61325761298262,0.7069895130571765,7,0.05634506224971214,0.07285540681966862,0.060284259806139016
nb_shared_v4_t30_mean,6,31.66004737764964,48.63482997373959,68.86577694998758,31.154091759565254,47.799912383698384,82.69930970485395,23.15350365644892,0.9678610766195447,7,0.09579622698094903,0.11024620468929092,0.08084811510089927
nb_shared_v4_t30_mean,8,34.974843114247484,53.4382899105161,75.82580262736435,34.34688004532543,52.34130194510153,89.58465833734243,25.87320724373166,1.1546821566925212,7,0.12708159917359352,0.14275459350585928,0.1021087996526214
nb_shared_v4_t30_mean,10,37.41443366261616,56.87696684324409,80.55052181693998,36.692563158727005,55.651994852556285,93.65364627538582,28.04123156048789,1.1134149516075342,7,0.14501647352975022,0.16151244389871222,0.11071673347696827
nb_shared_v4_t30_mean,12,38.98267156614975,58.839004153703016,83.45450583080779,38.25839631771698,57.59150079466063,95.66931458106409,29.534897730330687,1.0771680415705902,7,0.16113074818742346,0.176716448483212,0.11660300935838443
nb_shared_v4_tsel,1,17.118274932614558,28.115072934281635,36.148742419175456,16.882295934795135,27.86407830353092,43.84846153846154,12.66324383164006,0.5630550976618311,7,-0.04221424248781891,-0.027847101322979517,0.009058688259746983
nb_shared_v4_tsel,2,20.492128688921138,33.56615227731869,44.1146509469283,20.2245041602803,33.252083486496936,55.42948717948718,14.669235607160138,0.5444657321476749,7,-0.016581489998881427,-0.003305068294920499,0.034274148546163064
nb_shared_v4_tsel,3,23.796314880088467,40.18772221340669,52.180156108634606,23.503678178936212,39.85260533183943,65.41538461538461,16.85980325753911,0.5648261533127392,7,0.03175652637059645,0.043663562290355395,0.07635131982787625
nb_shared_v4_tsel,4,26.65011818370309,44.79635114925892,58.649436258652024,26.339597790450597,44.40392891757104,74.63102564102564,18.653300274149334,0.713686441638062,7,0.06387711190874035,0.0747845775094188,0.09809510365912354
nb_shared_v4_tsel,6,30.977786992881335,51.96407773674418,67.96965152014653,30.608944653249154,51.58203140683465,87.34461538461538,21.58331559425899,0.9286814587181205,7,0.11528142884215764,0.12581548241341134,0.13268491799207835
nb_shared_v4_tsel,8,33.89964268435966,57.38121849761948,74.37277842860074,33.47766051606755,56.95024127202237,94.71717948717948,23.763386550556362,1.0732301202941141,7,0.1539169515655877,0.1644489787806792,0.16328131104635185
nb_shared_v4_tsel,10,36.0600124403898,61.090019907922795,78.75711793755212,35.58305064241847,60.496272565700174,99.2646153846154,25.525911949685536,1.2097955272925873,7,0.1759673050550261,0.18686669441097348,0.17824855346421448
nb_shared_v4_tsel,12,37.52807934204161,64.0247636763087,81.73856406561569,37.04897364631354,63.5132692477361,102.10589743589743,26.7651096597323,1.1983259423684276,7,0.1924321608845858,0.2027420503910694,0.18601110666604598
persistence,1,16.42490980717396,26.610107032490642,33.614528199344406,16.42490980717396,26.610107032490642,36.07692307692308,13.149574262215772,,7,0.0,0.0,0.0
persistence,2,20.15788098693759,32.507403671567154,42.47080859275261,20.15788098693759,32.507403671567154,48.550769230769234,15.425732946298984,,7,0.0,0.0,0.0
persistence,3,24.57678830603359,41.484475890214334,53.466556620420114,24.57678830603359,41.484475890214334,62.07846153846154,18.326509433962265,,7,0.0,0.0,0.0
persistence,4,28.468610823139123,47.97810630860349,61.96123368477477,28.468610823139123,47.97810630860349,75.72769230769231,20.592097242380262,,7,0.0,0.0,0.0
persistence,6,35.01428364088742,57.577608159150785,75.17083287212846,35.01428364088742,57.577608159150785,96.72076923076924,24.729869375907114,,7,0.0,0.0,0.0
persistence,8,40.0665664524155,64.12544034898202,84.57966982452773,40.0665664524155,64.12544034898202,110.3076923076923,28.35971214320271,,7,0.0,0.0,0.0
persistence,10,43.76041467965997,68.75446632784043,91.08452546652572,43.76041467965997,68.75446632784043,119.48538461538462,31.13958635703919,,7,0.0,0.0,0.0
persistence,12,46.47049761559196,71.08055456993812,95.65231202049439,46.47049761559196,71.08055456993812,127.32307692307693,32.995067731011126,,7,0.0,0.0,0.0
qavg_nb_chronos,1,15.819616427921238,26.610680436909522,33.262008322479616,15.819616427921238,26.610680436909522,39.123252107065454,11.935677148063874,,7,0.0368521584811593,0.0368521584811593,0.07274985330830797
qavg_nb_chronos,2,18.814949932773917,31.607980124613487,40.498609468706,18.814949932773917,31.607980124613487,49.260337360822234,13.740718694765865,,7,0.06662064604081652,0.06662064604081652,0.09956478961549446
qavg_nb_chronos,3,21.88868028708676,37.797237539406424,48.08479929583665,21.88868028708676,37.797237539406424,59.21945214519134,15.66688497740266,,7,0.10937588693339961,0.10937588693339961,0.139936603258662
qavg_nb_chronos,4,24.534580252243,42.394651103401216,53.98001661681207,24.534580252243,42.394651103401216,67.98951920960958,17.292090426015232,,7,0.13818835753301195,0.13818835753301195,0.1616061989780013
qavg_nb_chronos,6,28.656448608373832,49.778147584966824,62.68000462630227,28.656448608373832,49.778147584966824,80.85429019270035,19.956808344319413,,7,0.18157832665436335,0.18157832665436335,0.19496460784732855
qavg_nb_chronos,8,31.798153577265605,56.25010055726454,69.11631319378974,31.798153577265605,56.25010055726454,88.7466979415371,22.30672951655369,,7,0.20636689407787812,0.20636689407787812,0.21545241783599092
qavg_nb_chronos,10,33.99941844660366,60.366537294998686,73.61573685393668,33.99941844660366,60.366537294998686,93.2707138484831,24.120869212957093,,7,0.22305538703208994,0.22305538703208994,0.22798014172283146
qavg_nb_chronos,12,35.44419573249754,63.18474805176826,76.73794208081974,35.44419573249754,63.18474805176826,96.73069710021981,25.229778837877166,,7,0.23727531334622143,0.23727531334622143,0.23904898505456643
ridge_v2,1,17.96385510898919,32.21638066757906,38.56403843626536,17.96385510898919,32.21638066757906,46.42071605874942,13.221044950695818,,7,-0.0936958144600013,-0.0936958144600013,-0.03585601180877285
ridge_v2,2,21.389711518505358,38.5354925966865,47.22821726270678,21.389711518505358,38.5354925966865,58.37582827806473,15.225358725245464,,7,-0.061109128105578,-0.061109128105578,-0.003142818650902316
ridge_v2,3,24.235066132009315,44.13285027517849,54.07127020592127,24.235066132009315,44.13285027517849,66.60758130311966,17.17298027015759,,7,0.013904264860367443,0.013904264860367443,0.05646936231852114
ridge_v2,4,26.69936666285355,48.55195841737206,59.7482319762799,26.69936666285355,48.55195841737206,74.91391990588262,18.66360778901537,,7,0.06214718980413125,0.06214718980413125,0.09352371251973735
ridge_v2,6,30.95861053495258,57.44163372008193,69.09993582887878,30.95861053495258,57.44163372008193,88.13955956876278,21.428452362650884,,7,0.11582910413163183,0.11582910413163183,0.13576737776342634
ridge_v2,8,34.22313879275003,65.96382933486811,75.89878189935177,34.22313879275003,65.96382933486811,97.41059896975756,23.691895429915437,,7,0.14584298523821193,0.14584298523821193,0.16395667769495947
ridge_v2,10,36.521778820201874,72.00421142176768,80.16719542773282,36.521778820201874,72.00421142176768,103.24508232417016,25.401228236207164,,7,0.16541515688201747,0.16541515688201747,0.1823433108107902
ridge_v2,12,38.234327488562464,75.94039289142829,83.54620149527128,38.234327488562464,75.94039289142829,107.64635491380325,26.665656251022327,,7,0.17723438632312094,0.17723438632312094,0.1899860263045841
seasonal_naive,1,55.45241343562098,84.8135461516346,118.76370148731091,55.45241343562098,84.8135461516346,111.09846153846154,46.178072085147555,,7,-2.376116769384076,-2.376116769384076,-2.6904601490489424
seasonal_naive,2,55.45241343562098,84.8135461516346,118.76370148731091,55.45241343562098,84.8135461516346,111.09846153846154,46.178072085147555,,7,-1.750904892808645,-1.750904892808645,-2.0345231670959087
seasonal_naive,3,55.45241343562098,84.8135461516346,118.76370148731091,55.45241343562098,84.8135461516346,111.09846153846154,46.178072085147555,,7,-1.2562921055884035,-1.2562921055884035,-1.506630579649095
seasonal_naive,4,55.45241343562098,84.8135461516346,118.76370148731091,55.45241343562098,84.8135461516346,111.09846153846154,46.178072085147555,,7,-0.9478440230230545,-0.9478440230230545,-1.1805505803070382
seasonal_naive,6,55.45241343562098,84.8135461516346,118.76370148731091,55.45241343562098,84.8135461516346,111.09846153846154,46.178072085147555,,7,-0.5837083518357986,-0.5837083518357986,-0.7642163566101671
seasonal_naive,8,55.45241343562098,84.8135461516346,118.76370148731091,55.45241343562098,84.8135461516346,111.09846153846154,46.178072085147555,,7,-0.38400712478016485,-0.38400712478016485,-0.5190989829276738
seasonal_naive,10,55.45241343562098,84.8135461516346,118.76370148731091,55.45241343562098,84.8135461516346,111.09846153846154,46.178072085147555,,7,-0.2671820832035101,-0.2671820832035101,-0.3799465281528241
seasonal_naive,12,55.45241343562098,84.8135461516346,118.76370148731091,55.45241343562098,84.8135461516346,111.09846153846154,46.178072085147555,,7,-0.19328210974472926,-0.19328210974472926,-0.3017965105960069
seasonal_persistence,1,23.194805248177822,37.57572652353413,52.761453354442644,23.194805248177822,37.57572652353413,56.72462158370477,17.606502525589992,,7,-0.4121724575952894,-0.4121724575952894,-0.3826483047425758
seasonal_persistence,2,26.361479824541124,42.56084620048206,60.814663908973436,26.361479824541124,42.56084620048206,69.08581155872689,19.2407578688435,,7,-0.30775054390010026,-0.30775054390010026,-0.27927837852558884
seasonal_persistence,3,30.16016672053731,49.899605974207894,72.23239423679033,30.16016672053731,49.899605974207894,79.96684083540279,21.85905436805972,,7,-0.22718096217368666,-0.22718096217368666,-0.21123517946071027
seasonal_persistence,4,32.90177755586366,54.860444290031936,79.91743974172593,32.90177755586366,54.860444290031936,87.29931461074891,23.835521380049453,,7,-0.15572121731775135,-0.15572121731775135,-0.16108954453810573
seasonal_persistence,6,37.1954229023438,60.50675057744434,85.90318160470524,37.1954229023438,60.50675057744434,102.5904837815922,26.296246089135735,,7,-0.062292842653201896,-0.062292842653201896,-0.07043354899363749
seasonal_persistence,8,42.656011674703336,67.97086050713618,102.00855150374609,42.656011674703336,67.97086050713618,124.77673908843444,28.969223772414818,,7,-0.06462857817784706,-0.06462857817784706,-0.046776773120301325
seasonal_persistence,10,45.044636228144874,71.42735486931308,108.53362811405438,45.044636228144874,71.42735486931308,127.78043115587475,31.255337073523226,,7,-0.029346649429303096,-0.029346649429303096,-0.028124691953662326
seasonal_persistence,12,48.163148406449295,72.99647545330146,115.28447393896265,48.163148406449295,72.99647545330146,142.81585833545773,32.387696751614556,,7,-0.03642420197130436,-0.03642420197130436,-0.017585907339519417
