method,horizon,alpha_median,zero_share_predicted,zero_share_observed,cov80,cov95,cov80_peak,cov95_peak,cov80_2017,cov95_2017,cov80_district_min,cov80_district_max
gru_v2_nb,1,0.22518451511859894,0.042088020321810395,0.038136986301369864,0.8889497716894977,0.9644931506849315,0.846975546975547,0.9467181467181467,0.8769230769230769,0.9646153846153847,0.8621004566210045,0.9159817351598174
gru_v2_nb,2,0.2922559976577759,0.04518964677025452,0.038136986301369864,0.8810228310502283,0.9603287671232876,0.8101673101673101,0.9312741312741313,0.8394871794871794,0.9502564102564103,0.845662100456621,0.9305936073059361
gru_v2_nb,3,0.3469755947589874,0.04622778898366812,0.038136986301369864,0.8682739726027398,0.9501735159817352,0.7728442728442728,0.8956241956241956,0.7956410256410257,0.9258974358974359,0.8292237442922374,0.9296803652968036
gru_v2_nb,4,0.3906601667404175,0.05221204908037338,0.038136986301369864,0.8587397260273972,0.9423196347031964,0.7223938223938224,0.8655083655083655,0.7215384615384616,0.8697435897435898,0.7917808219178082,0.9068493150684932
gru_v2_nb,6,0.48269224166870117,0.06082195833262497,0.038136986301369864,0.8341552511415525,0.9253333333333333,0.6435006435006435,0.8043758043758044,0.6397435897435897,0.7974358974358975,0.7643835616438356,0.8849315068493151
gru_v2_nb,8,0.6191807389259338,0.06924040565250256,0.038136986301369864,0.835324200913242,0.9284018264840183,0.6402831402831403,0.8023166023166023,0.6428205128205128,0.7864102564102564,0.7616438356164383,0.9168949771689497
gru_v2_nb,10,0.7487354874610901,0.07560527996407425,0.038136986301369864,0.8198721461187215,0.9133881278538812,0.5794079794079794,0.7494208494208494,0.556923076923077,0.7051282051282052,0.7406392694063927,0.9013698630136986
gru_v2_nb,12,0.907929539680481,0.08276899627970745,0.038136986301369864,0.8067214611872147,0.9065570776255708,0.533075933075933,0.7200772200772201,0.4823076923076923,0.6584615384615384,0.719634703196347,0.8995433789954338
nb_shared_v2,1,0.2687578499317169,0.04778131744490248,0.038136986301369864,0.892310502283105,0.9620456621004566,0.8414414414414414,0.9438867438867439,0.8582051282051282,0.958974358974359,0.85662100456621,0.9260273972602739
nb_shared_v2,2,0.3171038031578064,0.050462341943636524,0.038136986301369864,0.8796712328767123,0.9556894977168949,0.7951093951093952,0.9172458172458172,0.8092307692307692,0.928974358974359,0.8273972602739726,0.9187214611872146
nb_shared_v2,3,0.3590419888496399,0.05264360437796691,0.038136986301369864,0.8620639269406393,0.944,0.7362934362934362,0.8752895752895753,0.7394871794871795,0.8864102564102564,0.8073059360730593,0.9159817351598174
nb_shared_v2,4,0.40120625495910645,0.05527566605435474,0.038136986301369864,0.8497534246575342,0.9357077625570777,0.6925353925353925,0.8464607464607464,0.691025641025641,0.8484615384615385,0.7625570776255708,0.9077625570776255
nb_shared_v2,6,0.4860117733478546,0.06072910445994569,0.038136986301369864,0.8324018264840183,0.924931506849315,0.6392535392535392,0.8003861003861004,0.6338461538461538,0.7856410256410257,0.7123287671232876,0.8867579908675799
nb_shared_v2,8,0.5664355158805847,0.06565846111054878,0.038136986301369864,0.8178630136986301,0.9157990867579908,0.5951093951093951,0.7637065637065638,0.591025641025641,0.7451282051282051,0.6958904109589041,0.8867579908675799
nb_shared_v2,10,0.6526409983634949,0.06955372077600552,0.038136986301369864,0.8119817351598173,0.9117442922374429,0.5723294723294723,0.7472329472329472,0.571025641025641,0.7258974358974359,0.7031963470319634,0.8858447488584474
nb_shared_v2,12,0.7500379085540771,0.07305003622980913,0.038136986301369864,0.8124200913242009,0.9157625570776255,0.5653796653796653,0.7554697554697555,0.5733333333333334,0.7371794871794872,0.6958904109589041,0.8940639269406393
nb_shared_v2_climatology,1,0.2625986933708191,0.045958432498436064,0.038136986301369864,0.8878173515981735,0.96062100456621,0.8252252252252252,0.9337194337194337,0.84,0.9502564102564103,0.8538812785388128,0.9305936073059361
nb_shared_v2_climatology,2,0.31162628531455994,0.04861762410981685,0.038136986301369864,0.8711963470319635,0.9500639269406392,0.7548262548262549,0.8933075933075934,0.7623076923076924,0.9035897435897436,0.8146118721461187,0.9360730593607306
nb_shared_v2_climatology,3,0.3587748110294342,0.05103527239344278,0.038136986301369864,0.8513972602739726,0.9365114155251142,0.6945945945945946,0.8401544401544402,0.6941025641025641,0.8392307692307692,0.7881278538812785,0.9360730593607306
nb_shared_v2_climatology,4,0.4087211787700653,0.054111405126256285,0.038136986301369864,0.8399269406392694,0.9254063926940639,0.65006435006435,0.7952380952380952,0.6405128205128205,0.7871794871794872,0.7589041095890411,0.9141552511415525
nb_shared_v2_climatology,6,0.5063530206680298,0.059985433133072676,0.038136986301369864,0.8219543378995434,0.9117442922374429,0.5822393822393822,0.7411840411840411,0.5592307692307692,0.7025641025641025,0.7168949771689498,0.8995433789954338
nb_shared_v2_climatology,8,0.5981647372245789,0.06563566952294199,0.038136986301369864,0.8034703196347032,0.9006027397260274,0.527027027027027,0.6976833976833977,0.48512820512820515,0.6425641025641026,0.6958904109589041,0.9050228310502283
nb_shared_v2_climatology,10,0.6869692206382751,0.07003778357248869,0.038136986301369864,0.7961643835616439,0.8970593607305936,0.5054054054054054,0.6831402831402832,0.4707692307692308,0.6323076923076923,0.6876712328767123,0.897716894977169
nb_shared_v2_climatology,12,0.7853483557701111,0.07423675654716816,0.038136986301369864,0.8042009132420092,0.9001278538812786,0.5064350064350064,0.6926640926640927,0.4715384615384615,0.6376923076923077,0.6940639269406392,0.9141552511415525
nb_shared_v2_noclimate,1,0.29696136713027954,0.048924981440683406,0.038136986301369864,0.889351598173516,0.9613881278538813,0.819047619047619,0.9328185328185328,0.8061538461538461,0.9384615384615385,0.8538812785388128,0.9333333333333333
nb_shared_v2_noclimate,2,0.3570411503314972,0.05222277447977424,0.038136986301369864,0.8759817351598174,0.9535342465753425,0.7592020592020592,0.8983268983268984,0.7282051282051282,0.8812820512820513,0.828310502283105,0.9406392694063926
nb_shared_v2_noclimate,3,0.4129939079284668,0.05522449745144987,0.038136986301369864,0.857351598173516,0.9399086757990868,0.6947232947232947,0.8456885456885457,0.651025641025641,0.81,0.7954337899543379,0.9305936073059361
nb_shared_v2_noclimate,4,0.47258248925209045,0.05866269576523364,0.038136986301369864,0.844054794520548,0.9286575342465754,0.642084942084942,0.8036036036036036,0.5887179487179487,0.7476923076923077,0.7680365296803653,0.908675799086758
nb_shared_v2_noclimate,6,0.5852342247962952,0.06612964445879325,0.038136986301369864,0.824,0.9132785388127854,0.5724581724581724,0.7431145431145432,0.5035897435897436,0.6546153846153846,0.7223744292237443,0.8958904109589041
nb_shared_v2_noclimate,8,0.6970688700675964,0.07318854388436369,0.038136986301369864,0.8120182648401827,0.9040365296803653,0.5323037323037323,0.7070785070785071,0.451025641025641,0.6046153846153847,0.7187214611872146,0.897716894977169
nb_shared_v2_noclimate,10,0.8034182786941528,0.07877676172833539,0.038136986301369864,0.8042739726027397,0.9010045662100457,0.5068211068211068,0.6920205920205921,0.42923076923076925,0.5923076923076923,0.7150684931506849,0.897716894977169
nb_shared_v2_noclimate,12,0.9099113941192627,0.08385564325285463,0.038136986301369864,0.8098264840182648,0.9039634703196348,0.5136422136422136,0.6989703989703989,0.4369230769230769,0.6007692307692307,0.7187214611872146,0.9095890410958904
nb_shared_v2_shuffled,1,0.28361308574676514,0.04757500809103337,0.038136986301369864,0.8904840182648401,0.9613881278538813,0.8226512226512227,0.9312741312741313,0.8341025641025641,0.9451282051282052,0.8547945205479452,0.9360730593607306
nb_shared_v2_shuffled,2,0.3422153890132904,0.05141879059238486,0.038136986301369864,0.8728767123287671,0.9521095890410959,0.7508365508365509,0.8935649935649935,0.7438461538461538,0.8897435897435897,0.8264840182648402,0.9305936073059361
nb_shared_v2_shuffled,3,0.39383333921432495,0.054322460363235,0.038136986301369864,0.8530776255707763,0.9381187214611872,0.6866151866151866,0.8423423423423423,0.6671794871794872,0.8261538461538461,0.7981735159817351,0.9269406392694064
nb_shared_v2_shuffled,4,0.45334985852241516,0.05825042068486525,0.038136986301369864,0.8396712328767123,0.9263561643835616,0.6346203346203346,0.794980694980695,0.607948717948718,0.7625641025641026,0.765296803652968,0.902283105022831
nb_shared_v2_shuffled,6,0.5668518543243408,0.06539714865891035,0.038136986301369864,0.8193607305936073,0.9109406392694064,0.5633204633204634,0.7325611325611325,0.5215384615384615,0.6697435897435897,0.7150684931506849,0.8922374429223744
nb_shared_v2_shuffled,8,0.6772052645683289,0.07237883141826347,0.038136986301369864,0.8067945205479452,0.9006392694063927,0.5163449163449163,0.6912483912483912,0.46102564102564103,0.611025641025641,0.7159817351598173,0.8931506849315068
nb_shared_v2_shuffled,10,0.7848380208015442,0.0781831784916758,0.038136986301369864,0.8026301369863014,0.8976803652968036,0.4924066924066924,0.6768339768339768,0.43538461538461537,0.5984615384615385,0.7178082191780822,0.8931506849315068
nb_shared_v2_shuffled,12,0.8910087943077087,0.08323963055480706,0.038136986301369864,0.8108858447488585,0.902392694063927,0.5036036036036036,0.6894465894465894,0.4541025641025641,0.6194871794871795,0.7050228310502283,0.9059360730593607
nb_shared_v2_wxlag1,1,0.262039452791214,0.048790172742880965,0.038136986301369864,0.8900456621004567,0.9611689497716895,0.8321750321750322,0.9404118404118404,0.8438461538461538,0.9546153846153846,0.85662100456621,0.9324200913242009
nb_shared_v2_wxlag1,2,0.3111569583415985,0.05186927511138558,0.038136986301369864,0.8757260273972602,0.9535707762557077,0.7787644787644787,0.909009009009009,0.7817948717948718,0.9176923076923077,0.8210045662100457,0.9205479452054794
nb_shared_v2_wxlag1,3,0.3520583212375641,0.054050332036839115,0.038136986301369864,0.8564018264840183,0.9397990867579908,0.7157014157014157,0.8606177606177606,0.7051282051282052,0.8594871794871795,0.7799086757990867,0.9214611872146119
nb_shared_v2_wxlag1,4,0.39556699991226196,0.05659564179952476,0.038136986301369864,0.8452602739726027,0.9311415525114155,0.6763191763191764,0.8297297297297297,0.6617948717948718,0.8192307692307692,0.7515981735159817,0.9068493150684932
nb_shared_v2_wxlag1,6,0.48024502396583557,0.061852082628125846,0.038136986301369864,0.8224292237442923,0.9189041095890411,0.6070785070785071,0.7808236808236808,0.58,0.7469230769230769,0.6885844748858447,0.891324200913242
nb_shared_v2_wxlag1,8,0.5606352090835571,0.06700050509593689,0.038136986301369864,0.8089497716894977,0.9082374429223744,0.5652509652509653,0.7410553410553411,0.5430769230769231,0.7002564102564103,0.6712328767123288,0.8904109589041096
nb_shared_v2_wxlag1,10,0.6401076912879944,0.07133410738297338,0.038136986301369864,0.8023013698630137,0.9060821917808219,0.5478764478764478,0.7254826254826254,0.5353846153846153,0.6871794871794872,0.6831050228310502,0.8922374429223744
nb_shared_v2_wxlag1,12,0.7282373309135437,0.07521538517172709,0.038136986301369864,0.8052237442922374,0.9089680365296804,0.5464607464607465,0.7337194337194337,0.5356410256410257,0.7007692307692308,0.680365296803653,0.9050228310502283
nb_shared_v3,1,0.25410133600234985,0.04615353626275017,0.038136986301369864,0.8888401826484018,0.960986301369863,0.8302445302445303,0.9364221364221365,0.8469230769230769,0.9538461538461539,0.852054794520548,0.9333333333333333
nb_shared_v3,2,0.2960107624530792,0.04818106877309767,0.038136986301369864,0.869662100456621,0.9530228310502283,0.7698841698841699,0.9077220077220077,0.7830769230769231,0.9194871794871795,0.8164383561643835,0.9351598173515981
nb_shared_v3,3,0.33584561944007874,0.050199011104693,0.038136986301369864,0.8477808219178082,0.9388127853881278,0.7027027027027027,0.8588159588159588,0.7069230769230769,0.861025641025641,0.7853881278538812,0.9296803652968036
nb_shared_v3,4,0.3744998872280121,0.0527913218226686,0.038136986301369864,0.8362009132420092,0.9298264840182648,0.6592020592020592,0.825997425997426,0.6548717948717949,0.8194871794871795,0.7643835616438356,0.9041095890410958
nb_shared_v3,6,0.4538794457912445,0.057277501392274846,0.038136986301369864,0.8144657534246575,0.9136803652968036,0.5922779922779923,0.7664092664092664,0.5746153846153846,0.735897435897436,0.7123287671232876,0.8931506849315068
nb_shared_v3,8,0.5316323041915894,0.0624604135719784,0.038136986301369864,0.7968219178082192,0.9047671232876713,0.5445302445302446,0.7306306306306306,0.5294871794871795,0.6907692307692308,0.6867579908675799,0.8767123287671232
nb_shared_v3,10,0.6105759739875793,0.06727691800969506,0.038136986301369864,0.7908310502283105,0.8978264840182648,0.5308880308880309,0.7086229086229087,0.5112820512820513,0.6656410256410257,0.7004566210045662,0.8785388127853881
nb_shared_v3,12,0.694312334060669,0.07138178080096981,0.038136986301369864,0.7931689497716895,0.9030502283105023,0.5308880308880309,0.7216216216216216,0.5256410256410257,0.6848717948717948,0.6977168949771689,0.897716894977169
nb_shared_v4,1,0.26169487833976746,0.04624422820798545,0.038136986301369864,0.8924931506849315,0.9628493150684931,0.8329472329472329,0.9418275418275418,0.8474358974358974,0.9548717948717949,0.8575342465753425,0.9424657534246575
nb_shared_v4,2,0.3060730993747711,0.048270691062116344,0.038136986301369864,0.8743744292237443,0.9528401826484019,0.7751608751608752,0.9077220077220077,0.7730769230769231,0.9112820512820513,0.8328767123287671,0.9406392694063926
nb_shared_v4,3,0.3459380269050598,0.050115345370882206,0.038136986301369864,0.8561826484018265,0.9397260273972603,0.7136422136422137,0.8595881595881596,0.7087179487179487,0.8512820512820513,0.8136986301369863,0.9415525114155251
nb_shared_v4,4,0.38837185502052307,0.052528406236553596,0.038136986301369864,0.8435433789954337,0.9305936073059361,0.67001287001287,0.8276705276705276,0.6556410256410257,0.8079487179487179,0.7890410958904109,0.9232876712328767
nb_shared_v4,6,0.4667145311832428,0.05689196809719504,0.038136986301369864,0.8209680365296803,0.9167123287671233,0.6002574002574003,0.7718146718146718,0.5723076923076923,0.7297435897435898,0.7388127853881279,0.9068493150684932
nb_shared_v4,8,0.5432571172714233,0.06169233376435409,0.038136986301369864,0.8040182648401827,0.9071780821917809,0.5586872586872587,0.7378378378378379,0.5287179487179487,0.693076923076923,0.7068493150684931,0.9077625570776255
nb_shared_v4,10,0.6247527003288269,0.06615617967040435,0.038136986301369864,0.7941187214611872,0.903634703196347,0.5347490347490348,0.7225225225225225,0.5230769230769231,0.6792307692307692,0.6894977168949772,0.8995433789954338
nb_shared_v4,12,0.7113816738128662,0.069997764993127,0.038136986301369864,0.7958721461187215,0.9051689497716895,0.5362934362934363,0.7277992277992278,0.5353846153846153,0.7,0.691324200913242,0.9013698630136986
nb_shared_v4_t26,1,0.26675698161125183,0.04755532662481951,0.038136986301369864,0.8930776255707763,0.9637990867579909,0.8347490347490347,0.9425997425997426,0.8497435897435898,0.9564102564102565,0.863013698630137,0.9351598173515981
nb_shared_v4_t26,2,0.3116703927516937,0.04974189372776907,0.038136986301369864,0.8754703196347032,0.9554337899543379,0.7791505791505792,0.9142857142857143,0.7823076923076923,0.9228205128205128,0.8337899543378996,0.9397260273972603
nb_shared_v4_t26,3,0.3516473174095154,0.051777219349367354,0.038136986301369864,0.8591780821917808,0.9451689497716895,0.7202059202059202,0.8756756756756757,0.7174358974358974,0.872051282051282,0.8210045662100457,0.9397260273972603
nb_shared_v4_t26,4,0.39142948389053345,0.05436661871105186,0.038136986301369864,0.8477077625570776,0.9349041095890411,0.6823680823680823,0.8397683397683398,0.6666666666666666,0.8225641025641026,0.7936073059360731,0.9296803652968036
nb_shared_v4_t26,6,0.47334206104278564,0.059122083011140567,0.038136986301369864,0.8264840182648402,0.9214977168949772,0.6131274131274131,0.7854568854568854,0.5797435897435897,0.7428205128205129,0.754337899543379,0.902283105022831
nb_shared_v4_t26,8,0.5481732487678528,0.06399512603204753,0.038136986301369864,0.8098630136986301,0.9120730593607306,0.5678249678249678,0.7521235521235521,0.5307692307692308,0.7020512820512821,0.7141552511415525,0.8986301369863013
nb_shared_v4_t26,10,0.6245534420013428,0.06849738350038664,0.038136986301369864,0.8018630136986301,0.9065936073059361,0.5518661518661518,0.7311454311454312,0.522051282051282,0.6792307692307692,0.7105022831050228,0.8958904109589041
nb_shared_v4_t26,12,0.7038741111755371,0.0723280795699119,0.038136986301369864,0.8017534246575343,0.9072876712328767,0.5464607464607465,0.735006435006435,0.5274358974358975,0.6905128205128205,0.7187214611872146,0.9004566210045662
nb_shared_v4_t27,1,0.2660403549671173,0.04781250840099486,0.038136986301369864,0.8910319634703197,0.9625205479452055,0.8296010296010295,0.9395109395109396,0.8471794871794872,0.9528205128205128,0.8529680365296803,0.9378995433789954
nb_shared_v4_t27,2,0.31145668029785156,0.04992400445787879,0.038136986301369864,0.8744109589041096,0.9540456621004566,0.7743886743886744,0.9102960102960103,0.7769230769230769,0.9130769230769231,0.8347031963470319,0.94337899543379
nb_shared_v4_t27,3,0.35160401463508606,0.052121799833836635,0.038136986301369864,0.8565844748858448,0.9415890410958904,0.7148005148005148,0.8639639639639639,0.7133333333333334,0.8548717948717949,0.8182648401826484,0.9424657534246575
nb_shared_v4_t27,4,0.3947371542453766,0.054734534233947627,0.038136986301369864,0.8466849315068493,0.9327488584474886,0.6756756756756757,0.832046332046332,0.6646153846153846,0.8112820512820513,0.7945205479452054,0.9260273972602739
nb_shared_v4_t27,6,0.4777695834636688,0.05942639515070654,0.038136986301369864,0.8250958904109589,0.919634703196347,0.6041184041184041,0.779021879021879,0.5748717948717949,0.7351282051282051,0.7388127853881279,0.9068493150684932
nb_shared_v4_t27,8,0.555806040763855,0.06422781040205905,0.038136986301369864,0.8051872146118721,0.9085662100456621,0.5536679536679536,0.7392535392535392,0.5241025641025641,0.6948717948717948,0.7013698630136986,0.9004566210045662
nb_shared_v4_t27,10,0.6377190351486206,0.06882836738627347,0.038136986301369864,0.7989406392694064,0.9045114155251142,0.5361647361647361,0.724967824967825,0.5171794871794871,0.6774358974358974,0.6995433789954338,0.8968036529680365
nb_shared_v4_t27,12,0.7222808003425598,0.07258192102892885,0.038136986301369864,0.8001826484018265,0.9071050228310502,0.5346203346203346,0.731016731016731,0.5248717948717949,0.6912820512820513,0.7114155251141553,0.9123287671232877
nb_shared_v4_t29,1,0.2642505168914795,0.047165985555258826,0.038136986301369864,0.892675799086758,0.9626666666666667,0.8351351351351352,0.9406692406692406,0.847948717948718,0.9543589743589743,0.85662100456621,0.936986301369863
nb_shared_v4_t29,2,0.3085213005542755,0.049245319805128474,0.038136986301369864,0.8743744292237443,0.9537899543378996,0.7754182754182755,0.9108108108108108,0.7787179487179487,0.9151282051282051,0.8347031963470319,0.9406392694063926
nb_shared_v4_t29,3,0.34757354855537415,0.05103136683391427,0.038136986301369864,0.8569497716894977,0.9400182648401827,0.7158301158301158,0.861003861003861,0.7187179487179487,0.8561538461538462,0.8082191780821918,0.9360730593607306
nb_shared_v4_t29,4,0.39069217443466187,0.053625164178853074,0.038136986301369864,0.8438721461187214,0.9306666666666666,0.6756756756756757,0.8276705276705276,0.6748717948717948,0.8117948717948718,0.7954337899543379,0.919634703196347
nb_shared_v4_t29,6,0.47011688351631165,0.05811104334531494,0.038136986301369864,0.821662100456621,0.9167488584474885,0.6086229086229086,0.7728442728442728,0.5951282051282051,0.7394871794871795,0.7534246575342466,0.897716894977169
nb_shared_v4_t29,8,0.5464674234390259,0.06301222062570515,0.038136986301369864,0.804931506849315,0.9085662100456621,0.5678249678249678,0.7414414414414414,0.5535897435897436,0.7056410256410256,0.7223744292237443,0.8958904109589041
nb_shared_v4_t29,10,0.6274619698524475,0.0674412672352896,0.038136986301369864,0.7979908675799087,0.905095890410959,0.5454311454311455,0.7276705276705276,0.5435897435897435,0.6884615384615385,0.7114155251141553,0.8968036529680365
nb_shared_v4_t29,12,0.7090036273002625,0.07112001722261473,0.038136986301369864,0.7995981735159817,0.906703196347032,0.5416988416988417,0.7334620334620334,0.5446153846153846,0.7012820512820512,0.708675799086758,0.9041095890410958
nb_shared_v4_t30,1,0.2632594704627991,0.04703997476421002,0.038136986301369864,0.8929680365296804,0.9628493150684931,0.8378378378378378,0.9406692406692406,0.8548717948717949,0.9548717948717949,0.8575342465753425,0.9360730593607306
nb_shared_v4_t30,2,0.3077223300933838,0.04907250001389305,0.038136986301369864,0.8751415525114156,0.9541552511415525,0.779021879021879,0.9115830115830116,0.7782051282051282,0.9135897435897435,0.8356164383561644,0.9470319634703196
nb_shared_v4_t30,3,0.34680187702178955,0.05079405598048274,0.038136986301369864,0.8572785388127854,0.9416255707762557,0.7203346203346204,0.8656370656370657,0.7197435897435898,0.8571794871794872,0.8127853881278538,0.9406392694063926
nb_shared_v4_t30,4,0.3900965750217438,0.05319117562132151,0.038136986301369864,0.8455525114155251,0.9320913242009132,0.6804375804375804,0.8311454311454312,0.671025641025641,0.8097435897435897,0.7963470319634703,0.9232876712328767
nb_shared_v4_t30,6,0.4702272117137909,0.05737096046123159,0.038136986301369864,0.8242557077625571,0.919269406392694,0.6122265122265123,0.7792792792792793,0.5853846153846154,0.7351282051282051,0.7488584474885844,0.9068493150684932
nb_shared_v4_t30,8,0.5494075417518616,0.06213291533004637,0.038136986301369864,0.8074885844748858,0.9101735159817351,0.5694980694980695,0.744916344916345,0.5430769230769231,0.6982051282051283,0.7232876712328767,0.9041095890410958
nb_shared_v4_t30,10,0.6303732395172119,0.06650262437090822,0.038136986301369864,0.7996712328767124,0.9080913242009132,0.5478764478764478,0.7351351351351352,0.5307692307692308,0.6864102564102564,0.7123287671232876,0.9013698630136986
nb_shared_v4_t30,12,0.7116698026657104,0.07028067331422982,0.038136986301369864,0.8005844748858447,0.9082374429223744,0.5442728442728443,0.7346203346203346,0.536923076923077,0.6953846153846154,0.7132420091324201,0.9068493150684932
nb_shared_v4_tsel,1,0.2643200159072876,0.04733627565259612,0.038136986301369864,0.8926027397260274,0.9634337899543379,0.8366795366795367,0.9437580437580437,0.8497435897435898,0.9564102564102565,0.8648401826484018,0.9324200913242009
nb_shared_v4_tsel,2,0.30703017115592957,0.049354835401184405,0.038136986301369864,0.8743744292237443,0.9554337899543379,0.7786357786357786,0.9155727155727156,0.7823076923076923,0.9228205128205128,0.8347031963470319,0.9378995433789954
nb_shared_v4_tsel,3,0.34573954343795776,0.051294171926575115,0.038136986301369864,0.8578264840182649,0.9431232876712329,0.716988416988417,0.8722007722007722,0.7174358974358974,0.872051282051282,0.8136986301369863,0.9378995433789954
nb_shared_v4_tsel,4,0.3834018111228943,0.053883555698743195,0.038136986301369864,0.8439817351598173,0.9327853881278538,0.6738738738738739,0.8361647361647362,0.6666666666666666,0.8225641025641026,0.7963470319634703,0.9242009132420091
nb_shared_v4_tsel,6,0.46233469247817993,0.058519429676760486,0.038136986301369864,0.8203835616438356,0.9171141552511416,0.6005148005148006,0.7745173745173746,0.5797435897435897,0.7428205128205129,0.7525114155251141,0.8949771689497716
nb_shared_v4_tsel,8,0.5380126237869263,0.06350044880057157,0.038136986301369864,0.8028493150684931,0.9073242009132421,0.5537966537966538,0.737966537966538,0.5307692307692308,0.7020512820512821,0.7242009132420091,0.8894977168949771
nb_shared_v4_tsel,10,0.6136252880096436,0.06813891538525124,0.038136986301369864,0.7970776255707762,0.9021735159817351,0.5391248391248391,0.7185328185328186,0.522051282051282,0.6792307692307692,0.7123287671232876,0.8931506849315068
nb_shared_v4_tsel,12,0.6930977702140808,0.07195637361963168,0.038136986301369864,0.7967488584474886,0.904255707762557,0.5352638352638353,0.7253539253539254,0.5274358974358975,0.6905128205128205,0.7187214611872146,0.8986301369863013
