method,horizon,onsets,detected,detected_at_far,onset_auc,realised_far,detection_rate,detection_at_far
adaptive_v2,1,218,4,54,0.6055600948571772,0.19241196229186652,0.01834862385321101,0.24770642201834864
adaptive_v2,2,218,8,56,0.6033393431733209,0.1571757316781274,0.03669724770642202,0.25688073394495414
adaptive_v2,3,218,6,47,0.5841942696484594,0.15965676444478288,0.027522935779816515,0.21559633027522937
adaptive_v2,4,218,10,47,0.5808294976540507,0.15645665362252972,0.045871559633027525,0.21559633027522937
adaptive_v2,6,218,28,47,0.5807461625873326,0.14738688260534513,0.12844036697247707,0.21559633027522937
adaptive_v2,8,218,23,41,0.5506739756924658,0.14383661522058672,0.10550458715596331,0.18807339449541285
adaptive_v2,10,218,29,47,0.5587594247192454,0.16544429078611386,0.13302752293577982,0.21559633027522937
adaptive_v2,12,218,22,49,0.5316372195168072,0.15871647298701416,0.10091743119266056,0.22477064220183487
chronos2,1,218,1,58,0.6128791885335803,0.19964758788876646,0.0045871559633027525,0.26605504587155965
chronos2,2,218,4,47,0.5965531339135215,0.19639683124367724,0.01834862385321101,0.21559633027522937
chronos2,3,218,3,44,0.57673328639302,0.19129893901317557,0.013761467889908258,0.2018348623853211
chronos2,4,218,6,45,0.5724539573403276,0.18015031528511236,0.027522935779816515,0.20642201834862386
chronos2,6,218,14,46,0.5663955943049624,0.17882302182824752,0.06422018348623854,0.21100917431192662
chronos2,8,218,10,37,0.5447975205895966,0.17992015506985992,0.045871559633027525,0.16972477064220184
chronos2,10,218,14,37,0.5363670894428936,0.1860325173742312,0.06422018348623854,0.16972477064220184
chronos2,12,218,14,41,0.532185499151882,0.18664952908571847,0.06422018348623854,0.18807339449541285
chronos2_climate,1,218,3,61,0.6192374238948094,0.20132193655755584,0.013761467889908258,0.2798165137614679
chronos2_climate,2,218,4,47,0.6059279072656581,0.19620756968341577,0.01834862385321101,0.21559633027522937
chronos2_climate,3,218,2,46,0.5972739911929137,0.19093443257189427,0.009174311926605505,0.21100917431192662
chronos2_climate,4,218,8,49,0.597012830737072,0.18130997065881668,0.03669724770642202,0.22477064220183487
chronos2_climate,6,218,9,42,0.5930067290913581,0.17706422522194679,0.04128440366972477,0.1926605504587156
chronos2_climate,8,218,9,37,0.5727450839239968,0.1801925947577258,0.04128440366972477,0.16972477064220184
chronos2_climate,10,218,13,44,0.5639943644655211,0.17762798986567155,0.05963302752293578,0.2018348623853211
chronos2_climate,12,218,13,47,0.5539522916195373,0.18452377154051497,0.05963302752293578,0.21559633027522937
chronos2_ft,1,218,2,54,0.6169740971129188,0.18860623121766432,0.009174311926605505,0.24770642201834864
chronos2_ft,2,218,3,50,0.596885301730686,0.18094063480968262,0.013761467889908258,0.22935779816513763
chronos2_ft,3,218,2,41,0.5833988938867828,0.1750670253114133,0.009174311926605505,0.18807339449541285
chronos2_ft,4,218,4,41,0.587934120648999,0.16362572718219434,0.01834862385321101,0.18807339449541285
chronos2_ft,6,218,11,42,0.5901508319070844,0.14448536702484743,0.05045871559633028,0.1926605504587156
chronos2_ft,8,218,13,36,0.5741135670451223,0.15121607242275872,0.05963302752293578,0.1651376146788991
chronos2_ft,10,218,11,32,0.5755084429797249,0.14200904412011803,0.05045871559633028,0.14678899082568808
chronos2_ft,12,218,10,32,0.5649337420446684,0.1446067086463478,0.045871559633027525,0.14678899082568808
chronos2_joint,1,218,6,57,0.6178685176096242,0.20944004682974202,0.027522935779816515,0.26146788990825687
chronos2_joint,2,218,7,53,0.6002800817777187,0.2089013594644051,0.03211009174311927,0.24311926605504589
chronos2_joint,3,218,4,45,0.5796543392961487,0.20860576872157882,0.01834862385321101,0.20642201834862386
chronos2_joint,4,218,4,43,0.5829777386441979,0.1979208785691633,0.01834862385321101,0.19724770642201836
chronos2_joint,6,218,13,47,0.5796327687143065,0.19033066392956197,0.05963302752293578,0.21559633027522937
chronos2_joint,8,218,11,35,0.5505353952375955,0.1945397001794174,0.05045871559633028,0.16055045871559634
chronos2_joint,10,218,14,37,0.5348945725110592,0.19495592943008372,0.06422018348623854,0.16972477064220184
chronos2_joint,12,218,16,38,0.5354043656753945,0.20496558611561827,0.07339449541284404,0.1743119266055046
chronos2_joint_ft,1,218,5,57,0.6251312202664993,0.21009672767306825,0.022935779816513763,0.26146788990825687
chronos2_joint_ft,2,218,6,54,0.608576382698016,0.2077747368544978,0.027522935779816515,0.24770642201834864
chronos2_joint_ft,3,218,6,48,0.5973551703863029,0.1989931627174628,0.027522935779816515,0.22018348623853212
chronos2_joint_ft,4,218,8,46,0.6017507626984985,0.19239788079628453,0.03669724770642202,0.21100917431192662
chronos2_joint_ft,6,218,19,47,0.5945528207282942,0.17471885518112068,0.0871559633027523,0.21559633027522937
chronos2_joint_ft,8,218,12,35,0.5735957610110916,0.16726378796544455,0.05504587155963303,0.16055045871559634
chronos2_joint_ft,10,218,22,36,0.5596422927733016,0.16274282532632536,0.10091743119266056,0.1651376146788991
chronos2_joint_ft,12,218,21,39,0.5577220317042811,0.16798267277380938,0.0963302752293578,0.17889908256880735
chronos_bolt,1,218,2,57,0.5916016939131463,0.1999954270386701,0.009174311926605505,0.26146788990825687
chronos_bolt,2,218,3,47,0.5684156744696037,0.1933017488476511,0.013761467889908258,0.21559633027522937
chronos_bolt,3,218,1,43,0.5460966243943943,0.18807649681043717,0.0045871559633027525,0.19724770642201836
chronos_bolt,4,218,3,42,0.5445720731469192,0.18987023185111665,0.013761467889908258,0.1926605504587156
chronos_bolt,6,218,5,45,0.5367418813690984,0.19262976089771347,0.022935779816513763,0.20642201834862386
chronos_bolt,8,218,6,40,0.5170214754149954,0.19934418121990646,0.027522935779816515,0.1834862385321101
chronos_bolt,10,218,7,42,0.517311478234152,0.19234186438698173,0.03211009174311927,0.1926605504587156
chronos_bolt,12,218,6,45,0.524300716298357,0.1929974049430955,0.027522935779816515,0.20642201834862386
climatology,1,218,11,35,0.6057648053362662,0.09214239401160496,0.05045871559633028,0.16055045871559634
climatology,2,218,11,35,0.6057648053362662,0.09214239401160496,0.05045871559633028,0.16055045871559634
climatology,3,218,11,35,0.6057648053362662,0.09214239401160496,0.05045871559633028,0.16055045871559634
climatology,4,218,11,35,0.6057648053362662,0.09214239401160496,0.05045871559633028,0.16055045871559634
climatology,6,218,11,35,0.6057648053362662,0.09214239401160496,0.05045871559633028,0.16055045871559634
climatology,8,218,11,35,0.6057648053362662,0.09214239401160496,0.05045871559633028,0.16055045871559634
climatology,10,218,11,35,0.6057648053362662,0.09214239401160496,0.05045871559633028,0.16055045871559634
climatology,12,218,11,35,0.6057648053362662,0.09214239401160496,0.05045871559633028,0.16055045871559634
ens_equal,1,218,1,57,0.6136848789418579,0.20976097038575567,0.0045871559633027525,0.26146788990825687
ens_equal,2,218,4,51,0.6065160621392293,0.20410813209924347,0.01834862385321101,0.23394495412844038
ens_equal,3,218,1,50,0.5875292891500826,0.20827587011855542,0.0045871559633027525,0.22935779816513763
ens_equal,4,218,3,48,0.5915643861086081,0.2001224703119729,0.013761467889908258,0.22018348623853212
ens_equal,6,218,12,53,0.58291792633039,0.18979532618028147,0.05504587155963303,0.24311926605504589
ens_equal,8,218,9,45,0.5661686045715033,0.2056780230669521,0.04128440366972477,0.20642201834862386
ens_equal,10,218,7,49,0.5588508840325422,0.19865077547332852,0.03211009174311927,0.22477064220183487
ens_equal,12,218,7,54,0.5453608952324002,0.2018826338947128,0.03211009174311927,0.24770642201834864
ens_stacked,1,218,1,60,0.6157925549661863,0.1401609161737302,0.0045871559633027525,0.27522935779816515
ens_stacked,2,218,2,51,0.6064582053038539,0.14000590199337,0.009174311926605505,0.23394495412844038
ens_stacked,3,218,1,44,0.5827858709658622,0.13929983337126453,0.0045871559633027525,0.2018348623853211
ens_stacked,4,218,3,44,0.5859491776014778,0.14778181437618934,0.013761467889908258,0.2018348623853211
ens_stacked,6,218,11,54,0.5782900288497821,0.15083792327236772,0.05045871559633028,0.24770642201834864
ens_stacked,8,218,15,46,0.5741381091141734,0.15160003087810656,0.06880733944954129,0.21100917431192662
ens_stacked,10,218,9,53,0.561784145428751,0.16549227309403583,0.04128440366972477,0.24311926605504589
ens_stacked,12,218,11,57,0.5563542165250521,0.14915702801641648,0.05045871559633028,0.26146788990825687
ens_top3,1,218,3,57,0.6143779674029022,0.13062323196906372,0.013761467889908258,0.26146788990825687
ens_top3,2,218,5,47,0.6178739344510074,0.13977888251269216,0.022935779816513763,0.21559633027522937
ens_top3,3,218,3,46,0.594194963783993,0.13724299848183533,0.013761467889908258,0.21100917431192662
ens_top3,4,218,9,47,0.5895756046007977,0.14082560097436705,0.04128440366972477,0.21559633027522937
ens_top3,6,218,16,45,0.5763041833584021,0.13302686904286593,0.07339449541284404,0.20642201834862386
ens_top3,8,218,16,36,0.552618942816605,0.14523274281938686,0.07339449541284404,0.1651376146788991
ens_top3,10,218,15,37,0.5351739785743622,0.1544016523900637,0.06880733944954129,0.16972477064220184
ens_top3,12,218,9,50,0.5352533764066408,0.1598491735088205,0.04128440366972477,0.22935779816513763
gcn_v2,1,218,7,50,0.6030624527733284,0.1744208784092322,0.03211009174311927,0.22935779816513763
gcn_v2,2,218,10,51,0.6049472975225575,0.16888572851565323,0.045871559633027525,0.23394495412844038
gcn_v2,3,218,9,44,0.5783165816093472,0.1749672536115814,0.04128440366972477,0.2018348623853211
gcn_v2,4,218,12,41,0.5853334544023415,0.1542899989328491,0.05504587155963303,0.18807339449541285
gcn_v2,6,218,31,49,0.5774576595457948,0.16557237032709002,0.14220183486238533,0.22477064220183487
gcn_v2,8,218,26,38,0.5540247079991757,0.16030559143717163,0.11926605504587157,0.1743119266055046
gcn_v2,10,218,22,42,0.5731656928908784,0.1578922261478317,0.10091743119266056,0.1926605504587156
gcn_v2,12,218,19,41,0.5480837810601645,0.15182269817077915,0.0871559633027523,0.18807339449541285
gru_v1,1,218,1,54,0.6133244399256149,0.19968952712065513,0.0045871559633027525,0.24770642201834864
gru_v1,2,218,2,49,0.6142938021156926,0.19335935216239317,0.009174311926605505,0.22477064220183487
gru_v1,3,218,5,48,0.5973120584530378,0.19841904223821577,0.022935779816513763,0.22018348623853212
gru_v1,4,218,8,52,0.6006644658734576,0.19214786202380146,0.03669724770642202,0.23853211009174313
gru_v1,6,218,23,52,0.5853205705619727,0.20042574790545853,0.10550458715596331,0.23853211009174313
gru_v1,8,218,20,52,0.5678447016479814,0.2158521893053024,0.09174311926605505,0.23853211009174313
gru_v1,10,218,18,50,0.5610409425713814,0.21136083586622265,0.08256880733944955,0.22935779816513763
gru_v1,12,218,19,53,0.557071790984058,0.2014885917521763,0.0871559633027523,0.24311926605504589
gru_v2,1,218,4,58,0.6132618091361779,0.21365082226290694,0.01834862385321101,0.26605504587155965
gru_v2,2,218,1,56,0.6206701786728593,0.21774161495489805,0.0045871559633027525,0.25688073394495414
gru_v2,3,218,2,52,0.6022392573871036,0.2180730574040041,0.009174311926605505,0.23853211009174313
gru_v2,4,218,7,58,0.6121505817805032,0.21307256413760708,0.03211009174311927,0.26605504587155965
gru_v2,6,218,19,55,0.5962800819858547,0.21228321007906675,0.0871559633027523,0.25229357798165136
gru_v2,8,218,14,50,0.5918873719185894,0.2105104782177561,0.06422018348623854,0.22935779816513763
gru_v2,10,218,18,51,0.5783809696463127,0.20177840058416838,0.08256880733944955,0.23394495412844038
gru_v2,12,218,19,54,0.5593932758956126,0.2120044928754992,0.0871559633027523,0.24770642201834864
gru_v2_climatology,1,218,1,58,0.6098574226708705,0.21601155850445625,0.0045871559633027525,0.26605504587155965
gru_v2_climatology,2,218,3,54,0.6138416125478124,0.19730559109310272,0.013761467889908258,0.24770642201834864
gru_v2_climatology,3,218,2,44,0.5885678950410488,0.2002536759873242,0.009174311926605505,0.2018348623853211
gru_v2_climatology,4,218,7,48,0.584306071989883,0.19695980379938047,0.03211009174311927,0.22018348623853212
gru_v2_climatology,6,218,13,51,0.581801526379385,0.20220289672155276,0.05963302752293578,0.23394495412844038
gru_v2_climatology,8,218,15,45,0.547122652894252,0.19314373853771002,0.06880733944954129,0.20642201834862386
gru_v2_climatology,10,218,15,47,0.5430059548985139,0.2070937869182195,0.06880733944954129,0.21559633027522937
gru_v2_climatology,12,218,18,53,0.5337069587979179,0.20982241770459903,0.08256880733944955,0.24311926605504589
gru_v2_lw,1,218,3,58,0.6078593707736148,0.21660098065153516,0.013761467889908258,0.26605504587155965
gru_v2_lw,2,218,1,51,0.6129530193668759,0.214122819676569,0.0045871559633027525,0.23394495412844038
gru_v2_lw,3,218,5,53,0.592706860483485,0.22321100768102178,0.022935779816513763,0.24311926605504589
gru_v2_lw,4,218,11,53,0.606848372196027,0.21250872329004572,0.05045871559633028,0.24311926605504589
gru_v2_lw,6,218,23,57,0.5984717677565722,0.21016133633457787,0.10550458715596331,0.26146788990825687
gru_v2_lw,8,218,17,44,0.5813052148282919,0.20918101089491442,0.0779816513761468,0.2018348623853211
gru_v2_lw,10,218,17,56,0.5801875108734746,0.20230331192898365,0.0779816513761468,0.25688073394495414
gru_v2_lw,12,218,15,49,0.54420823922018,0.19298467515035403,0.06880733944954129,0.22477064220183487
gru_v2_nb,1,218,2,61,0.6259860185593701,0.2130885362152624,0.009174311926605505,0.2798165137614679
gru_v2_nb,2,218,11,57,0.6194727407635472,0.22661533807629458,0.05045871559633028,0.26146788990825687
gru_v2_nb,3,218,16,49,0.6017395418010674,0.22483845683747675,0.07339449541284404,0.22477064220183487
gru_v2_nb,4,218,26,60,0.6099649179749844,0.22047250669147664,0.11926605504587157,0.27522935779816515
gru_v2_nb,6,218,31,59,0.5951879232860723,0.2178683584689817,0.14220183486238533,0.2706422018348624
gru_v2_nb,8,218,23,52,0.5767581467581736,0.22112289091912665,0.10550458715596331,0.23853211009174313
gru_v2_nb,10,218,25,55,0.5764129780298847,0.22645793667748643,0.11467889908256881,0.25229357798165136
gru_v2_nb,12,218,28,60,0.5451026300797059,0.25209376233207265,0.12844036697247707,0.27522935779816515
gru_v2_nb_mean,1,218,12,57,0.6365790736611778,0.21169537201411678,0.05504587155963303,0.26146788990825687
gru_v2_nb_mean,2,218,29,50,0.6355383517610397,0.21087809106216374,0.13302752293577982,0.22935779816513763
gru_v2_nb_mean,3,218,36,49,0.6138265683612962,0.21492867070537786,0.1651376146788991,0.22477064220183487
gru_v2_nb_mean,4,218,46,55,0.6248338088223849,0.2110463464563582,0.21100917431192662,0.25229357798165136
gru_v2_nb_mean,6,218,60,61,0.6135112698862958,0.21424743245992967,0.27522935779816515,0.2798165137614679
gru_v2_nb_mean,8,218,58,51,0.6003985729151838,0.22311494149150654,0.26605504587155965,0.23394495412844038
gru_v2_nb_mean,10,218,64,61,0.5930903539142175,0.2433150007004186,0.29357798165137616,0.2798165137614679
gru_v2_nb_mean,12,218,75,70,0.5632116296028118,0.27518411973059437,0.3440366972477064,0.3211009174311927
gru_v2_noclimate,1,218,1,56,0.6085092506769183,0.21822228171777783,0.0045871559633027525,0.25688073394495414
gru_v2_noclimate,2,218,3,51,0.6065718862185159,0.20519048573585486,0.013761467889908258,0.23394495412844038
gru_v2_noclimate,3,218,4,46,0.5863135655484139,0.20738410351535136,0.01834862385321101,0.21100917431192662
gru_v2_noclimate,4,218,6,48,0.5831954940466508,0.2023710154937694,0.027522935779816515,0.22018348623853212
gru_v2_noclimate,6,218,13,55,0.5764492565625504,0.2000562748018602,0.05963302752293578,0.25229357798165136
gru_v2_noclimate,8,218,12,50,0.5472223528625669,0.20075724957715788,0.05504587155963303,0.22935779816513763
gru_v2_noclimate,10,218,10,47,0.5398611412500534,0.20821302101558042,0.045871559633027525,0.21559633027522937
gru_v2_noclimate,12,218,16,51,0.52332748891911,0.21805230345058427,0.07339449541284404,0.23394495412844038
gru_v2_quantile,1,218,3,57,0.6112906376196794,0.22255564197046693,0.013761467889908258,0.26146788990825687
gru_v2_quantile,2,218,6,51,0.6129325136531988,0.2218922166074991,0.027522935779816515,0.23394495412844038
gru_v2_quantile,3,218,7,51,0.5912173043617404,0.22432701939728109,0.03211009174311927,0.23394495412844038
gru_v2_quantile,4,218,12,49,0.6009128602452638,0.21133212482325953,0.05504587155963303,0.22477064220183487
gru_v2_quantile,6,218,27,63,0.5913843553191923,0.22378400797996587,0.12385321100917432,0.2889908256880734
gru_v2_quantile,8,218,17,57,0.5869741466660466,0.2034637482751155,0.0779816513761468,0.26146788990825687
gru_v2_quantile,10,218,23,57,0.5801632136632989,0.2068422981452607,0.10550458715596331,0.26146788990825687
gru_v2_quantile,12,218,19,57,0.5729473897448185,0.19164478301827553,0.0871559633027523,0.26146788990825687
gru_v2_quantile_lw,1,218,4,59,0.6103065475632626,0.22476115901503133,0.01834862385321101,0.2706422018348624
gru_v2_quantile_lw,2,218,9,54,0.6118030838307899,0.22986070875445455,0.04128440366972477,0.24770642201834864
gru_v2_quantile_lw,3,218,9,51,0.5898665095496425,0.21965026153471068,0.04128440366972477,0.23394495412844038
gru_v2_quantile_lw,4,218,21,50,0.610631250619139,0.20069786533664377,0.0963302752293578,0.22935779816513763
gru_v2_quantile_lw,6,218,28,53,0.5884984986233527,0.2228277840659109,0.12844036697247707,0.24311926605504589
gru_v2_quantile_lw,8,218,23,58,0.5799184057592058,0.2176944904664664,0.10550458715596331,0.26605504587155965
gru_v2_quantile_lw,10,218,20,59,0.5779057523133109,0.21373553781165905,0.09174311926605505,0.2706422018348624
gru_v2_quantile_lw,12,218,17,47,0.554683367551943,0.18998082258247453,0.0779816513761468,0.21559633027522937
gru_v2_shuffled,1,218,1,50,0.5985017207058407,0.21202363438346442,0.0045871559633027525,0.22935779816513763
gru_v2_shuffled,2,218,3,52,0.5977534412166884,0.21125540954944647,0.013761467889908258,0.23853211009174313
gru_v2_shuffled,3,218,1,44,0.5772598060911285,0.20401951995661263,0.0045871559633027525,0.2018348623853211
gru_v2_shuffled,4,218,3,44,0.575222288254802,0.20234748476478984,0.013761467889908258,0.2018348623853211
gru_v2_shuffled,6,218,13,53,0.5722037026249724,0.20012372204012838,0.05963302752293578,0.24311926605504589
gru_v2_shuffled,8,218,11,45,0.5367784078210819,0.20512208615799477,0.05045871559633028,0.20642201834862386
gru_v2_shuffled,10,218,12,56,0.5329115941757918,0.2255417999157494,0.05504587155963303,0.25688073394495414
gru_v2_shuffled,12,218,11,54,0.5153859194456792,0.23041355474598038,0.05045871559633028,0.24770642201834864
lgbm_v2,1,218,2,63,0.61756425185079,0.20446033759620072,0.009174311926605505,0.2889908256880734
lgbm_v2,2,218,5,48,0.5977046324217127,0.18363442728307286,0.022935779816513763,0.22018348623853212
lgbm_v2,3,218,3,43,0.5771417341802534,0.18849818294336185,0.013761467889908258,0.19724770642201836
lgbm_v2,4,218,4,45,0.5816972253057522,0.1857127293748126,0.01834862385321101,0.20642201834862386
lgbm_v2,6,218,13,53,0.5815982651828676,0.18566222746220087,0.05963302752293578,0.24311926605504589
lgbm_v2,8,218,13,48,0.548102584309886,0.1984782679907673,0.05963302752293578,0.22018348623853212
lgbm_v2,10,218,7,53,0.5463507534017774,0.20014970770896803,0.03211009174311927,0.24311926605504589
lgbm_v2,12,218,8,52,0.5440685742228392,0.20076713976210805,0.03669724770642202,0.23853211009174313
lgbm_v2_climatology,1,218,1,61,0.6103718407985561,0.19821465837695668,0.0045871559633027525,0.2798165137614679
lgbm_v2_climatology,2,218,5,51,0.5887180611977063,0.18388595248278203,0.022935779816513763,0.23394495412844038
lgbm_v2_climatology,3,218,5,47,0.5791823422353789,0.18716187515328353,0.022935779816513763,0.21559633027522937
lgbm_v2_climatology,4,218,4,46,0.5809609222643063,0.1866394641303099,0.01834862385321101,0.21100917431192662
lgbm_v2_climatology,6,218,13,51,0.5649574194102965,0.18451202188349555,0.05963302752293578,0.23394495412844038
lgbm_v2_climatology,8,218,15,52,0.5440575842456044,0.19539393589551285,0.06880733944954129,0.23853211009174313
lgbm_v2_climatology,10,218,9,47,0.525047713651787,0.1849855352188348,0.04128440366972477,0.21559633027522937
lgbm_v2_climatology,12,218,12,60,0.5286217013949884,0.20412750945717126,0.05504587155963303,0.27522935779816515
lgbm_v2_noclimate,1,218,1,59,0.6109923953306263,0.1952109439284498,0.0045871559633027525,0.2706422018348624
lgbm_v2_noclimate,2,218,3,49,0.5829471784893416,0.18935068402472993,0.013761467889908258,0.22477064220183487
lgbm_v2_noclimate,3,218,6,48,0.5714858761519214,0.19018612215786485,0.027522935779816515,0.22018348623853212
lgbm_v2_noclimate,4,218,3,45,0.576610612638329,0.1836620189065399,0.013761467889908258,0.20642201834862386
lgbm_v2_noclimate,6,218,14,54,0.5621591197044273,0.1862003272930884,0.06422018348623854,0.24770642201834864
lgbm_v2_noclimate,8,218,14,51,0.5384680035542491,0.20058409428931312,0.06422018348623854,0.23394495412844038
lgbm_v2_noclimate,10,218,8,47,0.5285781318063492,0.19053790366069587,0.03669724770642202,0.21559633027522937
lgbm_v2_noclimate,12,218,13,57,0.5268530978219753,0.19997426013896588,0.05963302752293578,0.26146788990825687
mix_nb_chronos,1,218,4,65,0.6228938773910639,0.21447526186541954,0.01834862385321101,0.2981651376146789
mix_nb_chronos,2,218,6,57,0.6138398477897624,0.21229261819097972,0.027522935779816515,0.26146788990825687
mix_nb_chronos,3,218,6,52,0.5938206223857139,0.21430383519091317,0.027522935779816515,0.23853211009174313
mix_nb_chronos,4,218,5,50,0.5971780712390737,0.198635039871248,0.022935779816513763,0.22935779816513763
mix_nb_chronos,6,218,17,51,0.5942075399997299,0.1988688837341022,0.0779816513761468,0.23394495412844038
mix_nb_chronos,8,218,13,46,0.5681361889219598,0.20516446769794894,0.05963302752293578,0.21100917431192662
mix_nb_chronos,10,218,13,47,0.5554184254500439,0.2088797803241798,0.05963302752293578,0.21559633027522937
mix_nb_chronos,12,218,12,45,0.5454483062507373,0.215897890304908,0.05504587155963303,0.20642201834862386
nb_shared_v2,1,218,6,69,0.6298439261267141,0.21330168086851378,0.027522935779816515,0.3165137614678899
nb_shared_v2,2,218,11,58,0.6250361871821771,0.21236709298035725,0.05045871559633028,0.26605504587155965
nb_shared_v2,3,218,9,58,0.6004111505804899,0.20292204549991594,0.04128440366972477,0.26605504587155965
nb_shared_v2,4,218,17,59,0.6064948795069618,0.19434300717443367,0.0779816513761468,0.2706422018348624
nb_shared_v2,6,218,30,60,0.594720517254344,0.20470443589505918,0.13761467889908258,0.27522935779816515
nb_shared_v2,8,218,30,56,0.5738703334631747,0.20704508764843116,0.13761467889908258,0.25688073394495414
nb_shared_v2,10,218,23,45,0.5648039040016017,0.2076117408932004,0.10550458715596331,0.20642201834862386
nb_shared_v2,12,218,14,44,0.5412613621431145,0.2097773826347855,0.06422018348623854,0.2018348623853211
nb_shared_v2_climatology,1,218,12,63,0.6256512687087198,0.21617171363285073,0.05504587155963303,0.2889908256880734
nb_shared_v2_climatology,2,218,8,56,0.6120422088626573,0.21814628335978165,0.03669724770642202,0.25688073394495414
nb_shared_v2_climatology,3,218,10,53,0.5945336065244774,0.2160626510822477,0.045871559633027525,0.24311926605504589
nb_shared_v2_climatology,4,218,14,51,0.5880235125218857,0.21185467717744638,0.06422018348623854,0.23394495412844038
nb_shared_v2_climatology,6,218,33,51,0.5771684850769029,0.20868849077386778,0.15137614678899083,0.23394495412844038
nb_shared_v2_climatology,8,218,25,43,0.5480014968194811,0.20508554045598792,0.11467889908256881,0.19724770642201836
nb_shared_v2_climatology,10,218,20,38,0.5314547145037601,0.20842952977234067,0.09174311926605505,0.1743119266055046
nb_shared_v2_climatology,12,218,20,39,0.5123501407698611,0.20546207288552806,0.09174311926605505,0.17889908256880735
nb_shared_v2_climatology_mean,1,218,29,59,0.6356327376900387,0.21128665895793924,0.13302752293577982,0.2706422018348624
nb_shared_v2_climatology_mean,2,218,30,53,0.6251556324509805,0.21060364940901088,0.13761467889908258,0.24311926605504589
nb_shared_v2_climatology_mean,3,218,33,46,0.6030355505253123,0.20831378795957334,0.15137614678899083,0.21100917431192662
nb_shared_v2_climatology_mean,4,218,42,49,0.5958574714341117,0.1988353011551199,0.1926605504587156,0.22477064220183487
nb_shared_v2_climatology_mean,6,218,54,47,0.5889700983955283,0.19968985515234763,0.24770642201834864,0.21559633027522937
nb_shared_v2_climatology_mean,8,218,58,44,0.56468953773502,0.1989443340217591,0.26605504587155965,0.2018348623853211
nb_shared_v2_climatology_mean,10,218,54,42,0.5510847195569767,0.20734519336815374,0.24770642201834864,0.1926605504587156
nb_shared_v2_climatology_mean,12,218,48,47,0.535745103292616,0.20725262116418944,0.22018348623853212,0.21559633027522937
nb_shared_v2_mean,1,218,33,65,0.6387621996803857,0.20849645556922905,0.15137614678899083,0.2981651376146789
nb_shared_v2_mean,2,218,33,59,0.6400659692716328,0.2013601835324801,0.15137614678899083,0.2706422018348624
nb_shared_v2_mean,3,218,33,56,0.611644214786559,0.19981750137874546,0.15137614678899083,0.25688073394495414
nb_shared_v2_mean,4,218,44,57,0.6176719141221974,0.19161155528942767,0.2018348623853211,0.26146788990825687
nb_shared_v2_mean,6,218,50,60,0.6105831665796945,0.20425442801118726,0.22935779816513763,0.27522935779816515
nb_shared_v2_mean,8,218,61,52,0.5981325353255621,0.1992836835181038,0.2798165137614679,0.23853211009174313
nb_shared_v2_mean,10,218,62,47,0.5873435555843404,0.2088872557348242,0.28440366972477066,0.21559633027522937
nb_shared_v2_mean,12,218,60,44,0.5658634242116923,0.20671032523814356,0.27522935779816515,0.2018348623853211
nb_shared_v2_noclimate,1,218,8,66,0.622526523663634,0.2046044662756916,0.03669724770642202,0.30275229357798167
nb_shared_v2_noclimate,2,218,7,57,0.6091009436984692,0.20620128073399482,0.03211009174311927,0.26146788990825687
nb_shared_v2_noclimate,3,218,8,51,0.589337527469964,0.1967157816275659,0.03669724770642202,0.23394495412844038
nb_shared_v2_noclimate,4,218,10,50,0.583482358631845,0.18638533575271565,0.045871559633027525,0.22935779816513763
nb_shared_v2_noclimate,6,218,23,51,0.5774392039051438,0.18645913861862956,0.10550458715596331,0.23394495412844038
nb_shared_v2_noclimate,8,218,28,43,0.5590189544052441,0.19210228984930475,0.12844036697247707,0.19724770642201836
nb_shared_v2_noclimate,10,218,18,44,0.5458881380414521,0.2006757624654444,0.08256880733944955,0.2018348623853211
nb_shared_v2_noclimate,12,218,17,39,0.5135149651664294,0.20510570282290147,0.0779816513761468,0.17889908256880735
nb_shared_v2_noclimate_mean,1,218,28,63,0.6338063249114638,0.20229542495389335,0.12844036697247707,0.2889908256880734
nb_shared_v2_noclimate_mean,2,218,30,54,0.6221541723848334,0.2020578585797044,0.13761467889908258,0.24770642201834864
nb_shared_v2_noclimate_mean,3,218,28,47,0.6011461127540932,0.19827449425587051,0.12844036697247707,0.21559633027522937
nb_shared_v2_noclimate_mean,4,218,41,49,0.592837149966054,0.18694219518375904,0.18807339449541285,0.22477064220183487
nb_shared_v2_noclimate_mean,6,218,58,51,0.5894101549231845,0.1923663932288934,0.26605504587155965,0.23394495412844038
nb_shared_v2_noclimate_mean,8,218,53,48,0.5694470276080662,0.20325533154058115,0.24311926605504589,0.22018348623853212
nb_shared_v2_noclimate_mean,10,218,58,48,0.553926994086017,0.21276950690250923,0.26605504587155965,0.22018348623853212
nb_shared_v2_noclimate_mean,12,218,55,46,0.524250027836205,0.21803577610683372,0.25229357798165136,0.21100917431192662
nb_shared_v2_shuffled,1,218,7,67,0.6198003255990191,0.20444725151658139,0.03211009174311927,0.3073394495412844
nb_shared_v2_shuffled,2,218,7,58,0.6068641641961878,0.20779755698914543,0.03211009174311927,0.26605504587155965
nb_shared_v2_shuffled,3,218,8,51,0.5830025581154102,0.20169248932336498,0.03669724770642202,0.23394495412844038
nb_shared_v2_shuffled,4,218,10,50,0.5790529412698662,0.1912603785837465,0.045871559633027525,0.22935779816513763
nb_shared_v2_shuffled,6,218,25,51,0.5738871778442665,0.19556823712281557,0.11467889908256881,0.23394495412844038
nb_shared_v2_shuffled,8,218,22,44,0.5534920117310153,0.19500382506028022,0.10091743119266056,0.2018348623853211
nb_shared_v2_shuffled,10,218,20,33,0.5369646090931405,0.19781291998905196,0.09174311926605505,0.15137614678899083
nb_shared_v2_shuffled,12,218,16,36,0.5029828627592057,0.19809260563920117,0.07339449541284404,0.1651376146788991
nb_shared_v2_shuffled_mean,1,218,21,62,0.6284699539420452,0.20284437556207782,0.0963302752293578,0.28440366972477066
nb_shared_v2_shuffled_mean,2,218,25,51,0.6182074903207948,0.20187332998983637,0.11467889908256881,0.23394495412844038
nb_shared_v2_shuffled_mean,3,218,26,50,0.5919573490732343,0.20178469098469695,0.11926605504587157,0.22935779816513763
nb_shared_v2_shuffled_mean,4,218,38,49,0.5885747661035564,0.18749513428840742,0.1743119266055046,0.22477064220183487
nb_shared_v2_shuffled_mean,6,218,56,48,0.5826793386422209,0.19085043788909523,0.25688073394495414,0.22018348623853212
nb_shared_v2_shuffled_mean,8,218,57,47,0.5606341034368998,0.19438616553628055,0.26146788990825687,0.21559633027522937
nb_shared_v2_shuffled_mean,10,218,55,41,0.5523876369862666,0.19884135221642735,0.25229357798165136,0.18807339449541285
nb_shared_v2_shuffled_mean,12,218,51,40,0.5209990054576055,0.20027574274306764,0.23394495412844038,0.1834862385321101
nb_shared_v2_wxlag1,1,218,11,66,0.631688093376963,0.20963456097507396,0.05045871559633028,0.30275229357798167
nb_shared_v2_wxlag1,2,218,11,61,0.6208318906333872,0.21023804722963574,0.05045871559633028,0.2798165137614679
nb_shared_v2_wxlag1,3,218,11,55,0.5989543803569862,0.20486366757742572,0.05045871559633028,0.25229357798165136
nb_shared_v2_wxlag1,4,218,18,56,0.6059436247804515,0.19069653703268527,0.08256880733944955,0.25688073394495414
nb_shared_v2_wxlag1,6,218,30,61,0.5977524507570509,0.20334972015618782,0.13761467889908258,0.2798165137614679
nb_shared_v2_wxlag1,8,218,26,51,0.5675261376200871,0.20770528067148275,0.11926605504587157,0.23394495412844038
nb_shared_v2_wxlag1,10,218,20,45,0.558842707348485,0.21080379088504023,0.09174311926605505,0.20642201834862386
nb_shared_v2_wxlag1,12,218,14,46,0.5438626629332947,0.21489302031683583,0.06422018348623854,0.21100917431192662
nb_shared_v2_wxlag1_mean,1,218,35,66,0.6405852502094661,0.20521626610965032,0.16055045871559634,0.30275229357798167
nb_shared_v2_wxlag1_mean,2,218,28,57,0.6338349180000364,0.1999998905080078,0.12844036697247707,0.26146788990825687
nb_shared_v2_wxlag1_mean,3,218,35,52,0.6118190696575182,0.19462543613354708,0.16055045871559634,0.23853211009174313
nb_shared_v2_wxlag1_mean,4,218,49,56,0.6169476495670628,0.1918769789871862,0.22477064220183487,0.25688073394495414
nb_shared_v2_wxlag1_mean,6,218,55,56,0.6155951563882163,0.19926101407931776,0.25229357798165136,0.25688073394495414
nb_shared_v2_wxlag1_mean,8,218,57,53,0.5882610914984033,0.20794875097656823,0.26146788990825687,0.24311926605504589
nb_shared_v2_wxlag1_mean,10,218,54,52,0.5847087619962305,0.2061175578572184,0.24770642201834864,0.23853211009174313
nb_shared_v2_wxlag1_mean,12,218,51,44,0.566727013770534,0.2016314104049349,0.23394495412844038,0.2018348623853211
nb_shared_v3,1,218,16,62,0.6277052360367091,0.20315294027972217,0.07339449541284404,0.28440366972477066
nb_shared_v3,2,218,15,60,0.6345481482375426,0.2128093956826305,0.06880733944954129,0.27522935779816515
nb_shared_v3,3,218,18,56,0.6092214350055875,0.21496234540254483,0.08256880733944955,0.25688073394495414
nb_shared_v3,4,218,23,57,0.6100525787787578,0.20687904458031056,0.10550458715596331,0.26146788990825687
nb_shared_v3,6,218,35,59,0.6046029955812715,0.20093506779335585,0.16055045871559634,0.2706422018348624
nb_shared_v3,8,218,31,53,0.5911019638050389,0.20556390568049146,0.14220183486238533,0.24311926605504589
nb_shared_v3,10,218,31,49,0.5819021747939327,0.20095628013658848,0.14220183486238533,0.22477064220183487
nb_shared_v3,12,218,24,49,0.5488177782655306,0.2040447299900965,0.11009174311926606,0.22477064220183487
nb_shared_v3_mean,1,218,37,63,0.6403844680634051,0.21282489264241014,0.16972477064220184,0.2889908256880734
nb_shared_v3_mean,2,218,31,60,0.6474924225359197,0.2153494576254065,0.14220183486238533,0.27522935779816515
nb_shared_v3_mean,3,218,38,55,0.617755783814965,0.20541055975519498,0.1743119266055046,0.25229357798165136
nb_shared_v3_mean,4,218,48,54,0.6167620070110028,0.1963836731273532,0.22018348623853212,0.24770642201834864
nb_shared_v3_mean,6,218,59,56,0.6212553446953061,0.19244330617203012,0.2706422018348624,0.25688073394495414
nb_shared_v3_mean,8,218,58,47,0.6169317767350252,0.1939722189951458,0.26605504587155965,0.21559633027522937
nb_shared_v3_mean,10,218,59,50,0.6067542086148935,0.19360397836092477,0.2706422018348624,0.22935779816513763
nb_shared_v3_mean,12,218,56,47,0.5730528320075335,0.1946544177012069,0.25688073394495414,0.21559633027522937
nb_shared_v4,1,218,13,66,0.6243937606045655,0.202768511319726,0.05963302752293578,0.30275229357798167
nb_shared_v4,2,218,14,63,0.6301638737410481,0.21198548500157513,0.06422018348623854,0.2889908256880734
nb_shared_v4,3,218,12,54,0.6075427800245209,0.2061758062257956,0.05504587155963303,0.24770642201834864
nb_shared_v4,4,218,22,57,0.609621831990075,0.19226663381446046,0.10091743119266056,0.26146788990825687
nb_shared_v4,6,218,38,62,0.6047863887035242,0.19125180910066475,0.1743119266055046,0.28440366972477066
nb_shared_v4,8,218,29,54,0.5892777200538318,0.1894301168497168,0.13302752293577982,0.24770642201834864
nb_shared_v4,10,218,22,52,0.5789878666506902,0.1903633871048648,0.10091743119266056,0.23853211009174313
nb_shared_v4,12,218,18,42,0.5430682846923215,0.1971835060222438,0.08256880733944955,0.1926605504587156
nb_shared_v4_mean,1,218,36,64,0.635033676817207,0.20639397629659764,0.1651376146788991,0.29357798165137616
nb_shared_v4_mean,2,218,38,62,0.6432503093711832,0.20446027740342548,0.1743119266055046,0.28440366972477066
nb_shared_v4_mean,3,218,36,54,0.6174824076577485,0.20137930937631263,0.1651376146788991,0.24770642201834864
nb_shared_v4_mean,4,218,50,60,0.6172173442879573,0.19647330915268088,0.22935779816513763,0.27522935779816515
nb_shared_v4_mean,6,218,62,60,0.6183820735690144,0.18843982793045339,0.28440366972477066,0.27522935779816515
nb_shared_v4_mean,8,218,66,49,0.6137490337154964,0.1867435424912726,0.30275229357798167,0.22477064220183487
nb_shared_v4_mean,10,218,60,43,0.5974768814668628,0.1909474793514738,0.27522935779816515,0.19724770642201836
nb_shared_v4_mean,12,218,58,41,0.5650625312167386,0.1913755030587793,0.26605504587155965,0.18807339449541285
nb_shared_v4_t26,1,218,12,67,0.6292950676463024,0.19800090583240984,0.05504587155963303,0.3073394495412844
nb_shared_v4_t26,2,218,12,65,0.6349031618550808,0.20635786967400763,0.05504587155963303,0.2981651376146789
nb_shared_v4_t26,3,218,11,55,0.6111772591466345,0.2049383171951386,0.05045871559633028,0.25229357798165136
nb_shared_v4_t26,4,218,20,59,0.6127641081568757,0.19331805251320985,0.09174311926605505,0.2706422018348624
nb_shared_v4_t26,6,218,35,62,0.6037351631075243,0.19800449516722243,0.16055045871559634,0.28440366972477066
nb_shared_v4_t26,8,218,27,53,0.5874823785740998,0.19007026538483843,0.12385321100917432,0.24311926605504589
nb_shared_v4_t26,10,218,25,52,0.5823047325828694,0.1915760559147753,0.11467889908256881,0.23853211009174313
nb_shared_v4_t26,12,218,20,49,0.5558547789712401,0.19852203708953178,0.09174311926605505,0.22477064220183487
nb_shared_v4_t26_mean,1,218,35,65,0.6379700690882689,0.20869887066544518,0.16055045871559634,0.2981651376146789
nb_shared_v4_t26_mean,2,218,38,63,0.648390333088933,0.20762225830924796,0.1743119266055046,0.2889908256880734
nb_shared_v4_t26_mean,3,218,35,57,0.6203179148944279,0.19982986301625977,0.16055045871559634,0.26146788990825687
nb_shared_v4_t26_mean,4,218,52,60,0.6213559414492806,0.1911780486030876,0.23853211009174313,0.27522935779816515
nb_shared_v4_t26_mean,6,218,56,61,0.6215068520778801,0.18329265380207652,0.25688073394495414,0.2798165137614679
nb_shared_v4_t26_mean,8,218,63,52,0.6123114132232821,0.1818859418149005,0.2889908256880734,0.23853211009174313
nb_shared_v4_t26_mean,10,218,65,50,0.6043759373954816,0.18348887212552403,0.2981651376146789,0.22935779816513763
nb_shared_v4_t26_mean,12,218,58,48,0.580399233283929,0.18349583970493916,0.26605504587155965,0.22018348623853212
nb_shared_v4_t27,1,218,14,67,0.6232603707268389,0.1989706816754496,0.06422018348623854,0.3073394495412844
nb_shared_v4_t27,2,218,14,64,0.6333574800437862,0.20609033072174213,0.06422018348623854,0.29357798165137616
nb_shared_v4_t27,3,218,10,55,0.6045944104427041,0.20293495801974618,0.045871559633027525,0.25229357798165136
nb_shared_v4_t27,4,218,22,58,0.609288866630936,0.19463663809613033,0.10091743119266056,0.26605504587155965
nb_shared_v4_t27,6,218,34,61,0.5954269677851709,0.18970103540555552,0.1559633027522936,0.2798165137614679
nb_shared_v4_t27,8,218,26,58,0.5858128099683124,0.1889671814572105,0.11926605504587157,0.26605504587155965
nb_shared_v4_t27,10,218,21,51,0.5732587841375817,0.19485022613449152,0.0963302752293578,0.23394495412844038
nb_shared_v4_t27,12,218,17,46,0.5474869359699633,0.19978642775119285,0.0779816513761468,0.21100917431192662
nb_shared_v4_t27_mean,1,218,34,66,0.6334636216941755,0.20675283190373422,0.1559633027522936,0.30275229357798167
nb_shared_v4_t27_mean,2,218,37,66,0.6448710297735026,0.20513220378896563,0.16972477064220184,0.30275229357798167
nb_shared_v4_t27_mean,3,218,33,56,0.6147760247167303,0.19998786427654278,0.15137614678899083,0.25688073394495414
nb_shared_v4_t27_mean,4,218,47,61,0.6162002336768182,0.18783981942425856,0.21559633027522937,0.2798165137614679
nb_shared_v4_t27_mean,6,218,53,60,0.6110101872264277,0.18434626245092428,0.24311926605504589,0.27522935779816515
nb_shared_v4_t27_mean,8,218,59,56,0.6089875934510329,0.1831280877238378,0.2706422018348624,0.25688073394495414
nb_shared_v4_t27_mean,10,218,56,50,0.6016884356435083,0.180304568316253,0.25688073394495414,0.22935779816513763
nb_shared_v4_t27_mean,12,218,55,47,0.5734747986147244,0.18126840008518366,0.25229357798165136,0.21559633027522937
nb_shared_v4_t29,1,218,13,62,0.6232417477622613,0.20629970498955746,0.05963302752293578,0.28440366972477066
nb_shared_v4_t29,2,218,15,62,0.6323775038360729,0.2095734429853904,0.06880733944954129,0.28440366972477066
nb_shared_v4_t29,3,218,13,56,0.6062705390568807,0.20725848288053356,0.05963302752293578,0.25688073394495414
nb_shared_v4_t29,4,218,26,58,0.6114203922635958,0.20257297199573518,0.11926605504587157,0.26605504587155965
nb_shared_v4_t29,6,218,36,59,0.6060716876778832,0.19483231783948993,0.1651376146788991,0.2706422018348624
nb_shared_v4_t29,8,218,30,59,0.5950674923271851,0.19779586614772157,0.13761467889908258,0.2706422018348624
nb_shared_v4_t29,10,218,25,55,0.5800007847531109,0.20009083937757105,0.11467889908256881,0.25229357798165136
nb_shared_v4_t29,12,218,16,47,0.547811634376447,0.19912422170867017,0.07339449541284404,0.21559633027522937
nb_shared_v4_t29_mean,1,218,32,63,0.6365006919540235,0.2093595777698893,0.14678899082568808,0.2889908256880734
nb_shared_v4_t29_mean,2,218,36,63,0.6469314504915753,0.21132728015363192,0.1651376146788991,0.2889908256880734
nb_shared_v4_t29_mean,3,218,35,55,0.6160239619226668,0.20180776493986122,0.16055045871559634,0.25229357798165136
nb_shared_v4_t29_mean,4,218,48,60,0.618648387075523,0.19619673207405525,0.22018348623853212,0.27522935779816515
nb_shared_v4_t29_mean,6,218,57,59,0.622084255824654,0.1901771570669509,0.26146788990825687,0.2706422018348624
nb_shared_v4_t29_mean,8,218,61,54,0.619748372015621,0.1941693246784258,0.2798165137614679,0.24770642201834864
nb_shared_v4_t29_mean,10,218,58,50,0.6044174187167081,0.19041890603743641,0.26605504587155965,0.22935779816513763
nb_shared_v4_t29_mean,12,218,55,45,0.5719071917288341,0.19171323415366665,0.25229357798165136,0.20642201834862386
nb_shared_v4_t30,1,218,12,61,0.6228760899922589,0.2077310006229163,0.05504587155963303,0.2798165137614679
nb_shared_v4_t30,2,218,13,63,0.6308661522816029,0.2132423661308807,0.05963302752293578,0.2889908256880734
nb_shared_v4_t30,3,218,10,55,0.6046565927192958,0.2135931100860633,0.045871559633027525,0.25229357798165136
nb_shared_v4_t30,4,218,22,57,0.6112032770460749,0.20349541665090953,0.10091743119266056,0.26146788990825687
nb_shared_v4_t30,6,218,34,61,0.6001774972756505,0.19767331352496686,0.1559633027522936,0.2798165137614679
nb_shared_v4_t30,8,218,31,58,0.5871439922824297,0.2031042086113161,0.14220183486238533,0.26605504587155965
nb_shared_v4_t30,10,218,23,54,0.5755464333405452,0.20482635568971705,0.10550458715596331,0.24770642201834864
nb_shared_v4_t30,12,218,19,45,0.544604462065512,0.2017395542691439,0.0871559633027523,0.20642201834862386
nb_shared_v4_t30_mean,1,218,32,63,0.6351323247195466,0.20950420783707374,0.14678899082568808,0.2889908256880734
nb_shared_v4_t30_mean,2,218,36,62,0.6448570861815031,0.21106688075867625,0.1651376146788991,0.28440366972477066
nb_shared_v4_t30_mean,3,218,33,53,0.6138481972207251,0.20262725136764217,0.15137614678899083,0.24311926605504589
nb_shared_v4_t30_mean,4,218,51,59,0.6164954237775111,0.19312384748608372,0.23394495412844038,0.2706422018348624
nb_shared_v4_t30_mean,6,218,61,58,0.6164133671679716,0.1916451573560196,0.2798165137614679,0.26605504587155965
nb_shared_v4_t30_mean,8,218,65,55,0.6127017900479854,0.19725565484032917,0.2981651376146789,0.25229357798165136
nb_shared_v4_t30_mean,10,218,57,49,0.5984133145539551,0.19167182970675084,0.26146788990825687,0.22477064220183487
nb_shared_v4_t30_mean,12,218,56,48,0.5696221560644018,0.19487182153321886,0.25688073394495414,0.22018348623853212
nb_shared_v4_tsel,1,218,12,65,0.6286818922863897,0.19925786010223265,0.05504587155963303,0.2981651376146789
nb_shared_v4_tsel,2,218,14,62,0.6359278707986952,0.20588726749606107,0.06422018348623854,0.28440366972477066
nb_shared_v4_tsel,3,218,11,56,0.6091283400167586,0.20345947125135352,0.05045871559633028,0.25688073394495414
nb_shared_v4_tsel,4,218,20,56,0.6146311181718397,0.18958443374784176,0.09174311926605505,0.25688073394495414
nb_shared_v4_tsel,6,218,35,60,0.6058130178619542,0.1889596245086487,0.16055045871559634,0.27522935779816515
nb_shared_v4_tsel,8,218,24,54,0.5868035567853941,0.19127597114882408,0.11009174311926606,0.24770642201834864
nb_shared_v4_tsel,10,218,23,54,0.5823656265771143,0.20026187363980946,0.10550458715596331,0.24770642201834864
nb_shared_v4_tsel,12,218,17,45,0.5531781172318873,0.19698725525303076,0.0779816513761468,0.20642201834862386
persistence,1,218,0,52,0.6003882227463262,0.18457476893002164,0.0,0.23853211009174313
persistence,2,218,0,38,0.5732468989611034,0.1781841453111544,0.0,0.1743119266055046
persistence,3,218,0,32,0.5294476135370266,0.17871708534010908,0.0,0.14678899082568808
persistence,4,218,0,23,0.5158621821615893,0.17410841258667814,0.0,0.10550458715596331
persistence,6,218,22,33,0.5030757469796882,0.1697401702395739,0.10091743119266056,0.15137614678899083
persistence,8,218,22,29,0.46983438265667693,0.16731020215496922,0.10091743119266056,0.13302752293577982
persistence,10,218,21,22,0.4683429802673062,0.16697478967508622,0.0963302752293578,0.10091743119266056
persistence,12,218,17,29,0.4390026439036853,0.17178402093369,0.0779816513761468,0.13302752293577982
qavg_nb_chronos,1,218,5,65,0.624285641908496,0.21346824911721654,0.022935779816513763,0.2981651376146789
qavg_nb_chronos,2,218,6,57,0.6144017525085683,0.21341285145722386,0.027522935779816515,0.26146788990825687
qavg_nb_chronos,3,218,7,55,0.5947465224865975,0.21481143281790277,0.03211009174311927,0.25229357798165136
qavg_nb_chronos,4,218,5,52,0.6005501879762869,0.20080402727026875,0.022935779816513763,0.23853211009174313
qavg_nb_chronos,6,218,18,55,0.5925249062944139,0.20304263916294046,0.08256880733944955,0.25229357798165136
qavg_nb_chronos,8,218,13,48,0.5679402370276837,0.20346973528131554,0.05963302752293578,0.22018348623853212
qavg_nb_chronos,10,218,13,47,0.555743554936539,0.21284994669470997,0.05963302752293578,0.21559633027522937
qavg_nb_chronos,12,218,12,47,0.5428486722709339,0.21668075090305344,0.05504587155963303,0.21559633027522937
ridge_v2,1,218,0,54,0.6000409995938059,0.2164654587967448,0.0,0.24770642201834864
ridge_v2,2,218,2,53,0.5986632234949133,0.21072683837159106,0.009174311926605505,0.24311926605504589
ridge_v2,3,218,1,47,0.5788956625992292,0.21544114007454382,0.0045871559633027525,0.21559633027522937
ridge_v2,4,218,5,48,0.5901117322295983,0.2044278193927859,0.022935779816513763,0.22018348623853212
ridge_v2,6,218,3,53,0.5716822762546977,0.19474205803281205,0.013761467889908258,0.24311926605504589
ridge_v2,8,218,4,37,0.561760972230533,0.1932987819797974,0.01834862385321101,0.16972477064220184
ridge_v2,10,218,4,46,0.5531091001922139,0.2032560160054124,0.01834862385321101,0.21100917431192662
ridge_v2,12,218,2,50,0.5227234048218108,0.21907739646565974,0.009174311926605505,0.22935779816513763
seasonal_naive,1,218,49,64,0.5479611426516091,0.2288536355124123,0.22477064220183487,0.29357798165137616
seasonal_naive,2,218,49,64,0.5479611426516091,0.2288536355124123,0.22477064220183487,0.29357798165137616
seasonal_naive,3,218,49,64,0.5479611426516091,0.2288536355124123,0.22477064220183487,0.29357798165137616
seasonal_naive,4,218,49,64,0.5479611426516091,0.2288536355124123,0.22477064220183487,0.29357798165137616
seasonal_naive,6,218,49,64,0.5479611426516091,0.2288536355124123,0.22477064220183487,0.29357798165137616
seasonal_naive,8,218,49,64,0.5479611426516091,0.2288536355124123,0.22477064220183487,0.29357798165137616
seasonal_naive,10,218,49,64,0.5479611426516091,0.2288536355124123,0.22477064220183487,0.29357798165137616
seasonal_naive,12,218,49,64,0.5479611426516091,0.2288536355124123,0.22477064220183487,0.29357798165137616
seasonal_persistence,1,218,39,60,0.6130809926698284,0.1740811042910908,0.17889908256880735,0.27522935779816515
seasonal_persistence,2,218,36,55,0.5951470726069495,0.16695026952724645,0.1651376146788991,0.25229357798165136
seasonal_persistence,3,218,36,46,0.5661817861218106,0.16482030369340478,0.1651376146788991,0.21100917431192662
seasonal_persistence,4,218,39,43,0.5561796804371061,0.15782106913699873,0.17889908256880735,0.19724770642201836
seasonal_persistence,6,218,55,46,0.5910139064744728,0.16075374876412568,0.25229357798165136,0.21100917431192662
seasonal_persistence,8,218,43,34,0.5598868207791093,0.15178896306409745,0.19724770642201836,0.1559633027522936
seasonal_persistence,10,218,43,35,0.5582722503887539,0.15327194966482485,0.19724770642201836,0.16055045871559634
seasonal_persistence,12,218,54,36,0.5441058313876175,0.15877136835888564,0.24770642201834864,0.1651376146788991
