fold_id,horizon,gru_v2,lgbm_v2,chronos2
1,1,0.019293306703351432,0.831775421124125,0.14893127217252353
2,1,0.3941348174663852,0.3741215190965688,0.231743663437046
3,1,0.6252051021590158,0.16617740788710111,0.2086174899538831
4,1,0.13239778866521704,0.5699024228148518,0.2976997885199312
5,1,0.051716829090626845,0.8662995776083116,0.0819835933010616
6,1,0.33822423277069663,0.6548715108134219,0.006904256415881522
7,1,0.0,0.786166254941853,0.21383374505814706
8,1,0.5167929771992934,0.27511459105446345,0.20809243174624312
9,1,0.39734730514310274,0.48781723506734265,0.11483545978955462
10,1,0.3405829213128957,0.35591521436429285,0.30350186432281145
1,2,0.16975100671771218,0.7196349630121084,0.11061403027017953
2,2,0.48346660847064565,0.3314550257017157,0.18507836582763865
3,2,0.6944391380583781,0.0,0.3055608619416219
4,2,0.38799708099854885,0.41711722306538673,0.19488569593606458
5,2,0.0,0.9500284109360477,0.04997158906395229
6,2,0.40416078020287177,0.5387056926064211,0.05713352719070709
7,2,0.0,0.612879518928127,0.38712048107187297
8,2,0.5482586898956661,0.1479708150277272,0.30377049507660686
9,2,0.4722268806021423,0.3536752758213078,0.17409784357654975
10,2,0.45904869864193937,0.2037382752012166,0.3372130261568441
1,3,0.1387531548433394,0.8468498722647395,0.014396972891920958
2,3,0.6306753387181677,0.35200932899845616,0.017315332283376055
3,3,0.5908835122381075,0.0,0.40911648776189247
4,3,0.5496336595456957,0.33811308586013483,0.11225325459416952
5,3,0.0,0.8828213889315487,0.1171786110684512
6,3,0.38439227291449124,0.6156077270855087,0.0
7,3,0.13430654930537278,0.2736862346664518,0.5920072160281754
8,3,0.5592396026036269,0.0,0.44076039739637307
9,3,0.44205291631996957,0.2692205770917804,0.28872650658825005
10,3,0.3025801745312799,0.29909122178457304,0.39832860368414696
1,4,0.4812777058970679,0.5187222941029322,0.0
2,4,0.77282749409283,0.16337521913466857,0.0637972867725015
3,4,0.5254853658091997,0.0,0.47451463419080037
4,4,0.3804843026093339,0.5307608827604493,0.0887548146302167
5,4,0.0,0.9176749721609817,0.0823250278390183
6,4,0.2532828052323234,0.7467171947676766,0.0
7,4,0.0,0.46494708842096205,0.5350529115790379
8,4,0.43696394814719425,0.0,0.5630360518528057
9,4,0.5053027448896337,0.17194434465407663,0.3227529104562896
10,4,0.540497924958239,0.0,0.45950207504176094
1,6,0.2721496331284553,0.7071255203111781,0.020724846560366727
2,6,0.5603918758985489,0.11425310123742427,0.3253550228640269
3,6,0.4940316660647565,0.0,0.5059683339352435
4,6,0.550607274714912,0.38037311876500285,0.06901960652008522
5,6,0.38085604690886005,0.5372077668200971,0.08193618627104296
6,6,0.3028123466303038,0.6971876533696962,0.0
7,6,0.0641889097105274,0.33841748941541266,0.5973936008740599
8,6,0.18514508432078375,0.14861677149617442,0.666238144183042
9,6,0.5212246376452017,0.17551278894671216,0.30326257340808627
10,6,0.45514720315191765,0.0,0.5448527968480823
1,8,0.33344025555987195,0.6588986061356007,0.007661138304527273
2,8,0.5886239460476741,0.0,0.4113760539523259
3,8,0.47708387812706493,0.0,0.522916121872935
4,8,0.6031195918141695,0.28969591668725764,0.10718449149857286
5,8,0.3415094225453386,0.5904900381006963,0.06800053935396501
6,8,0.0,1.0,0.0
7,8,0.15033977144219207,0.37452183033399816,0.4751383982238097
8,8,0.28170878986103304,0.3242328774969006,0.3940583326420663
9,8,0.6919048110663832,0.0,0.3080951889336168
10,8,0.30539552942862846,0.011187723185475682,0.683416747385896
1,10,0.3313269744229089,0.6465574680118786,0.022115557565212385
2,10,0.36135303695987087,0.1893141696241015,0.44933279341602766
3,10,0.14195278515105053,0.0,0.8580472148489495
4,10,0.5051504313761407,0.24245138002925792,0.2523981885946014
5,10,0.19936364982082386,0.6445252312223125,0.1561111189568637
6,10,0.19229216905450605,0.807707830945494,0.0
7,10,0.07087898987900061,0.4582394700843814,0.47088154003661803
8,10,0.21335203743293948,0.4728452998694402,0.3138026626976203
9,10,0.5648679916775582,0.183401171170491,0.25173083715195066
10,10,0.20871412586021715,0.043268182742311916,0.748017691397471
1,12,0.13812297444742044,0.7864647162730357,0.07541230927954372
2,12,0.6478208940510329,0.0,0.35217910594896706
3,12,0.3607220962432767,0.0,0.6392779037567232
4,12,0.43361125618997565,0.22769836562430004,0.3386903781857244
5,12,0.03988911075123794,0.7678238002298748,0.19228708901888716
6,12,0.0,0.9554540514519175,0.04454594854808247
7,12,0.0,0.6262394193740934,0.3737605806259065
8,12,0.376881793794829,0.22324741024424227,0.3998707959609286
9,12,0.5012413925102204,0.27700436273756723,0.22175424475221228
10,12,0.2975439761890671,0.0,0.7024560238109329
