method,fold_id,val_nll,chosen
nb_shared_v4,0,3.009013115237068,False
nb_shared_v4,1,3.5636809094824344,False
nb_shared_v4,2,5.373688491069066,False
nb_shared_v4,3,3.9020981178242913,False
nb_shared_v4,4,4.293050443368024,False
nb_shared_v4,5,3.17116938017492,False
nb_shared_v4,6,3.0978154168856724,False
nb_shared_v4,7,3.9020680341694653,False
nb_shared_v4,8,4.392336170201326,False
nb_shared_v4,9,3.726773194280989,False
nb_shared_v4,10,3.6886665488847368,False
nb_shared_v4_t26,0,3.0100175168527166,False
nb_shared_v4_t26,1,3.560530171036704,True
nb_shared_v4_t26,2,5.366384527000617,True
nb_shared_v4_t26,3,3.922019159749227,False
nb_shared_v4_t26,4,4.2965897060381355,False
nb_shared_v4_t26,5,3.1800798001365136,False
nb_shared_v4_t26,6,3.098299369747189,False
nb_shared_v4_t26,7,3.8960597391768017,True
nb_shared_v4_t26,8,4.372764874314078,True
nb_shared_v4_t26,9,3.7339807613992164,False
nb_shared_v4_t26,10,3.6863967437273497,True
nb_shared_v4_t27,0,3.012163138160222,False
nb_shared_v4_t27,1,3.5613289443647806,False
nb_shared_v4_t27,2,5.368110991699868,False
nb_shared_v4_t27,3,3.906506855927825,False
nb_shared_v4_t27,4,4.289824730068968,True
nb_shared_v4_t27,5,3.1703306593365768,False
nb_shared_v4_t27,6,3.103355087158665,False
nb_shared_v4_t27,7,3.8990738464397805,False
nb_shared_v4_t27,8,4.374032800285224,False
nb_shared_v4_t27,9,3.7201650645197124,False
nb_shared_v4_t27,10,3.6956214460833716,False
nb_shared_v4_t29,0,3.004849938769206,False
nb_shared_v4_t29,1,3.5615535619696717,False
nb_shared_v4_t29,2,5.372763009940297,False
nb_shared_v4_t29,3,3.8977894172195917,True
nb_shared_v4_t29,4,4.299580553593278,False
nb_shared_v4_t29,5,3.1711498900411783,False
nb_shared_v4_t29,6,3.0967203619065047,True
nb_shared_v4_t29,7,3.905663286182692,False
nb_shared_v4_t29,8,4.376937159531685,False
nb_shared_v4_t29,9,3.7281047889652768,False
nb_shared_v4_t29,10,3.6956397107060064,False
nb_shared_v4_t30,0,3.002007774257486,True
nb_shared_v4_t30,1,3.56201393535064,False
nb_shared_v4_t30,2,5.372162484221031,False
nb_shared_v4_t30,3,3.9000442771527433,False
nb_shared_v4_t30,4,4.298792673158807,False
nb_shared_v4_t30,5,3.153365563176323,True
nb_shared_v4_t30,6,3.1001845580927454,False
nb_shared_v4_t30,7,3.9067784535258614,False
nb_shared_v4_t30,8,4.373614574758243,False
nb_shared_v4_t30,9,3.7188856726191135,True
nb_shared_v4_t30,10,3.6887081348462183,False
